finding_id,reviewer_slice,severity,lens,sheet,object,field,issue,lead_decision,lead_reason,cells_written
cv-001,cv,MATERIAL,PARITY,11,VIS-PROVIDER-OBSERVABILITY,what_it_shows_ar,"Arabic list of dimensions does not match English: it drops the list of unlicensed names and the ""shown as categories, not one score"" boundary, turns ""dated status decisions"" into ""negative decisions or events"", and adds «محجوبًا» (withheld), an evidence state the English does not carry and which implies information is being suppressed.",ACCEPTED,,VIS-PROVIDER-OBSERVABILITY.what_it_shows_ar [finding]
cv-002,cv,QUERY,PARITY,11,VIS-FIRM-CONSTRAINTS,title_en,"Detached-use: the title generalises to all firms and drops the survey frame; the Arabic «التمويل ليس القيد الوحيد أمام المنشآت» also drops ""report"", turning a reported challenge into a stated fact about firms. Proposed titles carry ""surveyed formal firms, 2022"" in both languages. QUERY because both editions change and both 06 VIS-FIRM-CONSTRAINTS titles (row 73) must receive the identical replacement (TC-G01).",ACCEPTED,,VIS-FIRM-CONSTRAINTS.title_en [finding] | VIS-FIRM-CONSTRAINTS.title_en [twin] | VIS-FIRM-CONSTRAINTS.title_ar [other language] | VIS-FIRM-CONSTRAINTS.title_ar [twin]
cv-003,cv,QUERY,FIREWALL,11,VIS-OECD-FCP-TIMELINE,title_en,"Detached-use: ""from framework to implementation"" reads in three seconds as a statement that policy has reached implementation, which the summary says is not evidenced; ""financial capability"" is named but nothing in the question, what-it-shows, summary or 06 definition covers capability. QUERY because both editions change and both 06 VIS-OECD-FCP-TIMELINE titles (row 76) must receive the identical replacement (TC-G01).",ACCEPTED,,VIS-OECD-FCP-TIMELINE.title_en [finding] | VIS-OECD-FCP-TIMELINE.title_en [twin] | VIS-OECD-FCP-TIMELINE.title_ar [other language] | VIS-OECD-FCP-TIMELINE.title_ar [twin]
cv-004,cv,QUERY,FIREWALL,11,RV-CWR-006,accessible_summary_en,"By saying the anchors cannot show a direction ""for savers or portfolio"", the summary implies a borrower direction (93,118 to 88,445 to 78,686) can be read, while VIS-MFI-DIVERGENCE says the same figures ""do not show a trend"" and the 2023 point comes from an unverified provider set. Lead to confirm whether a 2015-2020 borrower direction is endorsed; if not, use the proposed wording.",ACCEPTED,,RV-CWR-006.accessible_summary_en [finding] | RV-CWR-006.accessible_summary_ar [other language]
cv-005,cv,EDITORIAL,FIREWALL,11,VIS-FINDEX-GAPS,accessible_summary_en,"False causal link: the 23% frame exclusion is not the reason the figures are not a 2026 rate; ""so"" makes the survey frame the cause of the date boundary. 06 VIS-FINDEX-GAPS summary_en/ar carries the identical text; apply the same replacement there to keep one text (not gated).",ACCEPTED,,VIS-FINDEX-GAPS.accessible_summary_en [finding] | VIS-FINDEX-GAPS.summary_en [twin] | VIS-FINDEX-GAPS.accessible_summary_ar [other language] | VIS-FINDEX-GAPS.summary_ar [twin]
cv-006,cv,EDITORIAL,FIREWALL,11,RV-CWR-007,what_it_shows_en,"Present tense (""have"", «تملك») presents 2022-23 survey values as current; historical must not read as current when the caption is lifted.",ACCEPTED,,RV-CWR-007.what_it_shows_en [finding] | RV-CWR-007.what_it_shows_ar [other language]
cv-007,cv,EDITORIAL,EN,11,RV-CWR-008,accessible_summary_en,"Opening says ""three figures"" but the summary gives four (22%, 91.84%, 19%, 15%); the point is three questions and three bases, not three figures.",ACCEPTED,,RV-CWR-008.accessible_summary_en [finding] | RV-CWR-008.accessible_summary_ar [other language]
cv-008,cv,EDITORIAL,FIREWALL,11,RV-CWR-002,title_en,"Detached-use: ""A banking jump"" is the three-second takeaway and is exactly the boom reading the visual prohibits; ""method break"" is opaque to a public reader. Title should name the restatement and the valuation change.",ACCEPTED,,RV-CWR-002.title_en [finding] | RV-CWR-002.title_ar [other language]
cv-009,cv,EDITORIAL,PARITY,11,VIS-EVIDENCE-FRESHNESS,prohibited_inference_ar,"Arabic drops ""regulatory"": English says recent administrative/regulatory evidence is not a current population outcome; Arabic covers administrative data only. TC-G01 twin: the same replacement must be applied to the 06 record with the same ID (gate checks 06 title / limitations part A == 11 title / prohibited inference).",ACCEPTED,,"VIS-EVIDENCE-FRESHNESS.prohibited_inference_ar [finding] | VIS-EVIDENCE-FRESHNESS.limitations_ar [twin] | VIS-EVIDENCE-FRESHNESS.limitations_ar [other language, already applied]"
cv-010,cv,EDITORIAL,PARITY,11,VIS-FINDEX-GAPS,decision_value_ar,"Arabic says ""the latest representative level available for Yemen"" without saying of what; English specifies account ownership.",ACCEPTED,,VIS-FINDEX-GAPS.decision_value_ar [finding]
cv-011,cv,EDITORIAL,PARITY,11,VIS-SOURCE-COMPARISON,what_it_shows_ar,"The Arabic what-it-shows repeats the English decision value (the comparison fields) instead of the English what-it-shows (why accounts, active accounts, subscribers, beneficiaries, merchants and POS terminals cannot be merged).",ACCEPTED,,VIS-SOURCE-COMPARISON.what_it_shows_ar [finding]
cv-012,cv,EDITORIAL,PARITY,11,VIS-EVIDENCE-GAPS,what_it_shows_ar,"«طبقة مكانية متعذرة» (an impossible map layer) loses ""yet"": English says the layer cannot yet be built, and the accessible summary says «لا يمكن بناؤها بعد».",ACCEPTED,,VIS-EVIDENCE-GAPS.what_it_shows_ar [finding]
cv-013,cv,EDITORIAL,AR,11,VIS-MECHANISM-METRIC-BRIDGE,what_it_shows_ar,"«جسر تحقق إلى مصدر أولي» is a calque of an internal ""verification bridge""; the Arabic also omits ""and what it does not establish"", which the English states for every link.",ACCEPTED,,VIS-MECHANISM-METRIC-BRIDGE.what_it_shows_ar [finding]
cv-014,cv,EDITORIAL,FIREWALL,11,VIS-TARGET-RESULT-STATE,prohibited_inference_en,"""no observed result is held"" can be read as ""no result exists""; the boundary is that this resource holds none (missing is not absence). TC-G01 twin: the same replacement must be applied to the 06 record with the same ID (gate checks 06 title / limitations part A == 11 title / prohibited inference).",ACCEPTED,,"VIS-TARGET-RESULT-STATE.prohibited_inference_en [finding] | VIS-TARGET-RESULT-STATE.limitations_en [twin] | VIS-TARGET-RESULT-STATE.limitations_en [other language, already applied]"
cv-015,cv,EDITORIAL,EN,11,VIS-TARGET-RESULT-STATE,what_it_shows_en,"""shown as not held"" is repository language; the Arabic says «غير متاحة» (not available).",ACCEPTED,,VIS-TARGET-RESULT-STATE.what_it_shows_en [finding]
cv-016,cv,EDITORIAL,FIREWALL,11,VIS-PROVIDER-OBSERVABILITY,accessible_summary_en,"""is held"" / ""are held"" is control language and can be read as ""no such list exists"" or ""the regulator keeps no list""; the boundary is what this resource holds. 06 VIS-PROVIDER-OBSERVABILITY summary_en carries the identical text; apply the same replacement there to keep one text (not gated).",ACCEPTED,,"VIS-PROVIDER-OBSERVABILITY.accessible_summary_en [finding] | VIS-PROVIDER-OBSERVABILITY.summary_en [twin] | VIS-PROVIDER-OBSERVABILITY.summary_en [other language, already applied]"
cv-017,cv,EDITORIAL,FIREWALL,11,VIS-FCP-REDRESS-PATH,accessible_summary_en,"""no data ... are held"" can be read as ""no such data exist""; say that this resource holds none. 06 VIS-FCP-REDRESS-PATH summary_en carries the identical text; apply the same replacement there to keep one text (not gated).",ACCEPTED,,"VIS-FCP-REDRESS-PATH.accessible_summary_en [finding] | VIS-FCP-REDRESS-PATH.summary_en [twin] | VIS-FCP-REDRESS-PATH.summary_en [other language, already applied]"
cv-018,cv,EDITORIAL,FIREWALL,11,VIS-OECD-FCP-TIMELINE,accessible_summary_en,"""no evidence ... is held"" is control language and reads as ""no evidence exists""; say that this resource holds none. 06 VIS-OECD-FCP-TIMELINE summary_en carries the identical text; apply the same replacement there to keep one text (not gated).",ACCEPTED_MODIFIED,Control word 'held' replaced with an explicit subject (the evidence base) so that missing-here is not read as non-existent; one wording is used across the corpus.,"VIS-OECD-FCP-TIMELINE.accessible_summary_en [finding] | VIS-OECD-FCP-TIMELINE.summary_en [twin] | VIS-OECD-FCP-TIMELINE.summary_en [other language, already applied]"
cv-019,cv,EDITORIAL,FIREWALL,11,RV-CWR-010,accessible_summary_en,"""No longitudinal follow-up is held"" can be read as ""no follow-up was done""; the boundary is that this resource holds none.",ACCEPTED,,RV-CWR-010.accessible_summary_en [finding]
cv-020,cv,EDITORIAL,EN,11,VIS-FL-EVIDENCE-LADDER,accessible_summary_en,"Detached-use: ""that level"" / «هذا المستوى» points to a ladder rung the summary never names, so the sentence is unclear when read without the chart. 06 VIS-FL-EVIDENCE-LADDER summary_en/ar carries the identical text; apply the same replacement there to keep one text (not gated).",SUPERSEDED,by ev_c-019 (same sentence; applied to both twins),
cv-021,cv,EDITORIAL,EN,11,VIS-MFI-DIVERGENCE,accessible_summary_en,"Sentence structure attaches ""and YER 33.379 billion at end-2020"" to the source-narrative clause, so the 2020 figure can be misread as another narrative figure; the Arabic («وتبلغ») is clear.",ACCEPTED,,VIS-MFI-DIVERGENCE.accessible_summary_en [finding]
cv-022,cv,EDITORIAL,EN,11,VIS-EVIDENCE-CLASS-LADDER,decision_value_en,"""promoted into one another"" is repository control language; the Arabic «تُرقّى» is the same calque.",ACCEPTED,,VIS-EVIDENCE-CLASS-LADDER.decision_value_en [finding] | VIS-EVIDENCE-CLASS-LADDER.decision_value_ar [other language]
cv-023,cv,EDITORIAL,EN,11,VIS-PAYMENT-RAILS,decision_value_en,"""promoting milestones into"" is repository control language; the Arabic «ترقية ... إلى» is the same calque.",ACCEPTED,,VIS-PAYMENT-RAILS.decision_value_en [finding] | VIS-PAYMENT-RAILS.decision_value_ar [other language]
cv-024,cv,EDITORIAL,EN,11,RV-CWR-009,decision_value_en,"""promoted into"" is repository control language; the Arabic «ترقية ... إلى» is the same calque.",ACCEPTED,,RV-CWR-009.decision_value_en [finding] | RV-CWR-009.decision_value_ar [other language]
cv-025,cv,EDITORIAL,EN,11,RV-CWR-009,title_en,"""The missing middle"" is an established SME-finance term (under-served mid-sized firms), so the title can be misread; ""rail"" is jargon. The Arabic («الحلقات المفقودة من البنية إلى نتيجة الشمول») already says ""missing links"".",ACCEPTED,,RV-CWR-009.title_en [finding]
cv-026,cv,EDITORIAL,EN,11,VIS-PROVIDER-OBSERVABILITY,decision_value_en,"""named universe"", ""unresolved current universes"" and ""adverse/status events"" are internal vocabulary a public reader will not parse.",ACCEPTED,,VIS-PROVIDER-OBSERVABILITY.decision_value_en [finding]
cv-027,cv,EDITORIAL,EN,11,VIS-EVIDENCE-GAPS,decision_value_en,"""typed evidence gaps"", ""bases"" and ""universes"" are internal shorthand; spell them out.",ACCEPTED,,VIS-EVIDENCE-GAPS.decision_value_en [finding]
cv-028,cv,EDITORIAL,EN,11,VIS-CAPITAL-CONTEXT,decision_value_en,"""relationship classes"" is internal vocabulary; what-it-shows and the title already say ""pathways"".",ACCEPTED,,VIS-CAPITAL-CONTEXT.decision_value_en [finding]
cv-029,cv,EDITORIAL,AR,11,VIS-CAPITAL-CONTEXT,what_it_shows_ar,"«فئات علاقات» is internal vocabulary (English says ""separate pathways""); «كتدفق واحد» is a translated construction.",ACCEPTED,,VIS-CAPITAL-CONTEXT.what_it_shows_ar [finding]
cv-030,cv,EDITORIAL,AR,11,VIS-CAPITAL-CONTEXT,prohibited_inference_ar,"«إقراضًا لاحقًا» (later lending) does not render ""downstream lending"" (on-lending that reaches end borrowers). TC-G01 twin: the same replacement must be applied to the 06 record with the same ID (gate checks 06 title / limitations part A == 11 title / prohibited inference).",ACCEPTED,,"VIS-CAPITAL-CONTEXT.prohibited_inference_ar [finding] | VIS-CAPITAL-CONTEXT.limitations_ar [twin] | VIS-CAPITAL-CONTEXT.limitations_ar [other language, already applied]"
cv-031,cv,EDITORIAL,EN,11,VIS-PAYMENT-RAILS,accessible_summary_en,"""the source owner's own statement"" is internal vocabulary; say whose statement it is. 06 VIS-PAYMENT-RAILS summary_en carries the identical text; apply the same replacement there to keep one text (not gated).",SUPERSEDED,by ev_c-006 (same sentence; states that the figure is the central bank's own statement),
cv-032,cv,EDITORIAL,EN,11,VIS-E-MONEY-RULE-STACK,title_en,"Detached-use: ""What must sit underneath a mobile wallet?"" is vague (reads as technology) and normative (""must""); the Arabic title is «طبقات قواعد النقود الإلكترونية». TC-G01 twin: the same replacement must be applied to the 06 record with the same ID (gate checks 06 title / limitations part A == 11 title / prohibited inference).",ACCEPTED,,"VIS-E-MONEY-RULE-STACK.title_en [finding] | VIS-E-MONEY-RULE-STACK.title_en [twin] | VIS-E-MONEY-RULE-STACK.title_en [other language, already applied]"
cv-033,cv,EDITORIAL,PARITY,11,VIS-INCLUSION-TRANSMISSION,title_en,"""sector score"" is unclear and differs from the Arabic «لا درجة واحدة» (not a single score). TC-G01 twin: the same replacement must be applied to the 06 record with the same ID (gate checks 06 title / limitations part A == 11 title / prohibited inference).",ACCEPTED,,"VIS-INCLUSION-TRANSMISSION.title_en [finding] | VIS-INCLUSION-TRANSMISSION.title_en [twin] | VIS-INCLUSION-TRANSMISSION.title_en [other language, already applied]"
cv-034,cv,EDITORIAL,EN,11,VIS-E-MONEY-RULE-STACK,what_it_shows_en,"""named-provider set"" is internal shorthand.",ACCEPTED,,VIS-E-MONEY-RULE-STACK.what_it_shows_en [finding]
cv-035,cv,EDITORIAL,EN,11,VIS-FIRM-FINANCE-SEVERITY,what_it_shows_en,"Arithmetic-note phrasing (""Major 68.71% + moderate 23.13%"") is not a caption; the Arabic also states that the base is shown.",ACCEPTED,,VIS-FIRM-FINANCE-SEVERITY.what_it_shows_en [finding]
cv-036,cv,EDITORIAL,EN,11,VIS-POS-VALUE,what_it_shows_en,"Telegraphic and unclear when detached (""missing September retained visually"", no year); the Arabic also says no interpolation.",ACCEPTED,,VIS-POS-VALUE.what_it_shows_en [finding] | VIS-POS-VALUE.what_it_shows_ar [other language]
cv-037,cv,EDITORIAL,EN,11,VIS-ACCESS-EVIDENCE-LAYER,what_it_shows_en,"The first state is hard to parse (""... points and not yet available as a register""); the Arabic is clear.",ACCEPTED,,VIS-ACCESS-EVIDENCE-LAYER.what_it_shows_en [finding]
cv-038,cv,EDITORIAL,AR,11,VIS-FCP-REDRESS-PATH,what_it_shows_ar,Calques «نافذة» (window) and «محفزات» (triggers) for time limits and grounds for escalation; CBY-Aden is named only in short form in this field instead of the house form «البنك المركزي اليمني – عدن».,ACCEPTED,,VIS-FCP-REDRESS-PATH.what_it_shows_ar [finding]
cv-039,cv,EDITORIAL,AR,11,VIS-OECD-FCP-TIMELINE,decision_value_ar,«أداء الشكاوى» (the performance of complaints) is not meaningful; English says complaint handling.,ACCEPTED,,VIS-OECD-FCP-TIMELINE.decision_value_ar [finding]
cv-040,cv,EDITORIAL,AR,11,VIS-INCLUSION-TRANSMISSION,what_it_shows_ar,"House term: remittance flows are «التحويلات», not «الحوالات».",ACCEPTED,,VIS-INCLUSION-TRANSMISSION.what_it_shows_ar [finding]
cv-041,cv,EDITORIAL,AR,11,VIS-INCLUSION-TRANSMISSION,accessible_summary_ar,"House term: remittance flows are «التحويلات», not «الحوالات». 06 VIS-INCLUSION-TRANSMISSION summary_ar carries the identical text; apply the same replacement there to keep one text (not gated).",ACCEPTED,,"VIS-INCLUSION-TRANSMISSION.accessible_summary_ar [finding] | VIS-INCLUSION-TRANSMISSION.summary_ar [twin] | VIS-INCLUSION-TRANSMISSION.summary_ar [other language, already applied]"
cv-042,cv,EDITORIAL,AR,11,VIS-REMITTANCE-COST,prohibited_inference_ar,"House term: remittances are «التحويلات», not «الحوالات». TC-G01 twin: the same replacement must be applied to the 06 record with the same ID (gate checks 06 title / limitations part A == 11 title / prohibited inference).",REJECTED,"House term refined, not swept: «التحويلات» names remittances as a macro or balance-of-payments flow; «الحوالة / الحوالات» stays for individual money transfers and their prices (Remittance Prices Worldwide), for person-to-person domestic remittances in Findex, and for the licensed exchange-and-remittance sector, where it is the regulator's and the market's own word.",
cv-043,cv,EDITORIAL,AR,11,VIS-REMITTANCE-COST,accessible_summary_ar,"House term: remittances are «التحويلات», not «الحوالات» (the English database name stays in brackets). 06 VIS-REMITTANCE-COST summary_ar carries the identical text; apply the same replacement there to keep one text (not gated).",REJECTED,"House term refined, not swept: «التحويلات» names remittances as a macro or balance-of-payments flow; «الحوالة / الحوالات» stays for individual money transfers and their prices (Remittance Prices Worldwide), for person-to-person domestic remittances in Findex, and for the licensed exchange-and-remittance sector, where it is the regulator's and the market's own word.",
cv-044,cv,EDITORIAL,AR,11,VIS-REMITTANCE-COST,question_ar,"House term: remittance cost is «تكلفة التحويل», not «تكلفة الحوالة».",REJECTED,"House term refined, not swept: «التحويلات» names remittances as a macro or balance-of-payments flow; «الحوالة / الحوالات» stays for individual money transfers and their prices (Remittance Prices Worldwide), for person-to-person domestic remittances in Findex, and for the licensed exchange-and-remittance sector, where it is the regulator's and the market's own word.",
cv-045,cv,EDITORIAL,AR,11,VIS-MFI-DIVERGENCE,accessible_summary_ar,"A full English organisation name sits inside Arabic prose; the Sana’a Center has an established Arabic name (English kept in brackets, source not changed).",ACCEPTED,,VIS-MFI-DIVERGENCE.accessible_summary_ar [finding]
cv-046,cv,EDITORIAL,AR,11,RV-CWR-006,accessible_summary_ar,"A full English organisation name sits inside Arabic prose; the Sana’a Center has an established Arabic name (English kept in brackets, source not changed).",ACCEPTED,,RV-CWR-006.accessible_summary_ar [finding]
cv-047,cv,EDITORIAL,AR,11,RV-CWR-001,prohibited_inference_ar,Agreement error: a singular subject («تطابق») is read «على أنه تأكيدان مستقلان»; use «بوصفه تأكيدين مستقلين».,ACCEPTED,,RV-CWR-001.prohibited_inference_ar [finding]
cv-048,cv,EDITORIAL,AR,11,RV-CWR-005,decision_value_ar,"House term: persistent use is «مستمر», not «مستدام» (the title and summary already use «مستمر»).",ACCEPTED,,RV-CWR-005.decision_value_ar [finding]
cv-049,cv,EDITORIAL,AR,11,RV-CWR-010,decision_value_ar,"House term: durable use/inclusion is «مستمر», not «مستدام».",ACCEPTED,,RV-CWR-010.decision_value_ar [finding]
cv-050,cv,EDITORIAL,AR,11,RV-CWR-010,accessible_summary_ar,"House term: durable active use is «مستمر», not «مستدام» (the prohibited inference already says «استخدامًا نشطًا مستمرًا»).",ACCEPTED,,RV-CWR-010.accessible_summary_ar [finding]
cv-051,cv,EDITORIAL,AR,11,RV-CWR-010,what_it_shows_ar,"Calque: «التعرض المالي» for ""financial exposure"" (the brief lists «التعرض لـ» as a calque); the rung means first contact with a financial service.",ACCEPTED_MODIFIED,«التعرض لـ» (exposure) is a calque; the rung means a recipient's first contact with a formal financial service and is written «أول تعامل مع …» everywhere.,RV-CWR-010.what_it_shows_ar [finding]
cv-052,cv,EDITORIAL,AR,11,RV-CWR-010,accessible_summary_ar,"Calque: «التعرض لخدمة» for ""exposure to a service"".",ACCEPTED_MODIFIED,«التعرض لـ» (exposure) is a calque; the rung means a recipient's first contact with a formal financial service and is written «أول تعامل مع …» everywhere.,RV-CWR-010.accessible_summary_ar [finding]
ev_a-001,ev_a,MATERIAL,PARITY,06,VIS-E-MONEY-RULE-STACK,summary_ar,Bare «ريال» immediately after the Saudi riyal is listed makes the conversion rule and the YER ceilings ambiguous; English states Yemeni rials / YER.,ACCEPTED,,VIS-E-MONEY-RULE-STACK.summary_ar [finding] | VIS-E-MONEY-RULE-STACK.accessible_summary_ar [twin]
ev_a-002,ev_a,MATERIAL,PARITY,06,VIS-E-MONEY-RULE-STACK,summary_ar,"Maximum-balance unit is given as bare «ريال» in a sentence that also names the Saudi riyal; English says YER 8,000,000.",ACCEPTED,,VIS-E-MONEY-RULE-STACK.summary_ar [finding] | VIS-E-MONEY-RULE-STACK.accessible_summary_ar [twin]
ev_a-003,ev_a,MATERIAL,FIREWALL,06,VIS-MFI-SPINE,method_ar,"The evidence state 'not located' (not found) is rendered as «غير موجودة» (does not exist), collapsing missing evidence into non-existence.",ACCEPTED,,VIS-MFI-SPINE.method_ar [finding]
ev_a-004,ev_a,MATERIAL,PARITY,06,CLM-016,universe_en,"English confuses categories with entities, and the Arabic sentence is illogical (a name appearing in several sections would argue against uniqueness, not for it); both should say the entries are not shown to be unique legal entities.",ACCEPTED,,CLM-016.universe_en [finding] | CLM-016.universe_ar [other language]
ev_a-005,ev_a,MATERIAL,FIREWALL,06,VIS-PROVIDER-OBSERVABILITY,summary_en,"Calls all 2024–2025 wallet counts 'licensed e-wallets', but CLM-010 shows only the September 2025 figure (8) is labelled licensed and that the 7/9/8 definitions are unreconciled.",ACCEPTED,,VIS-PROVIDER-OBSERVABILITY.summary_en [finding] | VIS-PROVIDER-OBSERVABILITY.accessible_summary_en [twin] | VIS-PROVIDER-OBSERVABILITY.summary_ar [other language] | VIS-PROVIDER-OBSERVABILITY.accessible_summary_ar [twin]
ev_a-006,ev_a,MATERIAL,FIREWALL,06,CLM-021,title_en,"Quoted alone, the title presents SFD-supported programme data as a fall for microfinance as a whole; the scope (SFD-supported reporting programmes) belongs in the title.",ACCEPTED,,CLM-021.title_en [finding] | CLM-021.title_ar [other language]
ev_a-007,ev_a,EDITORIAL,PARITY,06,CLM-009,summary_en,"'Closing named entities' and 'matched … in both directions' are unclear; Arabic «أو إغلاقها» grammatically closes the licences. Say licences are suspended or withdrawn and premises closed (as CLM-019 and PSE-011 do), and let the colon clause carry the reason (Lead: if a two-way roster↔decision check is meant, state it plainly).",ACCEPTED,,CLM-009.summary_en [finding] | CLM-009.summary_ar [other language]
ev_a-008,ev_a,EDITORIAL,PARITY,06,VIS-PROVIDER-TIME,summary_en,Decisions do not 'withdraw' entities; Arabic correctly says licences are suspended or withdrawn and premises closed.,ACCEPTED,,VIS-PROVIDER-TIME.summary_en [finding]
ev_a-009,ev_a,EDITORIAL,EN,06,VIS-PROVIDER-TIME,limitations_en,"'One by one, in both directions' is opaque to a public reader; state the point (no assumption about whether the undated roster already reflects each decision).",ACCEPTED,,VIS-PROVIDER-TIME.limitations_en [finding] | VIS-PROVIDER-TIME.limitations_ar [other language]
ev_a-010,ev_a,EDITORIAL,EN,06,CLM-019,limitations_en,"'One by one, in both directions' is opaque to a public reader; state the point instead.",ACCEPTED,,CLM-019.limitations_en [finding] | CLM-019.limitations_ar [other language]
ev_a-011,ev_a,EDITORIAL,PARITY,06,VIS-PROVIDER-OBSERVABILITY,summary_en,"Decisions suspend licences and close premises, not 'entities'; Arabic already says so.",ACCEPTED,,VIS-PROVIDER-OBSERVABILITY.summary_en [finding] | VIS-PROVIDER-OBSERVABILITY.accessible_summary_en [twin]
ev_a-012,ev_a,EDITORIAL,AR,06,CLM-012,summary_ar,"Undiacritised «الموقع» reads as 'the website'; the signed amendment needs the shadda, as elsewhere in the corpus.",ACCEPTED,,CLM-012.summary_ar [finding]
ev_a-013,ev_a,EDITORIAL,AR,06,MFI-SPINE-2015-Q4,summary_ar,"«يدعم مصدر الصندوق … عدد 93,118 مقترضًا» reads as the Fund supporting 93,118 borrowers; the source reports them. Opening «لدى برامج …،» is also unnatural. English 'supports' has the same ambiguity.",ACCEPTED,,MFI-SPINE-2015-Q4.summary_ar [finding] | MFI-SPINE-2015-Q4.summary_en [other language]
ev_a-014,ev_a,EDITORIAL,AR,06,CLM-015,universe_ar,«القائمة الإيجابية» is a calque of 'positive list' absent from English; say simply that it is not the full set of licensed providers.,ACCEPTED,,CLM-015.universe_ar [finding]
ev_a-015,ev_a,EDITORIAL,AR,06,CLM-019,title_ar,«طبقة أحداث» is internal data-model vocabulary ('event layer') a reader would not understand.,ACCEPTED,,CLM-019.title_ar [finding]
ev_a-016,ev_a,EDITORIAL,PARITY,06,CLM-013,title_ar,"Arabic narrows 'financial-literacy activity' to awareness activity and turns 'capability outcomes' into «أثر» (impact), blurring the activity ≠ capability ≠ outcome distinction.",ACCEPTED,,CLM-013.title_ar [finding]
ev_a-017,ev_a,EDITORIAL,PARITY,06,CLM-018,title_en,"Slogan-style title; Arabic renders 'outcome' as «أثر» (impact), a different evidential claim.",ACCEPTED,,CLM-018.title_en [finding] | CLM-018.title_ar [other language]
ev_a-018,ev_a,EDITORIAL,PARITY,06,CLM-025,title_ar,"Arabic title drops 'latest', which carries the currentness meaning of the English title.",ACCEPTED,,CLM-025.title_ar [finding]
ev_a-019,ev_a,EDITORIAL,AR,06,CLM-024,summary_ar,«للسكان محل الاهتمام» is a calque of 'population of interest'; house usage is «المجتمع».,ACCEPTED,,CLM-024.summary_ar [finding]
ev_a-020,ev_a,EDITORIAL,EN,06,CLM-024,period_en,'microdata/DDI' is technical jargon (and 'DDI' is a non-name Latin acronym inside the Arabic); describe the pages plainly.,ACCEPTED,,CLM-024.period_en [finding] | CLM-024.period_ar [other language]
ev_a-021,ev_a,EDITORIAL,AR,06,QUAL-001,universe_ar,"«OECD/EU» with a slash inside Arabic prose, and «ورش» without «عمل»; method_ar already names the joint project in Arabic.",ACCEPTED_MODIFIED,The OECD's Arabic name as used on every other card («منظمة التعاون الاقتصادي والتنمية»).,QUAL-001.universe_ar [finding]
ev_a-022,ev_a,EDITORIAL,AR,06,VIS-INCLUSION-TRANSMISSION,method_ar,"Sentence opens with a subjectless feminine participle «مجمَّعة», and «أجزاء المنظومة الموثقة» reads as 'the documented system' rather than documented relationships.",ACCEPTED,,VIS-INCLUSION-TRANSMISSION.method_ar [finding]
ev_a-023,ev_a,EDITORIAL,PARITY,06,VIS-INCLUSION-TRANSMISSION,summary_en,"English 'enabling constraints' is opaque, and Arabic «القيود المُمكِّنة أو المعطِّلة» says something different ('enabling or disabling constraints'); align on 'enabling conditions and constraints' (apply the same label wherever this system part is named).",ACCEPTED,,VIS-INCLUSION-TRANSMISSION.summary_en [finding] | VIS-INCLUSION-TRANSMISSION.accessible_summary_en [twin] | VIS-INCLUSION-TRANSMISSION.summary_ar [other language] | VIS-INCLUSION-TRANSMISSION.accessible_summary_ar [twin]
ev_a-024,ev_a,EDITORIAL,PARITY,06,VIS-SOURCE-COMPARISON,limitations_ar,«مطابقة مُصطنعة» implies the comparison might make a genuine reconciliation; English says it does not reconcile differing figures at all.,ACCEPTED,,VIS-SOURCE-COMPARISON.limitations_ar [finding] | VIS-SOURCE-COMPARISON.prohibited_inference_ar [twin]
ev_a-025,ev_a,EDITORIAL,AR,06,VIS-FCP-REDRESS-PATH,method_ar,«محفزات التصعيد» is a calque of 'escalation triggers'; Arabic regulatory usage is «دواعي التصعيد».,ACCEPTED,,VIS-FCP-REDRESS-PATH.method_ar [finding]
ev_a-026,ev_a,EDITORIAL,PARITY,06,VIS-MECHANISM-METRIC-BRIDGE,universe_ar,«صلة مؤهلة» is internal qualification vocabulary; English says 'a documented relationship'.,ACCEPTED,,VIS-MECHANISM-METRIC-BRIDGE.universe_ar [finding]
ev_a-027,ev_a,EDITORIAL,PARITY,06,VIS-PROVIDER-OBSERVABILITY,period_ar,Arabic ('dated statuses as recorded by the competent authority') does not match English 'Dated lists and decisions'.,ACCEPTED,,VIS-PROVIDER-OBSERVABILITY.period_ar [finding]
ev_a-028,ev_a,EDITORIAL,AR,06,VIS-PROVIDER-OBSERVABILITY,method_ar,«القائمة المسماة» is a calque of 'named list'; the meaning is a list of names.,ACCEPTED,,VIS-PROVIDER-OBSERVABILITY.method_ar [finding]
ev_a-029,ev_a,EDITORIAL,AR,06,CLM-012,title_en,Arabic «ليست قيم استخدام» is unnatural and the English is a slogan fragment; say the rules set limits and do not measure use.,ACCEPTED,,CLM-012.title_en [finding] | CLM-012.title_ar [other language]
ev_a-030,ev_a,EDITORIAL,PARITY,06,CLM-012,limitations_ar,«توافر مقدمي الخدمة» (availability of providers) does not render 'which providers offer the service'.,ACCEPTED,,CLM-012.limitations_ar [finding]
ev_a-031,ev_a,EDITORIAL,PARITY,06,XW-FMIIP-005,limitations_ar,"Arabic asserts no valid way exists; English says none is established (absence of evidence, not proof of impossibility).",ACCEPTED,,XW-FMIIP-005.limitations_ar [finding]
ev_a-032,ev_a,EDITORIAL,AR,06,MF-ORIG-001+002,summary_ar,"«كطبقة للأصل المؤسسي/بداية …» uses a calqued «كـ», a slash and internal 'layer' vocabulary; English has the same slash and 'layers' jargon.",ACCEPTED,,MF-ORIG-001+002.summary_ar [finding] | MF-ORIG-001+002.summary_en [other language]
ev_a-033,ev_a,EDITORIAL,AR,06,CLM-023,summary_ar,«المعتمدة في قاعدة الأدلة» is internal control vocabulary; English 'verified … study' carries the same internal status word.,ACCEPTED,,CLM-023.summary_ar [finding] | CLM-023.summary_en [other language]
ev_a-034,ev_a,EDITORIAL,PARITY,06,CLM-011,title_ar,"«معروف» (known) overstates 'documented', and «ما تزال مفتوحة» is a calque of 'remains open'; English 'performance remains open' is also vague.",ACCEPTED_MODIFIED,English aligned without 'not available' (which can read as non-existent).,CLM-011.title_ar [finding] | CLM-011.title_en [other language]
ev_a-035,ev_a,EDITORIAL,EN,06,CLM-001,summary_en,Opening sentence of the lead record is a five-word noun stack.,ACCEPTED,,CLM-001.summary_en [finding]
ev_a-036,ev_a,EDITORIAL,EN,06,CLM-003,summary_en,'Both are kept as a discrepancy' is repository language; say both are shown and the inconsistency is recorded.,ACCEPTED,,CLM-003.summary_en [finding] | CLM-003.summary_ar [other language]
ev_a-037,ev_a,EDITORIAL,EN,06,CLM-009,title_en,'Is countable' is awkward and 'current operation' has no subject; Arabic «عدّ القائمة» likewise counts the list rather than its entries.,ACCEPTED,,CLM-009.title_en [finding] | CLM-009.title_ar [other language]
ev_a-038,ev_a,EDITORIAL,EN,06,CLM-009,universe_en,'Rows' is spreadsheet vocabulary; the record elsewhere calls them entries (Arabic «الصفوف» likewise).,ACCEPTED,,CLM-009.universe_en [finding] | CLM-009.universe_ar [other language]
ev_a-039,ev_a,EDITORIAL,EN,06,CLM-010,summary_en,"'The same two payment reports' is unclear after a sentence naming three publications, one of them an infographic; name each source.",ACCEPTED,,CLM-010.summary_en [finding] | CLM-010.summary_ar [other language]
ev_a-040,ev_a,EDITORIAL,EN,06,VIS-EVIDENCE-FRESHNESS,definition_en,'Held' is repository language.,ACCEPTED,,VIS-EVIDENCE-FRESHNESS.definition_en [finding]
ev_a-041,ev_a,EDITORIAL,EN,06,VIS-EVIDENCE-FRESHNESS,currentness_en,'Held' is repository language.,ACCEPTED,,VIS-EVIDENCE-FRESHNESS.currentness_en [finding]
ev_a-042,ev_a,EDITORIAL,EN,06,VIS-EVIDENCE-FRESHNESS,method_en,'Vintage' and 'evidence class' are jargon; the summary and Arabic use observation/publication date and evidence type.,ACCEPTED,,VIS-EVIDENCE-FRESHNESS.method_en [finding]
ev_a-043,ev_a,EDITORIAL,EN,06,VIS-SOURCE-COMPARISON,universe_en,'Crosswalk' is technical jargon a public reader will not know.,ACCEPTED,,VIS-SOURCE-COMPARISON.universe_en [finding] | VIS-SOURCE-COMPARISON.denominator_universe [twin]
ev_a-044,ev_a,EDITORIAL,EN,06,VIS-FCP-REDRESS-PATH,summary_en,'Are held' is repository language; Arabic says «لا تتوفر».,SUPERSEDED,by cv-017 (same sentence in the 06 twin),
ev_a-045,ev_a,EDITORIAL,EN,06,VIS-FCP-REDRESS-PATH,currentness_en,'Are held' is repository language.,ACCEPTED_MODIFIED,Control word 'held' replaced with an explicit subject (the evidence base) so that missing-here is not read as non-existent; one wording is used across the corpus.,VIS-FCP-REDRESS-PATH.currentness_en [finding]
ev_a-046,ev_a,EDITORIAL,EN,06,VIS-E-MONEY-RULE-STACK,currentness_en,'Is not held here' is repository language.,ACCEPTED_MODIFIED,Control word 'held' replaced with an explicit subject (the evidence base) so that missing-here is not read as non-existent; one wording is used across the corpus.,VIS-E-MONEY-RULE-STACK.currentness_en [finding]
ev_a-047,ev_a,EDITORIAL,EN,06,CLM-012,currentness_en,'Is not held here' is repository language.,ACCEPTED_MODIFIED,Control word 'held' replaced with an explicit subject (the evidence base) so that missing-here is not read as non-existent; one wording is used across the corpus.,CLM-012.currentness_en [finding]
ev_a-048,ev_a,EDITORIAL,EN,06,VIS-MECHANISM-METRIC-BRIDGE,summary_en,'Primary-verification needs that have an explicit supported relationship' is jargon and clumsy.,ACCEPTED,,VIS-MECHANISM-METRIC-BRIDGE.summary_en [finding] | VIS-MECHANISM-METRIC-BRIDGE.accessible_summary_en [twin]
ev_a-049,ev_a,EDITORIAL,EN,06,VIS-MECHANISM-METRIC-BRIDGE,period_en,'Source-bounded / multi-period' is internal shorthand in both languages.,ACCEPTED,,VIS-MECHANISM-METRIC-BRIDGE.period_en [finding] | VIS-MECHANISM-METRIC-BRIDGE.period [twin] | VIS-MECHANISM-METRIC-BRIDGE.period_ar [other language]
ev_a-050,ev_a,EDITORIAL,EN,06,VIS-PROVIDER-OBSERVABILITY,summary_en,'Is held' / 'are held' three times is repository language; Arabic uses «لا تتوفر».,SUPERSEDED,by cv-016 (same sentence in the 06 twin),
ev_a-051,ev_a,EDITORIAL,EN,06,DS-FCP-ARCH,summary_en,'With no evidence held' is repository language.,ACCEPTED_MODIFIED,Control word 'held' replaced with an explicit subject (the evidence base) so that missing-here is not read as non-existent; one wording is used across the corpus.,DS-FCP-ARCH.summary_en [finding]
ev_a-052,ev_a,EDITORIAL,EN,06,DS-FCP-ARCH,limitations_en,'Complaint/redress architecture' is jargon with a slash; Arabic «بنية» mirrors it.,ACCEPTED,,DS-FCP-ARCH.limitations_en [finding] | DS-FCP-ARCH.limitations_ar [other language]
ev_a-053,ev_a,EDITORIAL,EN,06,DS-QUAL-EVIDENCE,summary_en,'Source-qualified narratives' is internal jargon (same phrase in definition_en).,ACCEPTED,,DS-QUAL-EVIDENCE.summary_en [finding]
ev_a-054,ev_a,EDITORIAL,EN,06,CLM-017,title_en,Title is a full sentence repeated verbatim in summary and currentness; a shorter label keeps the check date.,ACCEPTED,,CLM-017.title_en [finding] | CLM-017.title_ar [other language]
ev_a-055,ev_a,EDITORIAL,EN,06,CLM-017,summary_en,Second sentence repeats the payments-page phrase from the first sentence and the title word for word.,ACCEPTED,,CLM-017.summary_en [finding] | CLM-017.summary_ar [other language]
ev_a-056,ev_a,EDITORIAL,EN,06,CLM-018,universe_en,"'Source-stated institutions/events; not user, transaction or system-availability universe' is internal shorthand; Arabic is already clear.",ACCEPTED,,CLM-018.universe_en [finding]
ev_a-057,ev_a,EDITORIAL,EN,06,CLM-020,title_en,"Quoted alone, the title does not say what the milestones are milestones of.",ACCEPTED,,CLM-020.title_en [finding] | CLM-020.title_ar [other language]
ev_a-058,ev_a,EDITORIAL,EN,06,VIS-MFI-SPINE,summary_en,'Joined' is database vocabulary.,ACCEPTED,,VIS-MFI-SPINE.summary_en [finding] | VIS-MFI-SPINE.summary_ar [other language]
ev_a-059,ev_a,EDITORIAL,EN,06,VIS-MFI-SPINE,period_en,"'Evidence horizon available here' is jargon; Arabic adds «المعتمدة» (approved), which English does not say.",ACCEPTED,,VIS-MFI-SPINE.period_en [finding] | VIS-MFI-SPINE.period_ar [other language]
ev_a-060,ev_a,EDITORIAL,EN,06,VIS-MFI-SPINE,method_en,'Held pending verification' is repository language; the meaning (and Arabic «محجوبة») is withheld.,ACCEPTED,,VIS-MFI-SPINE.method_en [finding]
ev_a-061,ev_a,EDITORIAL,EN,06,VIS-MFI-SPINE,limitations_en,'Held' portfolio values is repository language; the meaning is withheld.,ACCEPTED,,VIS-MFI-SPINE.limitations_en [finding]
ev_a-062,ev_a,EDITORIAL,EN,06,VIS-MFI-SPINE,currentness_en,'Secondary pointer' is internal vocabulary; the summary already says it is a YMN document citing SFD.,ACCEPTED,,VIS-MFI-SPINE.currentness_en [finding] | VIS-MFI-SPINE.currentness_ar [other language]
ev_a-063,ev_a,EDITORIAL,EN,06,CLM-002,title_en,"Quoted alone, the title does not say what the gap is in.",ACCEPTED,,CLM-002.title_en [finding] | CLM-002.title_ar [other language]
ev_a-064,ev_a,EDITORIAL,EN,06,CLM-007,title_en,"Quoted alone, the title does not say which series it concerns.",ACCEPTED,,CLM-007.title_en [finding] | CLM-007.title_ar [other language]
ev_a-065,ev_a,EDITORIAL,EN,06,CLM-007,summary_en,'A separate evidence state' is internal vocabulary; say what they are.,ACCEPTED,,CLM-007.summary_en [finding]
ev_a-066,ev_a,EDITORIAL,EN,06,CLM-012,universe_en,Slash and 'within instrument scope' are internal shorthand; Arabic «الأداة التنظيمية» mirrors it.,ACCEPTED,,CLM-012.universe_en [finding] | CLM-012.universe_ar [other language]
ev_a-067,ev_a,EDITORIAL,EN,06,XW-FMIIP-005,limitations_en,'Is held' is repository language; Arabic says «لا تتوفر».,ACCEPTED_MODIFIED,Control word 'held' replaced with an explicit subject (the evidence base) so that missing-here is not read as non-existent; one wording is used across the corpus. 'Exists' becomes 'can be calculated' (missing is not zero).,XW-FMIIP-005.limitations_en [finding]
ev_a-068,ev_a,EDITORIAL,EN,06,XW-FMIIP-005,currentness_en,'Is held' is repository language.,ACCEPTED_MODIFIED,Control word 'held' replaced with an explicit subject (the evidence base) so that missing-here is not read as non-existent; one wording is used across the corpus.,XW-FMIIP-005.currentness_en [finding]
ev_a-069,ev_a,EDITORIAL,EN,06,QUAL-001,limitations_en,Subjectless fragment; 'quantified trust' is unclear.,ACCEPTED,,QUAL-001.limitations_en [finding]
ev_a-070,ev_a,QUERY,EN,06,VIS-SOURCE-COMPARISON,period_en,"'Source-native / 2025 baseline-admin comparison' is internal shorthand and its second half is unclear (possibly the FMIIP baseline set against 2025 administrative counts); it also sits awkwardly with currentness, which says the rule has no observation date. Lead to confirm meaning; suggested wording assumes that reading.",ACCEPTED_MODIFIED,QUERY resolved: the record is a comparison rule with no observation date (its own currentness); the unexplained 2025 baseline/admin reference is removed.,VIS-SOURCE-COMPARISON.period_en [finding] | VIS-SOURCE-COMPARISON.period [twin] | VIS-SOURCE-COMPARISON.period_ar [other language]
ev_b-001,ev_b,MATERIAL,FIREWALL,06,VIS-FINDEX-ACCESS-USE,title_en,"The chart shows account ownership, not access, so the slogan title 'Access is not use' collapses access into ownership; the Arabic title also says «الوصول» and does not carry the English meaning.",ACCEPTED,,VIS-FINDEX-ACCESS-USE.title_en [finding] | VIS-FINDEX-ACCESS-USE.title_ar [other language]
ev_b-002,ev_b,MATERIAL,FIREWALL,06,VIS-DEMAND-VINTAGE-LADDER,universe_en,"The functions listed include account ownership, but the universe calls it 'access' («الوصول»), collapsing access into ownership; 'latest supported numeric period' and «فترة رقمية» are also opaque, and 'demand-side' differs from the record's own 'people-side'.",ACCEPTED,,VIS-DEMAND-VINTAGE-LADDER.universe_en [finding] | VIS-DEMAND-VINTAGE-LADDER.universe_ar [other language]
ev_b-003,ev_b,MATERIAL,FIREWALL,06,VIS-FIRM-FINANCE-PATH,title_en,"The title turns 18 valid loan-source responses (source Table 6 counts loans by institution) into '18 formal firms', although the record says it is not established whether the responses come from distinct firms or from the 31 firms with a line of credit.",ACCEPTED,,VIS-FIRM-FINANCE-PATH.title_en [finding] | VIS-FIRM-FINANCE-PATH.title_en [twin] | VIS-FIRM-FINANCE-PATH.title_ar [other language] | VIS-FIRM-FINANCE-PATH.title_ar [twin]
ev_b-004,ev_b,MATERIAL,PARITY,06,CLM-004,definition_ar,"In a record whose whole point is the unit counted, the Arabic renders 'subscribers' as «الاشتراكات» (subscriptions) and 'terminals' as «الأجهزة» (devices), which are different units from the English.",ACCEPTED,,CLM-004.definition_ar [finding]
ev_b-005,ev_b,MATERIAL,PARITY,06,CLM-004,period_ar,"English says 'subscribers'; the Arabic «الاشتراكات» means subscriptions, a different unit in a unit-rule record.",ACCEPTED,,CLM-004.period_ar [finding]
ev_b-006,ev_b,QUERY,PARITY,06,VIS-OECD-FCP-TIMELINE,period_en,"The period starts in 2021, but the only dated items in the record are the CBY-Aden announcement of 28 August 2023, the brochure of 23 March 2024 and the 2026 OECD review; please confirm the 2021 start (and whether the 2026 OECD context belongs in the period). Not rewritten.",ACCEPTED_MODIFIED,QUERY resolved from the record's bound sources: the official sources are dated 28 August 2023 and 23 March 2024 (15 document_date) and the OECD review 2026; no public item is dated 2021.,VIS-OECD-FCP-TIMELINE.period_en [finding] | VIS-OECD-FCP-TIMELINE.period [twin] | VIS-OECD-FCP-TIMELINE.period_ar [other language]
ev_b-007,ev_b,QUERY,PARITY,06,VIS-DEMAND-VINTAGE-LADDER,period_en,"The ladder's latest observations are 2022 (ownership) and 2014 (saving, borrowing, domestic remittances), and the companion DS-DEMAND-VINTAGE-LENS gives '2014 to 2022'; no function's latest value is from 2011, so please confirm the 2011 start (EN and AR). Not rewritten.",ACCEPTED_MODIFIED,"QUERY resolved from the record's own summary and currentness: the latest observations are 2014 (saving, borrowing, domestic remittances) and 2022 (ownership); no function's latest value is from 2011.",VIS-DEMAND-VINTAGE-LADDER.period_en [finding] | VIS-DEMAND-VINTAGE-LADDER.period_ar [other language]
ev_b-008,ev_b,EDITORIAL,AR,06,CLM-004,title_ar,"«لا تمثل عددًا فريدًا من الأشخاص» literally says 'do not represent a unique number of people', which is not the intended meaning; the English says accounts and transactions are not unique people.",ACCEPTED,,CLM-004.title_ar [finding]
ev_b-009,ev_b,EDITORIAL,AR,06,CLM-030,title_ar,"House term: remittances must be «التحويلات», and 'pathways' is plural. SWEEP NOTE for the Team Lead: this slice uses «الحوالات» for remittances in about 30 fields (rows 41 summary_ar; 46 summary/definition/universe_ar; 48 and 50 limitations_ar; 50 summary/definition_ar; 51 summary/method/currentness_ar; 53 summary/definition/universe/currentness_ar; 55 title/summary/definition/method_ar; 56 definition/universe_ar; 72 summary/universe/method/limitations_ar), while row 55 limitations_ar and rows 46 limitations_ar and 71 already use «التحويلات». This needs one sweep across the Master, not piecemeal edits. Keep «الحوالة» where it names the hawala system (row 71). In row 46, «التحويلات النقدية الحكومية» (government transfers) would then clash, so government transfers need a distinct rendering there.",ACCEPTED_MODIFIED,"House term refined, not swept: «التحويلات» names remittances as a macro or balance-of-payments flow; «الحوالة / الحوالات» stays for individual money transfers and their prices (Remittance Prices Worldwide), for person-to-person domestic remittances in Findex, and for the licensed exchange-and-remittance sector, where it is the regulator's and the market's own word. Plural kept from the finding.",CLM-030.title_ar [finding]
ev_b-010,ev_b,EDITORIAL,AR,06,CLM-029,limitations_ar,"«ملاحظة» reads as 'a note or remark'; elsewhere the corpus, including CLM-028, uses «مشاهدة» for a statistical observation.",ACCEPTED,,CLM-029.limitations_ar [finding]
ev_b-011,ev_b,EDITORIAL,AR,06,CLM-030,limitations_ar,"«ملاحظة» reads as 'a note or remark'; use «مشاهدة» for a statistical observation, as elsewhere in the corpus.",ACCEPTED,,CLM-030.limitations_ar [finding]
ev_b-012,ev_b,EDITORIAL,AR,06,CLM-014,currentness_ar,«الملاحظة الإدارية» reads as 'an administrative note'; the term for an observation is «المشاهدة».,ACCEPTED,,CLM-014.currentness_ar [finding]
ev_b-013,ev_b,EDITORIAL,AR,06,CLM-022,summary_ar,«الشذوذ» on its own is not the statistical term for anomalous values and carries unwanted connotations; «القيم الشاذة» is standard.,ACCEPTED,,CLM-022.summary_ar [finding]
ev_b-014,ev_b,EDITORIAL,PARITY,06,CLM-022,method_ar,«الفترات التي لا تتجاوز الإشارة إلى مصدر» is opaque and does not carry 'periods known only through another source'; «التعارضات» also drops 'within-source'.,ACCEPTED,,CLM-022.method_ar [finding]
ev_b-015,ev_b,EDITORIAL,AR,06,DS-FINDEX-HISTORY-CROSSWALK,method_ar,«تأهيل» (training or rehabilitation) is a calque of 'qualification' in the sense of a caveat; the meaning is 'comparable only with caveats'.,ACCEPTED,,DS-FINDEX-HISTORY-CROSSWALK.method_ar [finding]
ev_b-016,ev_b,EDITORIAL,AR,06,CLM-008,method_ar,House term for CBY-Aden is «البنك المركزي اليمني – عدن»; «البنك المركزي في عدن» departs from it within the same record.,ACCEPTED,,CLM-008.method_ar [finding]
ev_b-017,ev_b,EDITORIAL,AR,06,VIS-REMITTANCE-MACRO,summary_ar,"«نسختان مختلفتان» (two different copies or versions) misstates 'different vintages', meaning documents published at different times; the English 'vintages' is also jargon for a public reader.",ACCEPTED,,VIS-REMITTANCE-MACRO.summary_ar [finding] | VIS-REMITTANCE-MACRO.accessible_summary_ar [twin] | VIS-REMITTANCE-MACRO.summary_en [other language] | VIS-REMITTANCE-MACRO.accessible_summary_en [twin]
ev_b-018,ev_b,EDITORIAL,AR,06,VIS-REMITTANCE-MACRO,summary_ar,«حجم الحوالة غير الرسمية» (singular) is unclear; the English means the volume sent through the informal hawala system.,ACCEPTED,,VIS-REMITTANCE-MACRO.summary_ar [finding] | VIS-REMITTANCE-MACRO.accessible_summary_ar [twin]
ev_b-019,ev_b,EDITORIAL,AR,06,VIS-REMITTANCE-MACRO,limitations_ar,«حجم الحوالة غير الرسمية» (singular) is unclear; the English means the volume sent through the informal hawala system.,ACCEPTED,,VIS-REMITTANCE-MACRO.limitations_ar [finding] | VIS-REMITTANCE-MACRO.prohibited_inference_ar [twin]
ev_b-020,ev_b,EDITORIAL,AR,06,VIS-REMITTANCE-MACRO,definition_ar,"'External-sector' is rendered «في الحساب الخارجي» (which can read as the external or current account), while universe_ar in the same record correctly says «في القطاع الخارجي».",ACCEPTED,,VIS-REMITTANCE-MACRO.definition_ar [finding]
ev_b-021,ev_b,EDITORIAL,AR,06,VIS-REMITTANCE-COST,limitations_ar,«وراءه» is a literal calque of 'behind it'.,ACCEPTED,,VIS-REMITTANCE-COST.limitations_ar [finding]
ev_b-022,ev_b,EDITORIAL,AR,06,VIS-REMITTANCE-COST,summary_ar,«وبلغ من الإمارات» has no subject (what 'reached' is missing).,ACCEPTED,,VIS-REMITTANCE-COST.summary_ar [finding] | VIS-REMITTANCE-COST.accessible_summary_ar [twin]
ev_b-023,ev_b,EDITORIAL,AR,06,VIS-MFI-2014-PANEL,summary_ar,"An opening «لدى مقدمي ... ، تورد جداول» is a calque of 'For the same nine providers, tables report' and misuses «لدى».",ACCEPTED,,VIS-MFI-2014-PANEL.summary_ar [finding]
ev_b-024,ev_b,EDITORIAL,AR,06,VIS-POS-TERMINALS,summary_ar,"«وتُبقى ... ظاهرتين بوصفهما اختلافًا» is clumsy, and the English 'are kept as a discrepancy' is internal handling language; the meaning is that both figures are shown and the mismatch is recorded.",ACCEPTED,,VIS-POS-TERMINALS.summary_ar [finding] | VIS-POS-TERMINALS.accessible_summary_ar [twin] | VIS-POS-TERMINALS.summary_en [other language] | VIS-POS-TERMINALS.accessible_summary_en [twin]
ev_b-025,ev_b,EDITORIAL,AR,06,VIS-POS-TRANSACTIONS,summary_ar,"«وتُبقى المعلومتان بوصفهما اختلافًا» is clumsy, and the English 'both are kept as a discrepancy' is internal handling language.",ACCEPTED,,VIS-POS-TRANSACTIONS.summary_ar [finding] | VIS-POS-TRANSACTIONS.accessible_summary_ar [twin] | VIS-POS-TRANSACTIONS.summary_en [other language] | VIS-POS-TRANSACTIONS.accessible_summary_en [twin]
ev_b-026,ev_b,EDITORIAL,AR,06,CLM-026,summary_ar,"«تم تحديد» is a translated passive; «حُدِّدت» is the natural form, and 'demand-side' panel reads better as «لجانب الطلب».",ACCEPTED,,CLM-026.summary_ar [finding]
ev_b-027,ev_b,EDITORIAL,AR,06,VIS-FINDEX-OBSERVED-WAVES,universe_ar,"«موجات Findex اليمنية» reads as 'the Yemeni Findex', and «تم التحقق» is a translated passive.",ACCEPTED,,VIS-FINDEX-OBSERVED-WAVES.universe_ar [finding]
ev_b-028,ev_b,EDITORIAL,AR,06,VIS-FINDEX-SAMPLE-SUPPORT,universe_ar,«المجتمع الشرطي» and «بيانات دعم للعينة» are calques of 'conditional sub-populations' and 'sample-support information' that a reader cannot decode; the English has the same jargon.,ACCEPTED,,VIS-FINDEX-SAMPLE-SUPPORT.universe_ar [finding] | VIS-FINDEX-SAMPLE-SUPPORT.universe_en [other language]
ev_b-029,ev_b,EDITORIAL,AR,06,VIS-FINDEX-ACCESS-USE,universe_ar,«لكل درجة من درجات العرض» ('each degree of the display') is meaningless in Arabic; the English 'rung' is a metaphor for each indicator.,ACCEPTED,,VIS-FINDEX-ACCESS-USE.universe_ar [finding] | VIS-FINDEX-ACCESS-USE.universe_en [other language]
ev_b-030,ev_b,EDITORIAL,AR,06,VIS-FINDEX-RESILIENCE,universe_ar,"«المفقودات» means lost property, not missing answers.",ACCEPTED,,VIS-FINDEX-RESILIENCE.universe_ar [finding]
ev_b-031,ev_b,EDITORIAL,AR,06,CLM-028,universe_ar,«غير المقيمين في مؤسسات بعمر 15 سنة فأكثر» is a calque and puts the age after 'institutions'; the standard phrasing is «من غير نزلاء المؤسسات». The English 'sub-universes' is also internal jargon.,ACCEPTED,,CLM-028.universe_ar [finding] | CLM-028.universe_en [other language]
ev_b-032,ev_b,EDITORIAL,AR,06,CLM-029,universe_ar,«غير المقيمين في مؤسسات بعمر 15 سنة فأكثر» is a calque and puts the age after 'institutions'; the standard phrasing is «من غير نزلاء المؤسسات». The English 'sub-universes' is also internal jargon.,ACCEPTED,,CLM-029.universe_ar [finding] | CLM-029.universe_en [other language]
ev_b-033,ev_b,EDITORIAL,AR,06,CLM-030,universe_ar,«غير المقيمين في مؤسسات بعمر 15 سنة فأكثر» is a calque and puts the age after 'institutions'; the standard phrasing is «من غير نزلاء المؤسسات». The English 'sub-universes' is also internal jargon.,ACCEPTED,,CLM-030.universe_ar [finding] | CLM-030.universe_en [other language]
ev_b-034,ev_b,EDITORIAL,AR,06,VIS-BORROWING-SOURCES-2014,universe_ar,«دليل Findex اليمني» reads as 'the Yemeni Findex evidence'; the English 'Adults in the ... evidence' is equally unclear.,ACCEPTED,,VIS-BORROWING-SOURCES-2014.universe_ar [finding] | VIS-BORROWING-SOURCES-2014.universe_en [other language]
ev_b-035,ev_b,EDITORIAL,AR,06,VIS-DOMESTIC-REMITTANCE-PATH-2014,universe_ar,«في مرحلة الإرسال/الاستلام» and «المجتمعات ... الشرطية» are calques of the English jargon ('conditional ... populations'); neither edition says plainly who each value covers.,ACCEPTED,,VIS-DOMESTIC-REMITTANCE-PATH-2014.universe_ar [finding] | VIS-DOMESTIC-REMITTANCE-PATH-2014.universe_en [other language]
ev_b-036,ev_b,EDITORIAL,PARITY,06,VIS-FINDEX-FLOW-CHANNELS,title_ar,The Arabic title («قنوات التدفقات المالية على جانب الأفراد») is generic and does not carry the English title's four payment types; the English 'agriculture' should also be 'agricultural payments'.,ACCEPTED_MODIFIED,"Arabic follows the English title's four payment types, with the corpus terms.",VIS-FINDEX-FLOW-CHANNELS.title_ar [finding] | VIS-FINDEX-FLOW-CHANNELS.title_en [other language]
ev_b-037,ev_b,EDITORIAL,EN,06,VIS-FINDEX-FLOW-CHANNELS,universe_en,'Conditional populations' («المجتمعات الشرطية») is statistical jargon; say who the populations are.,ACCEPTED,,VIS-FINDEX-FLOW-CHANNELS.universe_en [finding] | VIS-FINDEX-FLOW-CHANNELS.universe_ar [other language]
ev_b-038,ev_b,EDITORIAL,PARITY,06,VIS-FINDEX-OBSERVED-WAVES,title_ar,"The Arabic title drops both 'account ownership' and 'not an annual line', which the English title carries.",ACCEPTED,,VIS-FINDEX-OBSERVED-WAVES.title_ar [finding]
ev_b-039,ev_b,EDITORIAL,PARITY,06,VIS-FIRM-CONSTRAINTS,title_ar,The English is limited to what firms report; the Arabic («القيد الوحيد أمام المنشآت») states it as a general fact about the constraints firms face.,SUPERSEDED,"by cv-002 (same title, fuller boundary: surveyed formal firms, 2022)",
ev_b-040,ev_b,EDITORIAL,PARITY,06,VIS-OECD-FCP-TIMELINE,universe_en,"The Arabic universe adds «وفصل الإطار عن التنفيذ والنتائج», which the English lacks; the boundary should appear in both editions.",ACCEPTED,,VIS-OECD-FCP-TIMELINE.universe_en [finding] | VIS-OECD-FCP-TIMELINE.denominator_universe [twin]
ev_b-041,ev_b,EDITORIAL,EN,06,VIS-OECD-FCP-TIMELINE,method_en,A stage 'recorded as open' («بوصفها مفتوحة») is internal status language; the public meaning is an evidence gap.,ACCEPTED,,VIS-OECD-FCP-TIMELINE.method_en [finding] | VIS-OECD-FCP-TIMELINE.method_ar [other language]
ev_b-042,ev_b,EDITORIAL,EN,06,CLM-031,period_en,"'Behavior evidence' and 'account-ownership anchor' are jargon; 'behavior' is also US spelling, while the corpus, including this record's limitations, uses 'behaviour'.",ACCEPTED,,CLM-031.period_en [finding]
ev_b-043,ev_b,EDITORIAL,EN,06,CLM-031,summary_en,US spelling 'behavior' conflicts with 'behaviour' in the same record's limitations and across the corpus.,ACCEPTED,,CLM-031.summary_en [finding]
ev_b-044,ev_b,EDITORIAL,EN,06,CLM-031,universe_en,'Publication state' is repository control language.,ACCEPTED,,CLM-031.universe_en [finding]
ev_b-045,ev_b,EDITORIAL,EN,06,DS-FINDEX-PUBLIC-HISTORY,summary_en,'Publication state' is repository control language.,ACCEPTED,,DS-FINDEX-PUBLIC-HISTORY.summary_en [finding]
ev_b-046,ev_b,EDITORIAL,EN,06,CLM-004,universe_en,'Measurement objects' is internal wording; the Arabic already says «وحدات قياس مختلفة».,ACCEPTED,,CLM-004.universe_en [finding]
ev_b-047,ev_b,EDITORIAL,EN,06,CLM-006,summary_en,'Major plus moderate finance obstacles sum to' treats obstacles as quantities; the sum is of the shares of firms giving each rating (the Arabic is already correct).,ACCEPTED,,CLM-006.summary_en [finding]
ev_b-048,ev_b,EDITORIAL,EN,06,CLM-014,period_en,'Current release comparison' is internal release language and reads as a noun pile-up.,ACCEPTED,,CLM-014.period_en [finding]
ev_b-049,ev_b,EDITORIAL,EN,06,CLM-022,summary_en,"'Materially informative but not continuously annual', 'pointer-only years', the slash and the capital after a colon are consultancy or repository phrasing.",ACCEPTED,,CLM-022.summary_en [finding] | CLM-022.summary_ar [other language]
ev_b-050,ev_b,EDITORIAL,EN,06,CLM-022,currentness_en,'Secondary pointer' is internal jargon.,ACCEPTED,,CLM-022.currentness_en [finding] | CLM-022.currentness_ar [other language]
ev_b-051,ev_b,EDITORIAL,EN,06,VIS-PAYMENT-ANATOMY,summary_en,'Crosswalk' is technical jargon in a public summary.,ACCEPTED,,VIS-PAYMENT-ANATOMY.summary_en [finding] | VIS-PAYMENT-ANATOMY.accessible_summary_en [twin]
ev_b-052,ev_b,EDITORIAL,EN,06,VIS-REMITTANCE-MACRO,universe_en,'Evidence state ... by year' is repository control language.,ACCEPTED,,VIS-REMITTANCE-MACRO.universe_en [finding] | VIS-REMITTANCE-MACRO.denominator_universe [twin]
ev_b-053,ev_b,EDITORIAL,EN,06,DS-DEMAND-VINTAGE-LENS,method_en,"'Admitted Findex evidence' and 'evidence-vintage map' are internal control jargon, and the Arabic «تركيب عبر موجات» is a calque of 'cross-wave synthesis'.",ACCEPTED,,DS-DEMAND-VINTAGE-LENS.method_en [finding] | DS-DEMAND-VINTAGE-LENS.method_ar [other language]
ev_b-054,ev_b,EDITORIAL,EN,06,DS-DEMAND-VINTAGE-LENS,summary_en,"The summary is a verbless fragment ('For ten financial functions, which evidence period applies to each') that is hard to parse in both editions.",ACCEPTED,,DS-DEMAND-VINTAGE-LENS.summary_en [finding] | DS-DEMAND-VINTAGE-LENS.summary_ar [other language]
ev_b-055,ev_b,EDITORIAL,EN,06,CLM-028,limitations_en,"Template caveat: this borrowing record reports no remittance-channel values, so the appended remittance-channel clause (copied from the dataset-level caveat) confuses the reader. The borrowing boundaries stay intact.",ACCEPTED,,CLM-028.limitations_en [finding] | CLM-028.limitations_ar [other language]
ev_b-056,ev_b,EDITORIAL,EN,06,CLM-029,limitations_en,"'Historical, not current.' is a slogan fragment (CLM-028 uses a full sentence), and the Arabic «هذه أدلة تاريخية» drops 'not current'.",ACCEPTED,,CLM-029.limitations_en [finding] | CLM-029.limitations_ar [other language]
ev_b-057,ev_b,EDITORIAL,EN,06,CLM-030,limitations_en,"'Historical, not current.' is a slogan fragment, and 'conditional sub-population' is jargon; the Arabic «هذه أدلة تاريخية» drops 'not current'.",ACCEPTED,,CLM-030.limitations_en [finding] | CLM-030.limitations_ar [other language]
ev_b-058,ev_b,EDITORIAL,FIREWALL,06,DS-FINDEX-HISTORY-CROSSWALK,limitations_en,"The 2021 wave (fieldwork 2022–23) is called 'current' («حالي») here, while every other record insists it is the latest wave, not a current (2026) value.",ACCEPTED,,DS-FINDEX-HISTORY-CROSSWALK.limitations_en [finding] | DS-FINDEX-HISTORY-CROSSWALK.limitations_ar [other language]
ev_b-059,ev_b,EDITORIAL,EN,06,VIS-FIRM-CONSTRAINTS,summary_en,"'Held in the evidence base' uses repository control language ('held'); 'recorded' says the same thing plainly. The phrase recurs in rows 60, 61, 72, 73 and 75.",ACCEPTED,,VIS-FIRM-CONSTRAINTS.summary_en [finding] | VIS-FIRM-CONSTRAINTS.accessible_summary_en [twin]
ev_b-060,ev_b,EDITORIAL,EN,06,VIS-FIRM-CONSTRAINTS,limitations_en,"'Held in the evidence base' uses repository control language ('held'); 'recorded' says the same thing plainly. The phrase recurs in rows 60, 61, 72, 73 and 75.",ACCEPTED,,VIS-FIRM-CONSTRAINTS.limitations_en [finding]
ev_b-061,ev_b,EDITORIAL,EN,06,VIS-FIRM-FINANCE-SEVERITY,summary_en,"'Held in the evidence base' uses repository control language ('held'); 'recorded' says the same thing plainly. The phrase recurs in rows 60, 61, 72, 73 and 75.",ACCEPTED,,VIS-FIRM-FINANCE-SEVERITY.summary_en [finding] | VIS-FIRM-FINANCE-SEVERITY.accessible_summary_en [twin]
ev_b-062,ev_b,EDITORIAL,EN,06,VIS-FIRM-FINANCE-SEVERITY,universe_en,"'Held in the evidence base' uses repository control language ('held'); 'recorded' says the same thing plainly. The phrase recurs in rows 60, 61, 72, 73 and 75.",ACCEPTED,,VIS-FIRM-FINANCE-SEVERITY.universe_en [finding] | VIS-FIRM-FINANCE-SEVERITY.denominator_universe [twin]
ev_b-063,ev_b,EDITORIAL,EN,06,VIS-FIRM-FINANCE-SEVERITY,limitations_en,"'Held in the evidence base' uses repository control language ('held'); 'recorded' says the same thing plainly. The phrase recurs in rows 60, 61, 72, 73 and 75.",ACCEPTED,,VIS-FIRM-FINANCE-SEVERITY.limitations_en [finding]
ev_b-064,ev_b,EDITORIAL,EN,06,CLM-005,limitations_en,"'Held in the evidence base' uses repository control language ('held'); 'recorded' says the same thing plainly. The phrase recurs in rows 60, 61, 72, 73 and 75.",ACCEPTED,,CLM-005.limitations_en [finding]
ev_b-065,ev_b,EDITORIAL,EN,06,CLM-006,limitations_en,"'Held in the evidence base' uses repository control language ('held'); 'recorded' says the same thing plainly. The phrase recurs in rows 60, 61, 72, 73 and 75.",ACCEPTED,,CLM-006.limitations_en [finding]
ev_b-066,ev_b,EDITORIAL,EN,06,VIS-REMITTANCE-COST,limitations_en,"'Held in the evidence base' uses repository control language ('held'); 'recorded' says the same thing plainly. The phrase recurs in rows 60, 61, 72, 73 and 75.",ACCEPTED,,VIS-REMITTANCE-COST.limitations_en [finding]
ev_b-067,ev_b,EDITORIAL,EN,06,CLM-014,currentness_en,'Records held in the content version' is repository control language.,ACCEPTED,,CLM-014.currentness_en [finding]
ev_b-068,ev_b,EDITORIAL,EN,06,VIS-OECD-FCP-TIMELINE,summary_en,'Is held' is repository control language; the Arabic already says «لا تتوفر» (is not available).,SUPERSEDED,by cv-018 (same sentence in the 06 twin),
ev_b-069,ev_b,EDITORIAL,EN,06,VIS-OECD-FCP-TIMELINE,definition_en,'Is held' is repository control language; the Arabic already says «لا تتوفر» (is not available).,ACCEPTED_MODIFIED,Control word 'held' replaced with an explicit subject (the evidence base) so that missing-here is not read as non-existent; one wording is used across the corpus.,VIS-OECD-FCP-TIMELINE.definition_en [finding]
ev_b-070,ev_b,EDITORIAL,EN,06,VIS-OECD-FCP-TIMELINE,currentness_en,'Is held' is repository control language; the Arabic already says «لا تتوفر» (is not available).,ACCEPTED_MODIFIED,Control word 'held' replaced with an explicit subject (the evidence base) so that missing-here is not read as non-existent; one wording is used across the corpus.,VIS-OECD-FCP-TIMELINE.currentness_en [finding]
ev_c-001,ev_c,MATERIAL,PARITY,06,CLM-052,summary_ar,Arabic says the providers' data were concentrated in cities; English says e-money accounts/users were concentrated in cities at 93.8% — the Arabic misstates what the 93.8% measures.,ACCEPTED,,CLM-052.summary_ar [finding]
ev_c-002,ev_c,QUERY,PARITY,06,CLM-040,period_en,"Period gives the reconstruction as 2014–2025, but the summary and currentness say the July 2025 mission produced BOP/IIP statistics for 2014–2024; please confirm which end year is right (format also tidied).",ACCEPTED_MODIFIED,QUERY resolved from the record's own summary and currentness: the July 2025 mission produced statistics for 2014–2024.,CLM-040.period_en [finding] | CLM-040.period_ar [other language]
ev_c-003,ev_c,QUERY,EN,06,CLM-042,period_en,"""method work 2014–2025"" conflicts with CLM-032 (""IMF method work 2024–2025"") and CLM-036 (work done in 2024–2025, covering 2014–2025); it appears to mean the years covered, not when the work took place — please confirm.",ACCEPTED,,CLM-042.period_en [finding] | CLM-042.period_ar [other language]
ev_c-004,ev_c,QUERY,EN,06,CLM-037,limitations_en,"The closing clause about a same-year revision appears to be carried over from CLM-032; this record compares CBY-Aden and IMF series, not two editions of one year — confirm whether it belongs here before deleting.",REJECTED,"The clause is true in this record (the CBY-Aden series compared is itself restated between annual-report editions, CLM-032); removing a boundary is not warranted.",
ev_c-005,ev_c,EDITORIAL,PARITY,06,VIS-PAYMENT-RAILS,summary_ar,"Arabic says the project has ""two components"" for FPS and RTGS; English says only ""components"" — do not add a count the English does not give.",ACCEPTED,,VIS-PAYMENT-RAILS.summary_ar [finding] | VIS-PAYMENT-RAILS.accessible_summary_ar [twin]
ev_c-006,ev_c,EDITORIAL,EN,06,VIS-PAYMENT-RAILS,summary_en,"""the source owner's own statement"" is internal vocabulary; say plainly that it is the central bank's own statement, not an independent measurement.",ACCEPTED_MODIFIED,Arabic names the central bank by its house short form.,VIS-PAYMENT-RAILS.summary_en [finding] | VIS-PAYMENT-RAILS.accessible_summary_en [twin] | VIS-PAYMENT-RAILS.summary_ar [other language] | VIS-PAYMENT-RAILS.accessible_summary_ar [twin]
ev_c-007,ev_c,EDITORIAL,PARITY,06,VIS-PAYMENT-RAILS,universe_en,"Arabic universe adds the boundary ""with regulation, project, integration, institution, operation and use kept separate""; English lacks it.",ACCEPTED,,VIS-PAYMENT-RAILS.universe_en [finding] | VIS-PAYMENT-RAILS.denominator_universe [twin]
ev_c-008,ev_c,EDITORIAL,PARITY,06,VIS-CAPITAL-CONTEXT,universe_en,"English is a terse lowercase fragment with a slash; Arabic adds ""with flow categories and their states kept separate"". Align and make readable.",ACCEPTED,,VIS-CAPITAL-CONTEXT.universe_en [finding] | VIS-CAPITAL-CONTEXT.denominator_universe [twin]
ev_c-009,ev_c,EDITORIAL,PARITY,06,VIS-EVIDENCE-CLASS-LADDER,universe_ar,"Arabic says ""documented evidence records"" where English says records ""published in this resource""; Arabic also adds classification wording absent in English.",ACCEPTED,,VIS-EVIDENCE-CLASS-LADDER.universe_ar [finding] | VIS-EVIDENCE-CLASS-LADDER.universe_en [other language] | VIS-EVIDENCE-CLASS-LADDER.denominator_universe [twin]
ev_c-010,ev_c,EDITORIAL,PARITY,06,VIS-TARGET-RESULT-STATE,summary_ar,"English says the project count ""is not comparable with"" administrative counts; Arabic says it ""is not compared"", which is weaker than the English boundary.",ACCEPTED,,VIS-TARGET-RESULT-STATE.summary_ar [finding] | VIS-TARGET-RESULT-STATE.accessible_summary_ar [twin]
ev_c-011,ev_c,EDITORIAL,PARITY,06,CLM-049,universe_ar,"English says the agreement is between IMF staff and the authorities; Arabic says between ""the IMF"" and the authorities, blurring staff level and the Fund as an institution — the record's central distinction.",ACCEPTED,,CLM-049.universe_ar [finding]
ev_c-012,ev_c,EDITORIAL,PARITY,06,CLM-048,title_ar,"Arabic says BPM7 does not ""rename"" Yemen's history (English: ""rewrite""); starts with a bare Latin code; English ""Yemen's history"" can be misread as political history if quoted alone.",ACCEPTED,,CLM-048.title_ar [finding] | CLM-048.title_en [other language]
ev_c-013,ev_c,EDITORIAL,PARITY,06,CLM-040,universe_ar,Arabic omits that the analytical framework is the IMF's.,ACCEPTED,,CLM-040.universe_ar [finding]
ev_c-014,ev_c,EDITORIAL,PARITY,06,CLM-036,universe_ar,Arabic omits that the analytical framework is the IMF's.,ACCEPTED,,CLM-036.universe_ar [finding]
ev_c-015,ev_c,EDITORIAL,AR,06,CLM-054,summary_ar,"""لم تُتحقق"" is ungrammatical (تحقّق needs ""منها"") and shifts the English meaning (""not yet available in the evidence base for direct verification"").",ACCEPTED,,CLM-054.summary_ar [finding]
ev_c-016,ev_c,EDITORIAL,AR,06,VIS-FL-EVIDENCE-LADDER,method_ar,"Capability scores are called «نتائج», the same word used in this record for programme outcomes; use «درجات» so capability scores are not read as outcomes (activity ≠ capability ≠ outcome).",ACCEPTED,,VIS-FL-EVIDENCE-LADDER.method_ar [finding]
ev_c-017,ev_c,EDITORIAL,AR,06,VIS-FL-EVIDENCE-LADDER,currentness_ar,"Capability scores are called «نتائج» (also used for outcomes); use «درجات» as the English ""scores"" does.",ACCEPTED,,VIS-FL-EVIDENCE-LADDER.currentness_ar [finding]
ev_c-018,ev_c,EDITORIAL,AR,06,VIS-FL-EVIDENCE-LADDER,universe_ar,"«النتائج المقيمة» is ambiguous (unvocalised it reads as ""resident outcomes""); say outcomes established by evaluation, as in English.",ACCEPTED,,VIS-FL-EVIDENCE-LADDER.universe_ar [finding]
ev_c-019,ev_c,EDITORIAL,EN,06,VIS-FL-EVIDENCE-LADDER,summary_en,"""that level remains open"" refers to a ladder level the summary never introduces; say plainly there is no outcome-level evidence.",ACCEPTED,,VIS-FL-EVIDENCE-LADDER.summary_en [finding] | VIS-FL-EVIDENCE-LADDER.accessible_summary_en [twin] | VIS-FL-EVIDENCE-LADDER.summary_ar [other language] | VIS-FL-EVIDENCE-LADDER.accessible_summary_ar [twin]
ev_c-020,ev_c,EDITORIAL,EN,06,CLM-044,universe_en,"""Whole-Yemen analytical target"" is jargon, and ""target"" (Arabic «هدف») invites confusion with a programme target; Arabic also adds ""not an observed official value"".",ACCEPTED,,CLM-044.universe_en [finding] | CLM-044.universe_ar [other language]
ev_c-021,ev_c,EDITORIAL,AR,06,CLM-045,title_ar,"House term: durable/persistent use is «مستمر», not «مستدام» (which reads as sustainability).",ACCEPTED,,CLM-045.title_ar [finding]
ev_c-022,ev_c,EDITORIAL,AR,06,CLM-045,summary_ar,"House term: durable/persistent use is «مستمر», not «مستدام» (which reads as sustainability).",ACCEPTED,,CLM-045.summary_ar [finding]
ev_c-023,ev_c,EDITORIAL,AR,06,CLM-045,limitations_ar,"House term: durable/persistent use is «مستمر», not «مستدام» (which reads as sustainability).",ACCEPTED,,CLM-045.limitations_ar [finding]
ev_c-024,ev_c,EDITORIAL,AR,06,CLM-050,summary_ar,"House term: durable/persistent use is «مستمر», not «مستدام» (which reads as sustainability).",ACCEPTED,,CLM-050.summary_ar [finding]
ev_c-025,ev_c,EDITORIAL,AR,06,CLM-051,limitations_ar,"House term: durable/persistent use is «مستمر», not «مستدام» (which reads as sustainability).",ACCEPTED,,CLM-051.limitations_ar [finding]
ev_c-026,ev_c,EDITORIAL,AR,06,VIS-EVIDENCE-CLASS-LADDER,limitations_ar,"Calque «فريد» for ""unique"" (reads as ""exceptional""); the statistical sense is a count without duplication — «دون تكرار».",REJECTED,"House term kept: «فريد / الفريدين» is the corpus-wide Arabic term for unique (de-duplicated) people, users, firms and providers, used consistently in every domain; switching a handful of fields to «دون تكرار» would give one concept two names.",
ev_c-027,ev_c,EDITORIAL,AR,06,CLM-050,limitations_ar,"Calque «فريد» for ""unique"" (reads as ""exceptional""); the statistical sense is a count without duplication — «دون تكرار».",REJECTED,"House term kept: «فريد / الفريدين» is the corpus-wide Arabic term for unique (de-duplicated) people, users, firms and providers, used consistently in every domain; switching a handful of fields to «دون تكرار» would give one concept two names.",
ev_c-028,ev_c,EDITORIAL,AR,06,CLM-050,limitations_ar,"Calque «فريد» for ""unique"" (reads as ""exceptional""); the statistical sense is a count without duplication — «دون تكرار».",REJECTED,"House term kept: «فريد / الفريدين» is the corpus-wide Arabic term for unique (de-duplicated) people, users, firms and providers, used consistently in every domain; switching a handful of fields to «دون تكرار» would give one concept two names.",
ev_c-029,ev_c,EDITORIAL,AR,06,CLM-051,limitations_ar,"Calque «فريد» for ""unique"" (reads as ""exceptional""); the statistical sense is a count without duplication — «دون تكرار».",REJECTED,"House term kept: «فريد / الفريدين» is the corpus-wide Arabic term for unique (de-duplicated) people, users, firms and providers, used consistently in every domain; switching a handful of fields to «دون تكرار» would give one concept two names.",
ev_c-030,ev_c,EDITORIAL,AR,06,CLM-053,limitations_ar,"Calque «فريد» for ""unique"" (reads as ""exceptional""); the statistical sense is a count without duplication — «دون تكرار».",REJECTED,"House term kept: «فريد / الفريدين» is the corpus-wide Arabic term for unique (de-duplicated) people, users, firms and providers, used consistently in every domain; switching a handful of fields to «دون تكرار» would give one concept two names.",
ev_c-031,ev_c,EDITORIAL,AR,06,CLM-054,summary_ar,"Calque «فريد» for ""unique"" (reads as ""exceptional""); the statistical sense is a count without duplication — «دون تكرار».",REJECTED,"House term kept: «فريد / الفريدين» is the corpus-wide Arabic term for unique (de-duplicated) people, users, firms and providers, used consistently in every domain; switching a handful of fields to «دون تكرار» would give one concept two names.",
ev_c-032,ev_c,EDITORIAL,AR,06,CLM-054,limitations_ar,"Calque «فريد» for ""unique"" (reads as ""exceptional""); the statistical sense is a count without duplication — «دون تكرار».",REJECTED,"House term kept: «فريد / الفريدين» is the corpus-wide Arabic term for unique (de-duplicated) people, users, firms and providers, used consistently in every domain; switching a handful of fields to «دون تكرار» would give one concept two names.",
ev_c-033,ev_c,EDITORIAL,AR,06,CLM-056,limitations_ar,"Calque «فريد» for ""unique"" (reads as ""exceptional""); the statistical sense is a count without duplication — «دون تكرار».",REJECTED,"House term kept: «فريد / الفريدين» is the corpus-wide Arabic term for unique (de-duplicated) people, users, firms and providers, used consistently in every domain; switching a handful of fields to «دون تكرار» would give one concept two names.",
ev_c-034,ev_c,EDITORIAL,AR,06,CLM-059,summary_ar,"Calque «فريد» for ""unique"" (reads as ""exceptional""); the statistical sense is a count without duplication — «دون تكرار».",REJECTED,"House term kept: «فريد / الفريدين» is the corpus-wide Arabic term for unique (de-duplicated) people, users, firms and providers, used consistently in every domain; switching a handful of fields to «دون تكرار» would give one concept two names.",
ev_c-035,ev_c,EDITORIAL,AR,06,CLM-059,limitations_ar,"Calque «فريد» for ""unique"" (reads as ""exceptional""); the statistical sense is a count without duplication — «دون تكرار».",REJECTED,"House term kept: «فريد / الفريدين» is the corpus-wide Arabic term for unique (de-duplicated) people, users, firms and providers, used consistently in every domain; switching a handful of fields to «دون تكرار» would give one concept two names.",
ev_c-036,ev_c,EDITORIAL,AR,06,CLM-060,limitations_ar,"Calque «فريد» for ""unique"" (reads as ""exceptional""); the statistical sense is a count without duplication — «دون تكرار».",REJECTED,"House term kept: «فريد / الفريدين» is the corpus-wide Arabic term for unique (de-duplicated) people, users, firms and providers, used consistently in every domain; switching a handful of fields to «دون تكرار» would give one concept two names.",
ev_c-037,ev_c,EDITORIAL,AR,06,FMIIP-BASELINE-2025-01,limitations_ar,"Calque «فريد» for ""unique"" (reads as ""exceptional""); the statistical sense is a count without duplication — «دون تكرار».",REJECTED,"House term kept: «فريد / الفريدين» is the corpus-wide Arabic term for unique (de-duplicated) people, users, firms and providers, used consistently in every domain; switching a handful of fields to «دون تكرار» would give one concept two names.",
ev_c-038,ev_c,EDITORIAL,AR,06,CLM-040,title_ar,"«أنتجت تاريخًا» is a calque of ""produced a history""; the object is a historical series (same in English).",ACCEPTED,,CLM-040.title_ar [finding] | CLM-040.title_en [other language]
ev_c-039,ev_c,EDITORIAL,AR,06,CLM-040,definition_ar,"«سجل تاريخي» renders ""series"" as ""record""; use «سلسلة».",ACCEPTED,,CLM-040.definition_ar [finding]
ev_c-040,ev_c,EDITORIAL,EN,06,CLM-040,summary_en,"Slash construction, ""resumed evidence"" and ""publication crosswalk"" are internal shorthand; Arabic uses a slash and the calque «مفتوحة» for ""open"".",ACCEPTED,,CLM-040.summary_en [finding] | CLM-040.summary_ar [other language]
ev_c-041,ev_c,EDITORIAL,EN,06,CLM-041,title_en,"""conversion scalar"" and ""BOP"" are jargon (summary says ""conversion factor""); Arabic title uses first person «اختبرناها» and «العامة» (reads as ""general"") for ""public"".",ACCEPTED,,CLM-041.title_en [finding] | CLM-041.title_ar [other language]
ev_c-042,ev_c,EDITORIAL,AR,06,CLM-041,universe_ar,"«المكونات العامة» reads as ""general components""; the sense is published components (as the summary says «المنشورة»).",ACCEPTED,,CLM-041.universe_ar [finding]
ev_c-043,ev_c,EDITORIAL,AR,06,CLM-041,limitations_ar,"«المكونات العامة» reads as ""general components""; use «المنشورة».",ACCEPTED,,CLM-041.limitations_ar [finding]
ev_c-044,ev_c,EDITORIAL,AR,06,CLM-045,summary_ar,"«الاتصال بخدمة» reads as ""contacting/calling a service""; the sense of ""exposure"" is that recipients were introduced to the service (without implying use).",ACCEPTED_MODIFIED,«التعرض لـ» (exposure) is a calque; the rung means a recipient's first contact with a formal financial service and is written «أول تعامل مع …» everywhere.,CLM-045.summary_ar [finding]
ev_c-045,ev_c,EDITORIAL,EN,06,CLM-046,summary_en,"""recorded by financial state"" is internal vocabulary; the title and definition speak of stages.",ACCEPTED,,CLM-046.summary_en [finding] | CLM-046.summary_ar [other language]
ev_c-046,ev_c,EDITORIAL,AR,06,CLM-056,summary_ar,Bare English title used as a masculine subject («أعاد Yemen Review») is awkward in Arabic; introduce it as a named report.,ACCEPTED,,CLM-056.summary_ar [finding]
ev_c-047,ev_c,EDITORIAL,AR,06,CLM-058,definition_ar,"Report named «التشخيص المالي لليمن» here but «تشخيص القطاع المالي» in the summary; English is ""Financial Sector Diagnostics"".",ACCEPTED,,CLM-058.definition_ar [finding]
ev_c-048,ev_c,EDITORIAL,AR,06,CLM-058,method_ar,Same inconsistent Arabic name for the World Bank Financial Sector Diagnostics.,ACCEPTED,,CLM-058.method_ar [finding]
ev_c-049,ev_c,EDITORIAL,AR,06,CLM-062,method_ar,Same inconsistent Arabic name for the World Bank Financial Sector Diagnostics (CLM-058 summary uses «تشخيص القطاع المالي»).,ACCEPTED,,CLM-062.method_ar [finding]
ev_c-050,ev_c,EDITORIAL,AR,06,CLM-032,universe_ar,"«مفتوحة» is a calque of ""open""; the Arabic sense is ""unresolved"".",ACCEPTED,,CLM-032.universe_ar [finding]
ev_c-051,ev_c,EDITORIAL,AR,06,CLM-037,universe_ar,"«مفتوحة» is a calque of ""open""; the Arabic sense is ""unresolved"".",ACCEPTED,,CLM-037.universe_ar [finding]
ev_c-052,ev_c,EDITORIAL,AR,06,CLM-038,limitations_ar,"«السلسلة القانونية/الإحصائية مفتوحة» is a calque of ""lineage ... remain open"", with a slash; English ""lineage"" is also opaque.",ACCEPTED,,CLM-038.limitations_ar [finding] | CLM-038.limitations_en [other language]
ev_c-053,ev_c,EDITORIAL,AR,06,CLM-033,title_ar,"«القفزة المصرفية المقاسة» is a literal rendering of ""measured banking jump""; say that part of the jump in banking figures may come from a change in valuation method.",ACCEPTED,,CLM-033.title_ar [finding]
ev_c-054,ev_c,EDITORIAL,AR,06,CLM-039,summary_ar,"«نسخ وصول» is a calque of ""access vintages"" and unclear to an Arabic reader.",ACCEPTED,,CLM-039.summary_ar [finding]
ev_c-055,ev_c,EDITORIAL,EN,06,VIS-TARGET-RESULT-STATE,summary_en,"""held"" is repository vocabulary; a public reader needs ""available"" / ""recorded"".",ACCEPTED_MODIFIED,Control word 'held' replaced with an explicit subject (the evidence base) so that missing-here is not read as non-existent; one wording is used across the corpus.,VIS-TARGET-RESULT-STATE.summary_en [finding] | VIS-TARGET-RESULT-STATE.accessible_summary_en [twin]
ev_c-056,ev_c,EDITORIAL,EN,06,VIS-TARGET-RESULT-STATE,definition_en,"""held"" is repository vocabulary; a public reader needs ""available"" / ""recorded"".",ACCEPTED_MODIFIED,Control word 'held' replaced with an explicit subject (the evidence base) so that missing-here is not read as non-existent; one wording is used across the corpus.,VIS-TARGET-RESULT-STATE.definition_en [finding]
ev_c-057,ev_c,EDITORIAL,EN,06,VIS-TARGET-RESULT-STATE,period_en,"""held"" is repository vocabulary; a public reader needs ""available"" / ""recorded"".",ACCEPTED_MODIFIED,Control word 'held' replaced with an explicit subject (the evidence base) so that missing-here is not read as non-existent; one wording is used across the corpus.,VIS-TARGET-RESULT-STATE.period_en [finding] | VIS-TARGET-RESULT-STATE.period [twin]
ev_c-058,ev_c,EDITORIAL,EN,06,VIS-TARGET-RESULT-STATE,method_en,"""held"" is repository vocabulary; a public reader needs ""available"" / ""recorded"".",ACCEPTED_MODIFIED,Control word 'held' replaced with an explicit subject (the evidence base) so that missing-here is not read as non-existent; one wording is used across the corpus.,VIS-TARGET-RESULT-STATE.method_en [finding]
ev_c-059,ev_c,EDITORIAL,EN,06,VIS-TARGET-RESULT-STATE,limitations_en,"""held"" is repository vocabulary; a public reader needs ""available"" / ""recorded"".",SUPERSEDED,by cv-014 (same sentence in the 06 twin),
ev_c-060,ev_c,EDITORIAL,EN,06,VIS-TARGET-RESULT-STATE,currentness_en,"""held"" is repository vocabulary; a public reader needs ""available"" / ""recorded"".",ACCEPTED_MODIFIED,Control word 'held' replaced with an explicit subject (the evidence base) so that missing-here is not read as non-existent; one wording is used across the corpus.,VIS-TARGET-RESULT-STATE.currentness_en [finding]
ev_c-061,ev_c,EDITORIAL,EN,06,VIS-FL-EVIDENCE-LADDER,definition_en,"""held"" is repository vocabulary; a public reader needs ""available"" / ""recorded"".",ACCEPTED_MODIFIED,Control word 'held' replaced with an explicit subject (the evidence base) so that missing-here is not read as non-existent; one wording is used across the corpus.,VIS-FL-EVIDENCE-LADDER.definition_en [finding]
ev_c-062,ev_c,EDITORIAL,EN,06,CLM-056,currentness_en,"""held"" is repository vocabulary; a public reader needs ""available"" / ""recorded"".",ACCEPTED_MODIFIED,Control word 'held' replaced with an explicit subject (the evidence base) so that missing-here is not read as non-existent; one wording is used across the corpus.,CLM-056.currentness_en [finding]
ev_c-063,ev_c,EDITORIAL,EN,06,FMIIP-BASELINE-2025-01,currentness_en,"""held"" is repository vocabulary; a public reader needs ""available"" / ""recorded"".",ACCEPTED,,FMIIP-BASELINE-2025-01.currentness_en [finding]
ev_c-064,ev_c,EDITORIAL,EN,06,CLM-062,summary_en,"""held"" is repository vocabulary; a public reader needs ""available"" / ""recorded"".",ACCEPTED,,CLM-062.summary_en [finding]
ev_c-065,ev_c,EDITORIAL,EN,06,CLM-062,limitations_en,"""held"" is repository vocabulary; a public reader needs ""available"" / ""recorded"".",ACCEPTED,,CLM-062.limitations_en [finding]
ev_c-066,ev_c,EDITORIAL,EN,06,CLM-044,summary_en,"""public original locator"" is repository vocabulary (Arabic already says ""no public original link"").",ACCEPTED,,CLM-044.summary_en [finding]
ev_c-067,ev_c,EDITORIAL,EN,06,CLM-044,method_en,"""public original locator"" is repository vocabulary.",ACCEPTED,,CLM-044.method_en [finding]
ev_c-068,ev_c,EDITORIAL,EN,06,CLM-039,summary_en,"""surface"", ISO date, ""access vintages"" and ""interface/provenance state"" are internal vocabulary; the sentence is hard to follow.",ACCEPTED,,CLM-039.summary_en [finding]
ev_c-069,ev_c,EDITORIAL,EN,06,CLM-039,definition_en,"""surfaces"" is internal vocabulary; use ""interfaces"" as elsewhere in the record.",ACCEPTED,,CLM-039.definition_en [finding]
ev_c-070,ev_c,EDITORIAL,EN,06,CLM-039,period_en,"""surfaces"" is internal vocabulary.",ACCEPTED,,CLM-039.period_en [finding]
ev_c-071,ev_c,EDITORIAL,EN,06,CLM-039,method_en,"Fragment with ""+"" and a slash; not a readable method statement.",ACCEPTED,,CLM-039.method_en [finding]
ev_c-072,ev_c,EDITORIAL,EN,06,CLM-039,limitations_en,"""surface"" and a noun stack (""underlying dataset absence, deletion or revision cause"") are hard to read.",ACCEPTED,,CLM-039.limitations_en [finding]
ev_c-073,ev_c,EDITORIAL,EN,06,CLM-039,universe_en,Slash fragment; Arabic spells it out.,ACCEPTED,,CLM-039.universe_en [finding]
ev_c-074,ev_c,EDITORIAL,EN,06,CLM-032,period_en,"""AR2022–AR2025"" is internal shorthand for the CBY-Aden annual reports.",ACCEPTED,,CLM-032.period_en [finding]
ev_c-075,ev_c,EDITORIAL,EN,06,CLM-033,summary_en,"""AR2023"" is internal shorthand.",ACCEPTED,,CLM-033.summary_en [finding]
ev_c-076,ev_c,EDITORIAL,EN,06,CLM-033,limitations_en,"""line-level attribution ... remains bounded"" is opaque; Arabic says attribution stays within what the source establishes.",ACCEPTED,,CLM-033.limitations_en [finding]
ev_c-077,ev_c,EDITORIAL,EN,06,CLM-034,summary_en,"""Within AR2025"" is internal shorthand; name the report.",ACCEPTED,,CLM-034.summary_en [finding]
ev_c-078,ev_c,EDITORIAL,EN,06,CLM-034,period_en,"""overlapping ... published path"" is opaque; Arabic «المسار المنشور المتداخل» is a calque.",ACCEPTED,,CLM-034.period_en [finding] | CLM-034.period_ar [other language]
ev_c-079,ev_c,EDITORIAL,EN,06,CLM-035,title_en,"""vintage"" is statistical jargon for a public title.",ACCEPTED_MODIFIED,"Arabic aligned with the English (the two editions are annual reports, per the record's period).",CLM-035.title_en [finding] | CLM-035.title_ar [other language]
ev_c-080,ev_c,EDITORIAL,EN,06,CLM-036,summary_en,"""CBY AR2025"" is internal shorthand.",ACCEPTED,,CLM-036.summary_en [finding]
ev_c-081,ev_c,EDITORIAL,EN,06,CLM-038,title_en,"""has history, not a clean “first-ever” boundary"" is opaque.",ACCEPTED,,CLM-038.title_en [finding]
ev_c-082,ev_c,EDITORIAL,EN,06,CLM-038,universe_en,"Slashes and ""source-specific ... scopes"" make the population unreadable.",ACCEPTED,,CLM-038.universe_en [finding]
ev_c-083,ev_c,EDITORIAL,EN,06,CLM-038,method_en,"""Cross-vintage method lineage"" and the unexplained ""MFD"" are internal shorthand (Arabic spells out monetary and financial data).",ACCEPTED,,CLM-038.method_en [finding]
ev_c-084,ev_c,EDITORIAL,EN,06,CLM-047,summary_en,Unexpanded acronyms and a noun stack in the key sentence.,ACCEPTED,,CLM-047.summary_en [finding]
ev_c-085,ev_c,EDITORIAL,EN,06,CLM-047,universe_en,One-word fragment; Arabic states it in full.,ACCEPTED,,CLM-047.universe_en [finding]
ev_c-086,ev_c,EDITORIAL,EN,06,CLM-046,universe_en,Slash fragment; Arabic states it in full.,ACCEPTED,,CLM-046.universe_en [finding]
ev_c-087,ev_c,EDITORIAL,EN,06,CLM-043,universe_en,"""BOP universe"" is jargon.",ACCEPTED,,CLM-043.universe_en [finding]
ev_c-088,ev_c,EDITORIAL,EN,06,CLM-045,universe_en,"Slashes and ""universes"" are jargon.",ACCEPTED,,CLM-045.universe_en [finding]
ev_c-089,ev_c,EDITORIAL,EN,06,CLM-045,limitations_en,"""Evidence is meaningful through several intermediate links"" is unclear; slash construction.",ACCEPTED,,CLM-045.limitations_en [finding]
ev_c-090,ev_c,EDITORIAL,EN,06,CLM-048,summary_en,"""source-native standard/version"" is jargon with a slash.",ACCEPTED,,CLM-048.summary_en [finding]
ev_c-091,ev_c,EDITORIAL,EN,06,CLM-048,period_en,"""vintages"" is jargon; Arabic adds «مع الإبقاء على» (""while keeping""), turning a period into a rule.",ACCEPTED,,CLM-048.period_en [finding] | CLM-048.period_ar [other language]
ev_c-092,ev_c,EDITORIAL,EN,06,CLM-051,universe_en,"""Source transactions across the five-provider study universe"" is jargon.",ACCEPTED,,CLM-051.universe_en [finding]
ev_c-093,ev_c,EDITORIAL,EN,06,CLM-052,summary_en,"""source-universe distributions"" is jargon.",ACCEPTED,,CLM-052.summary_en [finding]
ev_c-094,ev_c,EDITORIAL,EN,06,CLM-052,universe_en,Stacked slashes make the population unreadable.,ACCEPTED,,CLM-052.universe_en [finding]
ev_c-095,ev_c,EDITORIAL,EN,06,CLM-054,summary_en,"""bounded anchors"" is jargon and ""It does not establish"" has no clear subject; Arabic «ومقيدة» is equally opaque.",ACCEPTED,,CLM-054.summary_en [finding] | CLM-054.summary_ar [other language]
ev_c-096,ev_c,EDITORIAL,EN,06,CLM-054,period_en,"""verified primary anchors ... bounded ... SFD/SMED-cited observation"" is internal vocabulary.",ACCEPTED,,CLM-054.period_en [finding] | CLM-054.period_ar [other language]
ev_c-097,ev_c,EDITORIAL,EN,06,CLM-054,universe_en,"""source-specific provider/reporting universes"" is jargon.",ACCEPTED,,CLM-054.universe_en [finding]
ev_c-098,ev_c,EDITORIAL,EN,06,CLM-055,title_en,"Ungrammatical title (missing ""Being"").",ACCEPTED,,CLM-055.title_en [finding]
ev_c-099,ev_c,EDITORIAL,EN,06,CLM-056,universe_en,"""The 91% 2023 claim cannot switch between these universes"" is internal vocabulary.",ACCEPTED,,CLM-056.universe_en [finding]
ev_c-100,ev_c,EDITORIAL,EN,06,CLM-057,universe_en,"Garbled clause (""whose set of providers covered by the evidence and source method are not yet proven identical"").",ACCEPTED,,CLM-057.universe_en [finding]
ev_c-101,ev_c,EDITORIAL,EN,06,CLM-059,title_en,"""national MSME universe"" is jargon in a public title; Arabic title is plain.",ACCEPTED,,CLM-059.title_en [finding]
ev_c-102,ev_c,EDITORIAL,EN,06,CLM-059,summary_en,"""financial state"" is internal vocabulary.",ACCEPTED,,CLM-059.summary_en [finding]
ev_c-103,ev_c,EDITORIAL,EN,06,CLM-060,summary_en,"""interpretable only within its programme universe, with that limitation visible"" is product/control language.",ACCEPTED,,CLM-060.summary_en [finding] | CLM-060.summary_ar [other language]
ev_c-104,ev_c,EDITORIAL,EN,06,VIS-CAPITAL-CONTEXT,period_en,"""event-level / 2026 context"" is internal shorthand; Arabic «على مستوى الحدث» is a calque.",ACCEPTED,,VIS-CAPITAL-CONTEXT.period_en [finding] | VIS-CAPITAL-CONTEXT.period [twin] | VIS-CAPITAL-CONTEXT.period_ar [other language]
ev_c-105,ev_c,EDITORIAL,EN,06,VIS-FL-EVIDENCE-LADDER,period_en,"Fragment with ""+""; Arabic adds «معتمد» (""approved"") not in English.",ACCEPTED,,VIS-FL-EVIDENCE-LADDER.period_en [finding] | VIS-FL-EVIDENCE-LADDER.period [twin] | VIS-FL-EVIDENCE-LADDER.period_ar [other language]
ev_c-106,ev_c,EDITORIAL,EN,06,VIS-MFI-RUPTURE-LENS,limitations_en,"""a cause of the fall or its size"" reads as if the size of the fall is not estimated, though the record gives it; Arabic says the size of the cause's effect.",ACCEPTED,,VIS-MFI-RUPTURE-LENS.limitations_en [finding]
pages_a-001,pages_a,MATERIAL,PARITY,03,/access/ s2,body_ar,"Arabic calls the CBY-Aden payment totals ""national"" and drops the English boundary that they are system totals within that bank's reporting scope, whose coverage of each area of Yemen is not established.",ACCEPTED,,/access/#s2.body_ar [finding]
pages_a-002,pages_a,MATERIAL,PARITY,03,/access/ s5,body_ar,"Arabic omits ""within that bank's reporting scope"" for the 561 to 1,473 POS change, so the Arabic figure reads as an unbounded national count.",ACCEPTED,,/access/#s5.body_ar [finding]
pages_a-003,pages_a,MATERIAL,PARITY,03,/finance/ s3,body_ar,"Arabic drops the population (""among providers reporting to SFD""), drops ""citing SFD/SMED data"" and the unverified provider set for the 2023 figure, and calls the 2024 policy paper a ""strong secondary source"" — a quality judgement the English does not make.",ACCEPTED,,/finance/#s3.body_ar [finding]
pages_a-004,pages_a,MATERIAL,PARITY,02,/finance/,title_ar,"Arabic title names balances, accounts and savers, while English names borrower, saver and balance figures (accounts ≠ borrowers); the Arabic is also a different sentence, not the page title pattern. The ""not deeper inclusion"" boundary stays in /finance/ s1 in both languages.",ACCEPTED,,/finance/.title_ar [finding]
pages_a-005,pages_a,MATERIAL,PARITY,02,/firms/,title_ar,"«المنشآت المسؤولة» reads in modern Arabic as ""the responsible firms"", not ""the firms asked"" (survey respondents), so the title misstates the point.",ACCEPTED,,/firms/.title_ar [finding]
pages_a-006,pages_a,EDITORIAL,AR,02,/remittances/,title_ar,"Uses «الحوالات» instead of the house term «التحويلات», and the title is not in the ""Domain:"" pattern that the English and the other Arabic domain titles use.",ACCEPTED_MODIFIED,Arabic follows the 'Domain:' title pattern; English drops the jargon 'publication vintage' in the same way.,/remittances/.title_ar [finding] | /remittances/.title_en [other language]
pages_a-007,pages_a,EDITORIAL,EN,02,/people/,title_en,"""Evidence clocks"" is internal metaphor; public readers will not know what it means (the Arabic says ""evidence from different dates"").",ACCEPTED,,/people/.title_en [finding]
pages_a-008,pages_a,EDITORIAL,EN,02,/evidence/compare/,title_en,"""Unlike objects"" is repository vocabulary; the Arabic repeats ""measures ... one measure"" awkwardly.",ACCEPTED,,/evidence/compare/.title_en [finding] | /evidence/compare/.title_ar [other language]
pages_a-009,pages_a,EDITORIAL,AR,02,/evidence/,title_ar,"«خلف الإجابة» is a literal calque of ""behind the answer"".",ACCEPTED,,/evidence/.title_ar [finding]
pages_a-010,pages_a,EDITORIAL,EN,03,/ s6,body_en,"""Enabling constraints"" is self-contradictory; the Arabic means enabling or disabling factors.",ACCEPTED,,/#s6.body_en [finding]
pages_a-011,pages_a,EDITORIAL,AR,03,/ s6,body_ar,"«القيود المُمكِّنة» (""enabling restrictions"") is contradictory; «كأسهم سببية» is a calque, and «أسهم» can also be read as ""shares"".",ACCEPTED,,/#s6.body_ar [finding]
pages_a-012,pages_a,EDITORIAL,PARITY,03,/ s9,body_ar,"Arabic says ""each path preserves the link..."" (internal ""route"" idea) while English says each question leads to its answer, limits and verification.",ACCEPTED,,/#s9.body_ar [finding]
pages_a-013,pages_a,EDITORIAL,EN,03,/about/ s6,body_en,"""Figures are held in"" uses internal control wording.",ACCEPTED,,/about/#s6.body_en [finding]
pages_a-014,pages_a,EDITORIAL,AR,03,/about/ s6,body_ar,"«تجميعها» (compilation) does not render ""synthesis"", so CauseWay's analytical contribution reads as mere collecting.",ACCEPTED,,/about/#s6.body_ar [finding]
pages_a-015,pages_a,EDITORIAL,AR,03,/about/ s6,body_ar,"Same ""synthesis"" rendering in the attribution sentence; it should match the role sentence.",ACCEPTED,,/about/#s6.body_ar [finding]
pages_a-016,pages_a,EDITORIAL,AR,03,/about/ s6,body_ar,"«تنظيم الأدلة» next to «جهة تنظيمية» makes ""organising"" and ""regulatory"" collide (same root), so the sentence blurs the point that CauseWay is not a regulator.",ACCEPTED,,/about/#s6.body_ar [finding]
pages_a-017,pages_a,EDITORIAL,AR,03,/access/ s5,body_ar,"«المستخدمين الفريدين» is a calque; «فريد» reads as ""unique/exceptional"", not ""distinct, counted once"".",REJECTED,"House term kept: «فريد / الفريدين» is the corpus-wide Arabic term for unique (de-duplicated) people, users, firms and providers, used consistently in every domain; switching a handful of fields to «دون تكرار» would give one concept two names.",
pages_a-018,pages_a,EDITORIAL,AR,03,/access/ s8,body_ar,"The word order makes the sentence read ""a reliable access map for each service point requires...""; the requirement is what must be recorded for each point.",ACCEPTED,,/access/#s8.body_ar [finding]
pages_a-019,pages_a,EDITORIAL,EN,03,/accessibility/ s2,body_en,"The present tense ""designed and tested against"" implies testing has happened; s4 says it has not, and quoted alone the sentence reads as a testing claim.",ACCEPTED,,/accessibility/#s2.body_en [finding] | /accessibility/#s2.body_ar [other language]
pages_a-020,pages_a,EDITORIAL,AR,03,/accessibility/ s5,heading_ar,«مشكلة في الوصول» is ambiguous on a site where «الوصول» is the financial-access domain; the page title uses «إتاحة الوصول».,ACCEPTED,,/accessibility/#s5.heading_ar [finding]
pages_a-021,pages_a,EDITORIAL,AR,03,/corrections/ s3,body_ar,"«قابلة للتعرف» means ""able to recognise"", not ""identifiable"".",ACCEPTED,,/corrections/#s3.body_ar [finding]
pages_a-022,pages_a,EDITORIAL,EN,03,/corrections/ s5,body_en,"""A material earlier state"" is internal vocabulary.",ACCEPTED,,/corrections/#s5.body_en [finding]
pages_a-023,pages_a,EDITORIAL,EN,03,/data/ s1,body_en,"""Public locator"" is internal vocabulary (the Arabic says public link).",ACCEPTED,,/data/#s1.body_en [finding]
pages_a-024,pages_a,EDITORIAL,AR,03,/data/ s3,body_ar,«قاعدة القياس» should be the house term «قاعدة الاحتساب».,ACCEPTED,,/data/#s3.body_ar [finding]
pages_a-025,pages_a,EDITORIAL,EN,03,/data/ s7,body_en,"""Universe"" and ""state/currentness"" are internal vocabulary; the Arabic also names the calculation base, which the English omits.",ACCEPTED,,/data/#s7.body_en [finding]
pages_a-026,pages_a,EDITORIAL,AR,03,/data/ s7,body_ar,«قاعدة القياس» should be the house term «قاعدة الاحتساب».,ACCEPTED,,/data/#s7.body_ar [finding]
pages_a-027,pages_a,EDITORIAL,EN,03,/data/ s8,body_en,"""Public original locator"" is internal vocabulary.",ACCEPTED,,/data/#s8.body_en [finding]
pages_a-028,pages_a,EDITORIAL,EN,03,/data/ s9,body_en,"""Evidence states"" is internal vocabulary (the Arabic says kinds of evidence).",ACCEPTED,,/data/#s9.body_en [finding]
pages_a-029,pages_a,EDITORIAL,FIREWALL,03,/data/ s9,body_ar,"«التحويلات» is the house term for remittances, so «رقمنة التحويلات النقدية» can be misread as remittance digitisation rather than cash-transfer programme pilots.",ACCEPTED,,/data/#s9.body_ar [finding]
pages_a-030,pages_a,EDITORIAL,AR,03,/evidence/ s1,body_ar,"«كسور السلاسل» is a calque of ""series breaks"".",ACCEPTED,,/evidence/#s1.body_ar [finding]
pages_a-031,pages_a,EDITORIAL,AR,03,/evidence/compare/ s1,body_ar,Ungrammatical construction: the quoted phrase cannot be the subject of «تكون» this way.,ACCEPTED,,/evidence/compare/#s1.body_ar [finding]
pages_a-032,pages_a,EDITORIAL,EN,03,/explore/ s3,body_en,"""Source universes"" is internal vocabulary.",ACCEPTED,,/explore/#s3.body_en [finding]
pages_a-033,pages_a,EDITORIAL,PARITY,03,/explore/ s5,body_ar,"Arabic says ""each path"" (internal route idea) where English says each question.",ACCEPTED,,/explore/#s5.body_ar [finding]
pages_a-034,pages_a,EDITORIAL,EN,03,/finance/ s2,body_en,"""Pointer-only years"" is internal vocabulary.",ACCEPTED,,/finance/#s2.body_en [finding]
pages_a-035,pages_a,EDITORIAL,AR,03,/finance/ s2,body_ar,"«نقاط نهاية عام» is a calque (""end points"") and the phrase drops ""exact"" as a qualifier on both kinds of observation.",ACCEPTED,,/finance/#s2.body_ar [finding]
pages_a-036,pages_a,EDITORIAL,EN,03,/finance/ s3,body_en,"""Anchors"" is internal vocabulary.",ACCEPTED,,/finance/#s3.body_en [finding]
pages_a-037,pages_a,EDITORIAL,EN,03,/finance/ s3,body_en,"""Central Bank in Aden"" departs from the name used everywhere else (""Central Bank of Yemen – Aden (CBY-Aden)"").",ACCEPTED,,/finance/#s3.body_en [finding]
pages_a-038,pages_a,EDITORIAL,EN,03,/finance/ s3,body_en,"""Period bridge"" is internal vocabulary.",ACCEPTED,,/finance/#s3.body_en [finding]
pages_a-039,pages_a,EDITORIAL,AR,03,/finance/ s3,body_ar,"«الجسر الزمني» is a calque of ""period bridge"".",ACCEPTED,,/finance/#s3.body_ar [finding]
pages_a-040,pages_a,EDITORIAL,EN,03,/finance/ s7,heading_en,"""Financial states"" is internal vocabulary; the Arabic heading says stages and forms of funding.",ACCEPTED,,/finance/#s7.heading_en [finding]
pages_a-041,pages_a,EDITORIAL,EN,03,/finance/ s7,body_en,"""Different states"" and ""unlike states"" are internal vocabulary (the Arabic says stages and forms of funding, and unlike amounts).",ACCEPTED,,/finance/#s7.body_en [finding]
pages_a-042,pages_a,EDITORIAL,EN,03,/finance/ s8,body_en,"""Split-cash/payment episode"" is opaque shorthand (the Arabic says the split in cash circulation and payments).",ACCEPTED,,/finance/#s8.body_en [finding]
pages_a-043,pages_a,EDITORIAL,EN,03,/finance/ s8,body_en,"""Same-year remittance revisions are kept separate from economic change"" is compressed and unclear.",ACCEPTED,,/finance/#s8.body_en [finding]
pages_a-044,pages_a,EDITORIAL,EN,03,/finance/ s9,body_en,"""A same-year restatement"" is unclear shorthand.",ACCEPTED,,/finance/#s9.body_en [finding]
pages_a-045,pages_a,EDITORIAL,AR,03,/finance/ s9,body_ar,"«أشخاصًا فريدين» reads as ""exceptional people""; the meaning is distinct people counted once.",REJECTED,"House term kept: «فريد / الفريدين» is the corpus-wide Arabic term for unique (de-duplicated) people, users, firms and providers, used consistently in every domain; switching a handful of fields to «دون تكرار» would give one concept two names.",
pages_a-046,pages_a,EDITORIAL,FIREWALL,03,/finance/ s9,body_ar,"""Outreach"" is rendered «الوصول», the site's term for the Access domain, which blurs outreach with access.",ACCEPTED,,/finance/#s9.body_ar [finding]
pages_a-047,pages_a,EDITORIAL,AR,03,/finance/ s9,body_ar,"«إعادة عرض السنة نفسها» (""re-presenting the same year"") is unclear.",ACCEPTED,,/finance/#s9.body_ar [finding]
pages_a-048,pages_a,EDITORIAL,PARITY,03,/finance/ s10,body_ar,"Arabic drops ""necessarily"" and turns ""larger loans"" into ""larger volume of financing"". It also uses the «فريدة» calque and renders ""outreach"" as «الوصول».",ACCEPTED_MODIFIED,"House term kept: «فريد / الفريدين» is the corpus-wide Arabic term for unique (de-duplicated) people, users, firms and providers, used consistently in every domain; switching a handful of fields to «دون تكرار» would give one concept two names. The other two corrections ('necessarily', larger loans, outreach) are accepted.",/finance/#s10.body_ar [finding]
pages_a-049,pages_a,EDITORIAL,EN,03,/firms/ s2,body_en,"""A firm ranking"" can be misread as a ranking of firms on a firms page (the Arabic says a fixed ranking).",ACCEPTED,,/firms/#s2.body_en [finding]
pages_a-050,pages_a,EDITORIAL,AR,03,/firms/ s3,body_ar,"«الفئة المصفاة» is a calque (""filtered""), and «مصفاة» can also be read as ""refinery"" or ""liquidated"".",ACCEPTED,,/firms/#s3.body_ar [finding]
pages_a-051,pages_a,EDITORIAL,AR,03,/firms/ s6,body_ar,«قاعدة القياس» should be the house term «قاعدة الاحتساب».,ACCEPTED,,/firms/#s6.body_ar [finding]
pages_a-052,pages_a,EDITORIAL,EN,03,/firms/ s7,body_en,"""Whose financial state"" is internal vocabulary and makes the sentence hard to parse.",ACCEPTED,,/firms/#s7.body_en [finding]
pages_a-053,pages_a,EDITORIAL,AR,03,/firms/ s7,body_ar,"«حالته المالية» reads as ""its financial condition"", and «إجمالي برامجي» is an unnatural adjective.",ACCEPTED,,/firms/#s7.body_ar [finding]
pages_a-054,pages_a,EDITORIAL,AR,03,/firms/ s7,body_ar,"«عدد لمنشآت فريدة» is a calque of ""unique firms"".",REJECTED,"House term kept: «فريد / الفريدين» is the corpus-wide Arabic term for unique (de-duplicated) people, users, firms and providers, used consistently in every domain; switching a handful of fields to «دون تكرار» would give one concept two names.",
pages_a-055,pages_a,EDITORIAL,EN,03,/firms/ s9,heading_en,"""What the combined evidence changes"" is unclear; the section explains what the evidence means (the Arabic heading says ""What does this mean?"").",ACCEPTED,,/firms/#s9.heading_en [finding]
pages_a-056,pages_a,EDITORIAL,EN,03,/measurement/ s1,body_en,"""This evidence product"" is internal vocabulary (the Arabic says ""this resource"").",ACCEPTED,,/measurement/#s1.body_en [finding]
pages_a-057,pages_a,EDITORIAL,EN,03,/measurement/ s2,body_en,"""Affected routes"" is repository vocabulary (the Arabic says pages).",ACCEPTED,,/measurement/#s2.body_en [finding]
pages_a-058,pages_a,EDITORIAL,PARITY,03,/measurement/ s3,heading_ar,"The Arabic heading (""Current measurement priorities"") does not match the English ""Stable references for citation"" or the section body.",ACCEPTED,,/measurement/#s3.heading_ar [finding]
pages_a-059,pages_a,EDITORIAL,EN,03,/measurement/ s5,body_en,"""People-side wave"" is internal shorthand.",ACCEPTED,,/measurement/#s5.body_en [finding]
pages_a-060,pages_a,EDITORIAL,AR,03,/measurement/ s5,body_ar,«موجة سكانية» can read as a population or migration wave. «صفحة الناس» also does not match the page name «الأفراد».,ACCEPTED,,/measurement/#s5.body_ar [finding]
pages_a-061,pages_a,EDITORIAL,EN,03,/measurement/ s6,body_en,"""The missing phenomenon"" is illogical; the phenomenon is unmeasured, not missing.",ACCEPTED,,/measurement/#s6.body_en [finding]
pages_a-062,pages_a,EDITORIAL,AR,03,/measurement/ s6,body_ar,"«الظاهرة المفقودة» (""the lost phenomenon"") is illogical.",ACCEPTED,,/measurement/#s6.body_ar [finding]
pages_a-063,pages_a,EDITORIAL,EN,03,/measurement/ s9,body_en,"""Evidence-sequencing label"" is jargon for the priority label.",ACCEPTED,,/measurement/#s9.body_en [finding]
pages_a-064,pages_a,EDITORIAL,AR,03,/measurement/ s9,body_ar,«تسمية ترتيب فجوة الدليل» is a heavy literal rendering.,ACCEPTED,,/measurement/#s9.body_ar [finding]
pages_a-065,pages_a,EDITORIAL,EN,03,/methodology/ s2,heading_en,"""The object being measured"" is repository vocabulary (the Arabic says ""what is being measured"").",ACCEPTED,,/methodology/#s2.heading_en [finding]
pages_a-066,pages_a,EDITORIAL,EN,03,/methodology/ s3,heading_en,"""Evidence clocks"" is internal metaphor (the Arabic says several measurement periods).",ACCEPTED,,/methodology/#s3.heading_en [finding]
pages_a-067,pages_a,EDITORIAL,AR,03,/methodology/ s3,body_ar,"«تتحدث» means ""talk""; the verb needed is «تُحدَّث» (""are updated""), as on the Home page.",ACCEPTED,,/methodology/#s3.body_ar [finding]
pages_a-068,pages_a,EDITORIAL,AR,03,/methodology/ s8,body_ar,"«لإعادة النتيجة» means ""to return the result"", not ""to reproduce the calculation"".",ACCEPTED,,/methodology/#s8.body_ar [finding]
pages_a-069,pages_a,EDITORIAL,EN,03,/methodology/ s9,body_en,"""Source universe"" is internal vocabulary.",ACCEPTED,,/methodology/#s9.body_en [finding]
pages_a-070,pages_a,EDITORIAL,AR,03,/methodology/ s9,body_ar,«قاعدة القياس» should be the house term «قاعدة الاحتساب».,ACCEPTED,,/methodology/#s9.body_ar [finding]
pages_a-071,pages_a,EDITORIAL,AR,03,/methodology/ s10,body_ar,"«متجاوزًا» reads as ""exceeded"" or ""outdated"", not ""superseded by newer evidence"".",ACCEPTED,,/methodology/#s10.body_ar [finding]
pages_b-001,pages_b,MATERIAL,PARITY,03_PAGE_SECTIONS,/payments/ s1,body_ar,"Arabic says the signals cannot be turned into people ""without a warning"" (من دون تنبيه); English says ""without a documented method"" — the Arabic misstates the condition and is garbled.",ACCEPTED,,/payments/#s1.body_ar [finding]
pages_b-002,pages_b,MATERIAL,PARITY,03_PAGE_SECTIONS,/payments/ s2,body_ar,"Arabic drops the universe qualifier ""Within the reporting scope of CBY-Aden"", so the POS counts read as national totals.",ACCEPTED,,/payments/#s2.body_ar [finding]
pages_b-003,pages_b,MATERIAL,PARITY,03_PAGE_SECTIONS,/payments/ s7,body_ar,"Arabic omits the geographic scope of the FPS component (""which the project supports in areas under the internationally recognized government"").",ACCEPTED,,/payments/#s7.body_ar [finding]
pages_b-004,pages_b,MATERIAL,FIREWALL,03_PAGE_SECTIONS,/payments/ s7,body_ar,"Arabic says the records do not prove ""full go-live"" (بدء التشغيل الكامل), implying partial go-live is established; English says they do not establish go-live at all (regulation/institution ≠ operation).",ACCEPTED,,/payments/#s7.body_ar [finding]
pages_b-005,pages_b,MATERIAL,PARITY,03_PAGE_SECTIONS,/reforms/ s6,body_ar,"Arabic omits the geographic scope of the FPS (""which the project supports in areas under the internationally recognized government"").",ACCEPTED,,/reforms/#s6.body_ar [finding]
pages_b-006,pages_b,MATERIAL,FIREWALL,03_PAGE_SECTIONS,/reforms/ s6,body_ar,"Arabic says none of the steps proves ""full go-live"", implying partial operation is established; English says none proves go-live.",ACCEPTED,,/reforms/#s6.body_ar [finding]
pages_b-007,pages_b,MATERIAL,PARITY,03_PAGE_SECTIONS,/people/ s11,body_ar,Arabic drops the English boundary that the OECD/INFE report does not establish whether the Yemen sample covers all areas or is nationally representative.,ACCEPTED,,/people/#s11.body_ar [finding]
pages_b-008,pages_b,EDITORIAL,FIREWALL,03_PAGE_SECTIONS,/people/ s6,body_ar,"«منهم 51.7%» reads as 51.7% of borrowers, contradicting the stated all-adult base (EN: ""each percentage applies to the all-adult base"").",ACCEPTED,,/people/#s6.body_ar [finding]
pages_b-009,pages_b,EDITORIAL,FIREWALL,03_PAGE_SECTIONS,/people/ s6,body_ar,"«منهم 0.9%» reads as 0.9% of savers, contradicting the stated all-adult base.",ACCEPTED,,/people/#s6.body_ar [finding]
pages_b-010,pages_b,EDITORIAL,FIREWALL,03_PAGE_SECTIONS,/payments/ s8,body_ar,"English says a rule, project or institution ""is not observed adoption""; Arabic says ""not observed use"" — adoption and use are distinct stages in the firewall.",ACCEPTED,,/payments/#s8.body_ar [finding]
pages_b-011,pages_b,EDITORIAL,PARITY,03_PAGE_SECTIONS,/payments/ s6,body_ar,"Arabic adds ""about"" (نحو) to exact reproducible shares (57.03%, 2.41%) that English states without approximation.",ACCEPTED,,/payments/#s6.body_ar [finding]
pages_b-012,pages_b,EDITORIAL,PARITY,03_PAGE_SECTIONS,/payments/ s7,body_ar,"Arabic loses ""board decision"" and ""what the source calls a national QR standard"" (hedged source term becomes a flat fact) and uses «البنك المركزي في عدن» instead of the house name.",ACCEPTED,,/payments/#s7.body_ar [finding]
pages_b-013,pages_b,EDITORIAL,PARITY,03_PAGE_SECTIONS,/reforms/ s6,body_ar,"Arabic loses ""board decision"" and ""what the source calls a national QR standard"" and uses «البنك المركزي في عدن» instead of the house name.",ACCEPTED,,/reforms/#s6.body_ar [finding]
pages_b-014,pages_b,EDITORIAL,PARITY,03_PAGE_SECTIONS,/firms/ s5,body_ar,"Arabic glosses ""money lenders"" as «المرابين» (usurers) — a pejorative, value-laden term not in the English or the survey category.",ACCEPTED,,/firms/#s5.body_ar [finding]
pages_b-015,pages_b,EDITORIAL,EN,03_PAGE_SECTIONS,/methodology/ s4,body_en,"""There is no current Yemen evidence on…"" would mislead if quoted alone (claims no such evidence exists anywhere); the statement is about this evidence base.",ACCEPTED,,/methodology/#s4.body_en [finding] | /methodology/#s4.body_ar [other language]
pages_b-016,pages_b,EDITORIAL,EN,03_PAGE_SECTIONS,/methodology/ s4,body_en,"""age"" is listed as a topic that is ""not yet estimated""; what is not yet estimated is inclusion by age.",ACCEPTED,,/methodology/#s4.body_en [finding] | /methodology/#s4.body_ar [other language]
pages_b-017,pages_b,EDITORIAL,EN,03_PAGE_SECTIONS,/privacy/ s2,body_en,"""so it can return to Arabic or English"" is unclear (what returns?); the stored preference makes the site open in the last language chosen. Arabic «حتى تعود» can be read as ""until you return"".",ACCEPTED,,/privacy/#s2.body_en [finding] | /privacy/#s2.body_ar [other language]
pages_b-018,pages_b,EDITORIAL,AR,03_PAGE_SECTIONS,/privacy/ s4,body_ar,"«وعكسها في آلية…» is a calque of ""reflected in""; English ""reflected in the applicable choice or consent mechanism"" is also legal-control phrasing.",ACCEPTED,,/privacy/#s4.body_ar [finding] | /privacy/#s4.body_en [other language]
pages_b-019,pages_b,EDITORIAL,EN,03_PAGE_SECTIONS,/privacy/ s4,body_en,"""local search"" reads as geographic search to a public reader; Arabic «البحث المحلي» has the same ambiguity. It means the search built into the site.",ACCEPTED,,/privacy/#s4.body_en [finding] | /privacy/#s4.body_ar [other language]
pages_b-020,pages_b,EDITORIAL,EN,03_PAGE_SECTIONS,/rights/ s2,body_en,"""may be cited without granting permission"" has no clear subject for ""granting"" (the source does not grant; its publisher does).",ACCEPTED,,/rights/#s2.body_en [finding]
pages_b-021,pages_b,EDITORIAL,AR,03_PAGE_SECTIONS,/terms/ s4,body_ar,"«…والأدلة المقتصرة… غير مقدمة باعتبارها حقيقة وطنية» is a stiff, translated construction after «يجب أن تبقى»; a direct prohibition reads naturally.",ACCEPTED,,/terms/#s4.body_ar [finding]
pages_b-022,pages_b,EDITORIAL,EN,03_PAGE_SECTIONS,/methodology/ s13,body_en,"Control vocabulary ""locator/version"" and ""rights/publication state""; Arabic «موقعه» (its location/website) is a mistranslation of locator.",ACCEPTED,,/methodology/#s13.body_en [finding] | /methodology/#s13.body_ar [other language]
pages_b-023,pages_b,EDITORIAL,EN,03_PAGE_SECTIONS,/methodology/ s13,body_en,"Control vocabulary ""rights/publication state"".",ACCEPTED,,/methodology/#s13.body_en [finding]
pages_b-024,pages_b,EDITORIAL,EN,03_PAGE_SECTIONS,/payments/ s2,body_en,"""three objects"" is repository vocabulary; Arabic already says «المقاييس الثلاثة».",ACCEPTED,,/payments/#s2.body_en [finding]
pages_b-025,pages_b,EDITORIAL,EN,03_PAGE_SECTIONS,/payments/ s4,body_en,"""measurement objects"" is internal vocabulary; Arabic «وحدات قياس» means units of measurement (%, YER), which is a different concept.",ACCEPTED,,/payments/#s4.body_en [finding] | /payments/#s4.body_ar [other language]
pages_b-026,pages_b,EDITORIAL,EN,03_PAGE_SECTIONS,/people/ s10,body_en,"""measurement objects"" is internal vocabulary; Arabic «وحدات قياس» means units of measurement, not things counted.",ACCEPTED,,/people/#s10.body_en [finding] | /people/#s10.body_ar [other language]
pages_b-027,pages_b,EDITORIAL,EN,03_PAGE_SECTIONS,/people/ s4,body_en,"""held in the evidence base"" is repository language.",ACCEPTED,,/people/#s4.body_en [finding]
pages_b-028,pages_b,EDITORIAL,EN,03_PAGE_SECTIONS,/providers/ s3,body_en,"""formal list/classification states"" is control vocabulary.",ACCEPTED,,/providers/#s3.body_en [finding]
pages_b-029,pages_b,EDITORIAL,EN,03_PAGE_SECTIONS,/data/ s10,body_en,"""source-locator register"" is control vocabulary.",ACCEPTED,,/data/#s10.body_en [finding] | /data/#s10.body_ar [other language]
pages_b-030,pages_b,EDITORIAL,EN,03_PAGE_SECTIONS,/methodology/ s5,body_en,"""original locator"" is control vocabulary (Arabic already says «رابطه الأصلي»).",ACCEPTED,,/methodology/#s5.body_en [finding]
pages_b-031,pages_b,EDITORIAL,EN,03_PAGE_SECTIONS,/reforms/ s2,body_en,"""the later state"" — the chain is described in stages; Arabic says «تلك المرحلة».",ACCEPTED,,/reforms/#s2.body_en [finding]
pages_b-032,pages_b,EDITORIAL,EN,03_PAGE_SECTIONS,/reforms/ s2,heading_en,"""distinct evidence states"" is internal vocabulary; Arabic heading says each stage needs its own evidence.",ACCEPTED,,/reforms/#s2.heading_en [finding]
pages_b-033,pages_b,EDITORIAL,EN,03_PAGE_SECTIONS,/reforms/ s6,body_en,"""different states"" is internal vocabulary; Arabic says «وقائع مختلفة الطبيعة».",ACCEPTED,,/reforms/#s6.body_en [finding]
pages_b-034,pages_b,EDITORIAL,EN,03_PAGE_SECTIONS,/reforms/ s7,heading_en,"""SMP state"" is internal vocabulary.",ACCEPTED,,/reforms/#s7.heading_en [finding]
pages_b-035,pages_b,EDITORIAL,EN,03_PAGE_SECTIONS,/reforms/ s7,body_en,"US date format (""July 16, 2026"") breaks the day-month-year style used everywhere else.",ACCEPTED,,/reforms/#s7.body_en [finding]
pages_b-036,pages_b,EDITORIAL,EN,03_PAGE_SECTIONS,/reforms/ s8,heading_en,"""Funding states … inside reform and programme stories"" is control/templated phrasing; Arabic heading is clear.",ACCEPTED,,/reforms/#s8.heading_en [finding]
pages_b-037,pages_b,EDITORIAL,EN,03_PAGE_SECTIONS,/reforms/ s8,body_en,"""uses state labels"" is internal vocabulary; Arabic says it names the stage of each amount.",ACCEPTED,,/reforms/#s8.body_en [finding]
pages_b-038,pages_b,EDITORIAL,EN,03_PAGE_SECTIONS,/reforms/ s11,body_en,"""a documented regulatory state"" is internal vocabulary; Arabic says «إجراءً تنظيميًا موثقًا».",ACCEPTED,,/reforms/#s11.body_en [finding]
pages_b-039,pages_b,EDITORIAL,EN,03_PAGE_SECTIONS,/reforms/ s11,heading_en,"""evidence states"" is internal vocabulary; Arabic heading says two stages each needing evidence.",ACCEPTED,,/reforms/#s11.heading_en [finding]
pages_b-040,pages_b,EDITORIAL,EN,03_PAGE_SECTIONS,/remittances/ s2,heading_en,"""evidence states"" is internal vocabulary; Arabic heading says «أنواع مختلفة من الأدلة».",ACCEPTED,,/remittances/#s2.heading_en [finding]
pages_b-041,pages_b,EDITORIAL,EN,03_PAGE_SECTIONS,/reforms/ s5,body_en,"""records … verify activity"" is the wrong verb (records document; verification is the reader's/CauseWay's act); People page says ""show"".",ACCEPTED,,/reforms/#s5.body_en [finding]
pages_b-042,pages_b,EDITORIAL,EN,03_PAGE_SECTIONS,/remittances/ s4,body_en,"""Tested public … components do not support one universal conversion scalar"" is technical jargon; Arabic is clear.",ACCEPTED,,/remittances/#s4.body_en [finding]
pages_b-043,pages_b,EDITORIAL,EN,03_PAGE_SECTIONS,/payments/ s9,heading_en,"""a use story"" is internal/editorial jargon.",ACCEPTED,,/payments/#s9.heading_en [finding]
pages_b-044,pages_b,EDITORIAL,EN,03_PAGE_SECTIONS,/providers/ s5,body_en,"""in different dates"" is ungrammatical.",ACCEPTED,,/providers/#s5.body_en [finding]
pages_b-045,pages_b,EDITORIAL,AR,03_PAGE_SECTIONS,/payments/ s6,heading_ar,"House term: durable/persistent use is «مستمر», not «مستدام».",ACCEPTED,,/payments/#s6.heading_ar [finding]
pages_b-046,pages_b,EDITORIAL,PARITY,03_PAGE_SECTIONS,/payments/ s2,body_ar,"«القيمة الاسمية» alone does not say value of what; English: ""nominal transaction value"".",ACCEPTED,,/payments/#s2.body_ar [finding]
pages_b-047,pages_b,EDITORIAL,AR,03_PAGE_SECTIONS,/providers/ s5,heading_ar,"«سلسلة نظيفة» is a calque of ""clean series"".",ACCEPTED,,/providers/#s5.heading_ar [finding]
pages_b-048,pages_b,EDITORIAL,AR,03_PAGE_SECTIONS,/providers/ s5,body_ar,"Broken referent («هذا الوضع… استخدامها») and calque «القائمة الإيجابية»; English: ""that negative list … the full list of licensed wallets"".",ACCEPTED,,/providers/#s5.body_ar [finding]
pages_b-049,pages_b,EDITORIAL,AR,03_PAGE_SECTIONS,/providers/ s6,body_ar,"«التاريخ المؤرخ» is redundant (""dated history"").",ACCEPTED,,/providers/#s6.body_ar [finding]
pages_b-050,pages_b,EDITORIAL,AR,03_PAGE_SECTIONS,/reforms/ s2,body_ar,"«ويشغل كل إصلاح أبعد مرحلة» is unnatural (a reform does not ""occupy"" a stage).",ACCEPTED,,/reforms/#s2.body_ar [finding]
pages_b-051,pages_b,EDITORIAL,AR,03_PAGE_SECTIONS,/reforms/ s4,body_ar,"«صلاحيات» means powers/competences; ""legal permissions"" is «أذونات».",ACCEPTED,,/reforms/#s4.body_ar [finding]
pages_b-052,pages_b,EDITORIAL,AR,03_PAGE_SECTIONS,/reforms/ s6,heading_ar,"Arabic heading opens with Latin acronyms, which is unnatural and can flip direction in RTL rendering.",ACCEPTED,,/reforms/#s6.heading_ar [finding]
pages_b-053,pages_b,EDITORIAL,AR,03_PAGE_SECTIONS,/reforms/ s9,body_ar,"«فعالية التظلم» means effectiveness of complaining; ""effective redress"" is «فعالية الإنصاف».",ACCEPTED,,/reforms/#s9.body_ar [finding]
pages_b-054,pages_b,EDITORIAL,AR,03_PAGE_SECTIONS,/methodology/ s5,body_ar,"Convoluted, translated syntax (verb–object inversion with long subject).",ACCEPTED,,/methodology/#s5.body_ar [finding]
pages_b-055,pages_b,EDITORIAL,AR,03_PAGE_SECTIONS,/methodology/ s5,body_ar,"«وتفيد المراجع الدولية المنهجَ» is unnatural (""inform method"" calque).",ACCEPTED,,/methodology/#s5.body_ar [finding]
pages_b-056,pages_b,EDITORIAL,AR,03_PAGE_SECTIONS,/remittances/ s8,heading_ar,House term: remittances = «التحويلات».,ACCEPTED,,/remittances/#s8.heading_ar [finding]
pages_b-057,pages_b,EDITORIAL,AR,03_PAGE_SECTIONS,/remittances/ s5,body_ar,House term: remittances = «التحويلات» (national remittance-cost rate).,REJECTED,"House term refined, not swept: «التحويلات» names remittances as a macro or balance-of-payments flow; «الحوالة / الحوالات» stays for individual money transfers and their prices (Remittance Prices Worldwide), for person-to-person domestic remittances in Findex, and for the licensed exchange-and-remittance sector, where it is the regulator's and the market's own word.",
pages_b-058,pages_b,EDITORIAL,AR,03_PAGE_SECTIONS,/people/ s7,body_ar,House term: domestic remittances = «تحويلات محلية».,REJECTED,"House term refined, not swept: «التحويلات» names remittances as a macro or balance-of-payments flow; «الحوالة / الحوالات» stays for individual money transfers and their prices (Remittance Prices Worldwide), for person-to-person domestic remittances in Findex, and for the licensed exchange-and-remittance sector, where it is the regulator's and the market's own word.",
pages_b-059,pages_b,EDITORIAL,AR,03_PAGE_SECTIONS,/remittances/ s6,body_ar,House term: domestic remittances = «تحويلات محلية».,REJECTED,"House term refined, not swept: «التحويلات» names remittances as a macro or balance-of-payments flow; «الحوالة / الحوالات» stays for individual money transfers and their prices (Remittance Prices Worldwide), for person-to-person domestic remittances in Findex, and for the licensed exchange-and-remittance sector, where it is the regulator's and the market's own word.",
pages_b-060,pages_b,EDITORIAL,AR,03_PAGE_SECTIONS,/methodology/ s4,body_ar,House term: remittance prices = «أسعار التحويلات».,REJECTED,"House term refined, not swept: «التحويلات» names remittances as a macro or balance-of-payments flow; «الحوالة / الحوالات» stays for individual money transfers and their prices (Remittance Prices Worldwide), for person-to-person domestic remittances in Findex, and for the licensed exchange-and-remittance sector, where it is the regulator's and the market's own word.",
pages_b-061,pages_b,EDITORIAL,AR,03_PAGE_SECTIONS,/reforms/ s6,body_ar,House term: CBY-Aden = «البنك المركزي اليمني – عدن».,ACCEPTED,,/reforms/#s6.body_ar [finding]
pages_b-062,pages_b,EDITORIAL,AR,03_PAGE_SECTIONS,/remittances/ s4,body_ar,House term: CBY-Aden = «البنك المركزي اليمني – عدن» (two occurrences).,ACCEPTED,,/remittances/#s4.body_ar [finding]
pages_b-063,pages_b,EDITORIAL,AR,03_PAGE_SECTIONS,/remittances/ s9,body_ar,House term: CBY-Aden = «البنك المركزي اليمني – عدن».,ACCEPTED,,/remittances/#s9.body_ar [finding]
pages_b-064,pages_b,EDITORIAL,AR,03_PAGE_SECTIONS,/providers/ s2,body_ar,House term: CBY-Aden = «البنك المركزي اليمني – عدن».,ACCEPTED,,/providers/#s2.body_ar [finding]
qmc-001,qmc,MATERIAL,FIREWALL,10,MA-001,current_evidence_en,The 11.9% is presented as Yemen's representative observation without its population: elsewhere in the corpus it is bounded to adults aged 15+ in the areas surveyed (the survey excluded areas holding about 23% of the population); quoted alone this reads as a national rate.,ACCEPTED,,MA-001.current_evidence_en [finding] | MA-001.current_evidence_ar [other language]
qmc-002,qmc,MATERIAL,PARITY,10,MA-004,current_evidence_ar,"Arabic drops 'formal' from 'a 2022 survey of formal firms', widening the universe to all firms.",ACCEPTED,,MA-004.current_evidence_ar [finding]
qmc-003,qmc,MATERIAL,PARITY,10,MA-004,guardrail_en,"English uses opaque jargon ('trend' as a verb, 'frames'), and the Arabic drops the key fact that the 2013 and 2022 frames are incompatible.",ACCEPTED,,MA-004.guardrail_en [finding] | MA-004.guardrail_ar [other language]
qmc-004,qmc,MATERIAL,PARITY,10,MA-002,current_evidence_ar,"'Imposed use' (use that was required or mandated) is rendered as «بفعل الظروف» (use due to circumstances), which changes the meaning.",ACCEPTED,,MA-002.current_evidence_ar [finding]
qmc-005,qmc,MATERIAL,FIREWALL,10,MA-002,decisions_unlocked_en,'Support sustained use' asserts a causal role; the Arabic correctly says 'are associated with'. English should match and stay non-causal.,ACCEPTED,,MA-002.decisions_unlocked_en [finding]
qmc-006,qmc,MATERIAL,FIREWALL,10,MA-002,unlocked_decision_ar,"«استخدام التجار» means use by merchants (firms), not people paying at merchants; the dimensions list correctly uses «الاستخدام لدى التجار». The line also uses «المستدام» instead of the house term «المستمر».",ACCEPTED,,MA-002.unlocked_decision_ar [finding]
qmc-007,qmc,MATERIAL,FIREWALL,14,YSC-024,fi_relevance_ar,«استخدام التجار» turns 'merchant use' by recipients into use by merchants (people ≠ firms); «الشمول المستدام» breaks the house term for durable use.,ACCEPTED,,YSC-024.fi_relevance_ar [finding]
qmc-008,qmc,MATERIAL,PARITY,10,MA-009,decisions_unlocked_en,"English asks whether 'exposure persists' but the Arabic asks whether use persists. Exposure and use are different evidence states, and this priority is about continued use.",ACCEPTED,,MA-009.decisions_unlocked_en [finding]
qmc-009,qmc,MATERIAL,AR,14,YSC-003,fi_relevance_ar,"Wrong term: 'payment interoperability' is «قابلية التشغيل البيني», not «قابلية تشغيل المدفوعات» (operability). Also 'formal' qualifies the services, not the access.",ACCEPTED,,YSC-003.fi_relevance_ar [finding]
qmc-010,qmc,MATERIAL,PARITY,14,YSC-011,fact_ar,"Universe drift: English says the IMF framework covers areas under the internationally recognized government, but the Arabic reads as the government's own economic framework held by the IMF.",ACCEPTED,,YSC-011.fact_ar [finding]
qmc-011,qmc,MATERIAL,FIREWALL,14,YSC-011,fact_ar,"«نتيجة» (as a result of) makes a firmer causal claim than the English 'reflecting', which is the IMF's own interpretation.",ACCEPTED,,YSC-011.fact_ar [finding]
qmc-012,qmc,MATERIAL,PARITY,14,YSC-014,fact_ar,Universe drift: English is 'IMF banking data for areas under the internationally recognized government'; the Arabic reads as the government's banking data at the IMF.,ACCEPTED,,YSC-014.fact_ar [finding]
qmc-013,qmc,MATERIAL,PARITY,14,YSC-020,fact_ar,"«غير قابلة للاستبدال» means 'irreplaceable', not 'non-interchangeable'. This inverts the analytical rule, which says one kind of evidence cannot stand in for another.",ACCEPTED,,YSC-020.fact_ar [finding]
qmc-014,qmc,MATERIAL,EN,14,YSC-021,system_implication_en,"'Financial-inclusion evidence sits inside the World Bank Group's strategy' misleads if quoted alone: it suggests this evidence, or this resource, is part of the World Bank strategy. Also ', that links' is ungrammatical, and the Arabic lacks the relative pronoun «التي».",ACCEPTED,,YSC-021.system_implication_en [finding] | YSC-021.system_implication_ar [other language]
qmc-015,qmc,MATERIAL,PARITY,14,YSC-009,does_not_establish_en,"'The downstream FX-auction use are part of the same US$1 billion' can be read as all FX auctions coming from this deposit, yet YSC-010 records US$1.05 billion auctioned, which exceeds the deposit. The Arabic correctly limits this to the use of the 0.775 billion ('its use').",ACCEPTED,,YSC-009.does_not_establish_en [finding]
qmc-016,qmc,QUERY,FIREWALL,10,MA-003,priority_basis_en,"This says 'one material disparity is measured', but the row's own current evidence reports two measured disparities: by sex (12.91 pp) and by household income (about 9.0 pp). The Lead should confirm the intended wording.",ACCEPTED,,MA-003.priority_basis_en [finding] | MA-003.priority_basis_ar [other language]
qmc-017,qmc,QUERY,FIREWALL,14,YSC-008,fact_en,"Date check: widely reported accounts (IMF/World Bank) date the halt of oil exports to the October–November 2022 attacks themselves, not to January 2023. Verify 'from January 2023' against the bound source before publishing. No rewrite is proposed.",DEFERRED,"EXTERNAL_EVIDENCE_DEPENDENCY: The date 'from January 2023' for the suspension of oil exports must be checked against IMF Country Report No. 26/80 (the bound source), which could not be retrieved in this session; the text is unchanged and the check is an open item.",
qmc-018,qmc,QUERY,EN,14,YSC-014,fact_en,"No unit is given for the ratios ('from 148 ... to 69', 'from about 5 to about 2.5'). They are presumably percentages; confirm against the IMF table and add the unit in both languages.",DEFERRED,EXTERNAL_EVIDENCE_DEPENDENCY: The unit of the two IMF prudential ratios (presumably per cent) must be read from the IMF table before it is printed; the text is unchanged and the check is an open item.,
qmc-020,qmc,QUERY,FIREWALL,14,YSC-015,fact_en,"'The government' is unqualified in a chronology built on divided authorities. The context (formal banking, FX channelling) implies the internationally recognized government; confirm and name it in both languages.",ACCEPTED,,YSC-015.fact_en [finding] | YSC-015.fact_ar [other language]
qmc-021,qmc,EDITORIAL,FIREWALL,14,YSC-009,fact_en,"After the 2016 split, the unqualified 'Central Bank of Yemen' is ambiguous. YSC-010 records this same deposit as held at CBY-Aden, so name the authority here too.",ACCEPTED,,YSC-009.fact_en [finding] | YSC-009.fact_ar [other language]
qmc-022,qmc,EDITORIAL,PARITY,05,QE-011,question_ar,"The Arabic is a string of imperatives ('show me… explain… enable me'), while every other entry question, and this one in English, is a question. It also says 'differences between numbers' instead of 'why sources disagree'.",ACCEPTED,,QE-011.question_ar [finding]
qmc-023,qmc,EDITORIAL,PARITY,05,QE-011,user_gets_ar,"The Arabic promises version history and safe reuse, which the English does not, and it drops 'field-by-field' and 'derived figures'. Align the two; this proposal aligns the Arabic to the English. The Lead may instead extend the English if those features exist.",ACCEPTED,,QE-011.user_gets_ar [finding]
qmc-024,qmc,EDITORIAL,AR,05,QE-004,question_ar,"House term: 'durable use' is «مستمر», not «مستدام» (which reads as 'sustainable'). This is a headline entry question. The same slip, not listed separately, also appears at YSC-006 does_not_establish_ar («تبنيًا رقميًا مستدامًا»).",ACCEPTED,,QE-004.question_ar [finding]
qmc-025,qmc,EDITORIAL,AR,05,QE-004,user_gets_ar,"House term: 'durable-use evidence' is «الاستخدام المستمر», not «المستدام».",ACCEPTED,,QE-004.user_gets_ar [finding]
qmc-026,qmc,EDITORIAL,AR,05,QE-007,question_ar,"House term: remittances are «التحويلات». The same applies in this slice at MA-001 current_evidence_ar («تلقي الحوالات المحلية») and missing_evidence_ar («تلقي الحوالات»), YSC-012 and YSC-016. «الحوالات» for remittances recurs across the whole corpus, so the Lead needs to make one global decision.",ACCEPTED,,QE-007.question_ar [finding]
qmc-027,qmc,EDITORIAL,EN,05,QE-005,question_en,'How serious is finance' is elliptical; the question means how serious a constraint finance is.,ACCEPTED,,QE-005.question_en [finding]
qmc-028,qmc,EDITORIAL,EN,05,QE-005,user_gets_en,'Finance severity for a filtered group' is interface or filter jargon; the Arabic says 'the severity of the finance obstacle for a defined group'.,ACCEPTED,,QE-005.user_gets_en [finding]
qmc-029,qmc,EDITORIAL,EN,05,QE-007,user_gets_en,'Macro-flow vintages' is statistical jargon a public reader will not parse; the Arabic says successive releases of macro-flow data.,ACCEPTED,,QE-007.user_gets_en [finding]
qmc-030,qmc,EDITORIAL,AR,10,MA-002,decisions_unlocked_ar,Case error: «نشاطًا» is coordinated with the genitive «تسجيل» after «مجرد» and must be «نشاط».,ACCEPTED,,MA-002.decisions_unlocked_ar [finding]
qmc-031,qmc,EDITORIAL,AR,10,MA-002,decisions_unlocked_ar,House term: 'durable financial use' is «مستمر».,ACCEPTED,,MA-002.decisions_unlocked_ar [finding]
qmc-032,qmc,EDITORIAL,AR,10,MA-009,guardrail_ar,House term: 'durable financial use' is «مستمر».,ACCEPTED,,MA-009.guardrail_ar [finding]
qmc-033,qmc,EDITORIAL,AR,10,MA-009,missing_evidence_ar,Ungrammatical «بين … ثم …» («بين» needs «و»). The linkage should read as a sequence from receipt onwards.,ACCEPTED,,MA-009.missing_evidence_ar [finding]
qmc-034,qmc,EDITORIAL,EN,10,MA-009,title_en,"'Post-transfer persistence' is opaque as a public title (persistence of what, after which transfer?). The Arabic is explicit. Note for the Lead: the Arabic «التحويلات النقدية» (social cash transfers) sits close to the house term «التحويلات» (remittances), so keep the adjective «النقدية» wherever this sense is meant.",ACCEPTED,,MA-009.title_en [finding]
qmc-035,qmc,EDITORIAL,FIREWALL,10,MA-004,guardrail_en,'Primary programme KPI' is ambiguous (it can read as 'main'); the Arabic makes clear that SMEPS reports the KPI itself (source-owner figure). 'Metric-specific assessment base remains open' is control jargon; the Arabic says the calculation base needs clearer documentation.,ACCEPTED,,MA-004.guardrail_en [finding]
qmc-036,qmc,EDITORIAL,AR,10,MA-004,domain_ar,"Inconsistent MSME term: «الصغرى» here, but «المنشآت الأصغر والصغيرة والمتوسطة» in this row's body text and across the corpus.",ACCEPTED,,MA-004.domain_ar [finding]
qmc-037,qmc,EDITORIAL,AR,10,MA-008,domain_ar,Inconsistent MSME term (see MA-004): use «الأصغر».,ACCEPTED,,MA-008.domain_ar [finding]
qmc-038,qmc,EDITORIAL,EN,10,MA-005,missing_evidence_en,"'Route denominators' is unclear, and 'route' reads as site vocabulary. What is meant is population denominators plus road or travel-network data for travel distance and time; the Arabic says «لطرق الوصول».",ACCEPTED,,MA-005.missing_evidence_en [finding]
qmc-039,qmc,EDITORIAL,EN,10,MA-005,blocked_evidence_en,"Stacked compound jargon ('source-dated, disclosure-documented ... registry'). The Arabic «مؤرخ بالمصدر» is also unnatural.",ACCEPTED,,MA-005.blocked_evidence_en [finding] | MA-005.blocked_evidence_ar [other language]
qmc-040,qmc,EDITORIAL,EN,10,MA-006,current_evidence_en,"'Complaint volumes, resolution times and outcomes remain open' can be misread as complaints remaining unresolved. It means they are undocumented. The Arabic «مفتوحة» is a calque with the same problem.",ACCEPTED,,MA-006.current_evidence_en [finding] | MA-006.current_evidence_ar [other language]
qmc-041,qmc,EDITORIAL,PARITY,10,MA-007,what_changes_ar,"The Arabic adds 'points that can be tested and remedied', which the English does not say and which edges towards prescribing remedies. Keep to 'identifiable journey failure points'.",ACCEPTED,,MA-007.what_changes_ar [finding]
qmc-042,qmc,EDITORIAL,AR,10,MA-008,title_ar,"«وصول البنية التحتية» for 'reach' is ambiguous and collides with «الوصول» (access), a separate firewall concept. 'Reach' here means coverage.",ACCEPTED,,MA-008.title_ar [finding]
qmc-043,qmc,EDITORIAL,EN,10,MA-008,current_evidence_en,"'Legal, project and institutional states' is control vocabulary; the Arabic «الأوضاع القانونية والمشروعات والمؤسسات» is equally unnatural. The sentence means documents and records.",ACCEPTED,,MA-008.current_evidence_en [finding] | MA-008.current_evidence_ar [other language]
qmc-044,qmc,EDITORIAL,AR,10,MA-010,decisions_unlocked_ar,«تتوقف … عن امتلاك دليل» is a calque of 'stops being evidenced'.,ACCEPTED,,MA-010.decisions_unlocked_ar [finding]
qmc-045,qmc,EDITORIAL,EN,10,MA-010,feasibility_en,"'Reform owner access' is project jargon, and the Arabic «مالك الإصلاح» is an unnatural calque.",ACCEPTED,,MA-010.feasibility_en [finding] | MA-010.feasibility_ar [other language]
qmc-046,qmc,EDITORIAL,EN,14,YSC-017,fi_relevance_en,"Garden-path sentence: 'Reserve scarcity conditions' reads as a noun phrase, leaving no verb.",ACCEPTED,,YSC-017.fi_relevance_en [finding]
qmc-047,qmc,EDITORIAL,FIREWALL,14,YSC-004,fact_en,"'Estimated currency outside banks rose' lacks 'that', and 'rapid expected money-supply growth' blurs observed and projected. The rewrite makes clear that 2018 growth was a projection. No numbers change.",ACCEPTED,,YSC-004.fact_en [finding]
qmc-048,qmc,EDITORIAL,EN,14,YSC-005,fact_en,'Saudi Arabia directed and then signed an agreement to deliver' leaves 'directed' without an object; 'intended to' dangles; the slash in 'financial/economic' is not prose. The Arabic «وجهت … ثم وقعت» has the same missing object.,ACCEPTED,,YSC-005.fact_en [finding] | YSC-005.fact_ar [other language]
qmc-049,qmc,EDITORIAL,AR,14,YSC-007,fi_relevance_ar,«تهم التحويلات كتدفق … وكجزء» is a calque of 'matter as … and as part of'.,ACCEPTED,,YSC-007.fi_relevance_ar [finding]
qmc-050,qmc,EDITORIAL,AR,14,YSC-008,fact_ar,"Without vowel marks, «أعقبت الهجمات … عملية تعليق» naturally reads as 'the attacks followed the suspension', which reverses the chronology. «عملية تعليق» is also filler. The date itself is under QUERY on fact_en.",ACCEPTED,,YSC-008.fact_ar [finding]
qmc-051,qmc,EDITORIAL,AR,14,YSC-012,fact_ar,"Same ambiguous «أعقب» order as YSC-008 (it can read as the directive preceding the coin). The entry uses the shorthand «البنك المركزي في عدن» as its only mention instead of the house name «البنك المركزي اليمني – عدن». 'Headquartered' is lost, and remittance networks should use the house term «التحويلات».",ACCEPTED,,YSC-012.fact_ar [finding]
qmc-052,qmc,EDITORIAL,AR,14,YSC-016,fi_relevance_ar,«تحويل قيمة الحوالات» is clumsy for 'remittance conversion' and uses «الحوالات» instead of the house term.,ACCEPTED,,YSC-016.fi_relevance_ar [finding]
qmc-053,qmc,EDITORIAL,EN,14,YSC-009,system_implication_en,'Deposit custody is not the same state as' is control jargon.,ACCEPTED,,YSC-009.system_implication_en [finding]
qmc-054,qmc,EDITORIAL,EN,14,YSC-010,system_implication_en,'Moved through distinct states' is control jargon and inaccurate: budget support is not a stage of the deposit. These are distinct forms of support. The Arabic «مراحل» has the same problem.,ACCEPTED,,YSC-010.system_implication_en [finding] | YSC-010.system_implication_ar [other language]
qmc-055,qmc,EDITORIAL,PARITY,14,YSC-013,period_en,"'Vintages' is jargon, and 'CBY' is unqualified, while the Arabic correctly names CBY-Aden.",ACCEPTED,,YSC-013.period_en [finding]
qmc-056,qmc,EDITORIAL,EN,14,YSC-013,fi_relevance_en,'Must expose vintage and method changes' is jargon for disclosing that the figure was revised between report editions and methods.,ACCEPTED,,YSC-013.fi_relevance_en [finding]
qmc-057,qmc,EDITORIAL,EN,14,YSC-018,fact_en,"'Latest disclosed ISR identified in this review is sequence 2' uses an unexplained acronym, the database term 'sequence' and internal 'this review'. The Arabic spells out the report name.",ACCEPTED,,YSC-018.fact_en [finding]
qmc-058,qmc,EDITORIAL,EN,14,YSC-018,system_implication_en,"The 'reform clock' metaphor and 'evidence states' are internal vocabulary; the Arabic already says 'separate stages, each needing its own evidence'.",ACCEPTED,,YSC-018.system_implication_en [finding]
qmc-059,qmc,EDITORIAL,EN,14,YSC-023,system_implication_en,The 'reform clock' metaphor and 'states' are internal vocabulary; 'experienced financial-service outcomes' is compressed.,ACCEPTED,,YSC-023.system_implication_en [finding]
qmc-060,qmc,EDITORIAL,AR,14,YSC-023,fi_relevance_ar,«تهم التزامات … الوساطة» is a calque of 'matter for'.,ACCEPTED,,YSC-023.fi_relevance_ar [finding]
qmc-061,qmc,EDITORIAL,EN,14,YSC-022,fact_en,'Project design and target states' is control jargon; the Arabic says design elements and targets.,ACCEPTED,,YSC-022.fact_en [finding]
qmc-062,qmc,EDITORIAL,AR,14,YSC-022,does_not_establish_ar,«استخدامًا نشطًا للبنك» (active use of the bank) is unidiomatic for 'active bank or wallet use'.,ACCEPTED,,YSC-022.does_not_establish_ar [finding]
qmc-063,qmc,EDITORIAL,FIREWALL,14,YSC-024,fact_en,"'Benefiting 45,460 recipients' implies a welfare outcome; the source figure is programme reach (recipients paid digitally in the pilot).",ACCEPTED,,YSC-024.fact_en [finding] | YSC-024.fact_ar [other language]
qmc-064,qmc,EDITORIAL,FIREWALL,14,YSC-020,system_implication_en,"'Trace transmission' (Arabic: 'transmission of effect') presupposes that effects were transmitted, in the very sentence that forbids turning sequence into causality.",ACCEPTED,,YSC-020.system_implication_en [finding] | YSC-020.system_implication_ar [other language]
src-001,src,MATERIAL,PARITY,15,SRC-CBY-AR2025-BOP,why_it_matters_ar,"Arabic narrows the series to «تحويلات العاملين» (workers' remittances, a distinct balance-of-payments item), but the source row is labelled only 'Remittances' and the English says 'remittance values'. «نسخة النشر» is also an awkward rendering of 'publication vintage'.",ACCEPTED,,SRC-CBY-AR2025-BOP.why_it_matters_ar [finding] | SRC-CBY-AR2025-BOP.why_it_matters [other language]
src-002,src,MATERIAL,FIREWALL,15,SRC-KFW-YEM-MSME-FIN-III-47229,why_it_matters_ar,The English limits the target group to Yemeni MSMEs; the Arabic «المنشآت اليمنية» widens it to all Yemeni firms.,ACCEPTED,,SRC-KFW-YEM-MSME-FIN-III-47229.why_it_matters_ar [finding]
src-003,src,MATERIAL,FIREWALL,15,SRC-KFW-YEM-MSME-FIN-III-47229,does_not_establish_ar,The English boundary is a national MSME finance-access rate; the Arabic drops the MSME limit and speaks of all firms.,ACCEPTED,,SRC-KFW-YEM-MSME-FIN-III-47229.does_not_establish_ar [finding]
src-004,src,MATERIAL,PARITY,15,SRC-SANAA-MFB-2024,does_not_establish_ar,"The English says the brief is not a current sector census; the Arabic says it is not a current «موجز إحصائي» (statistical brief), a different boundary. «مؤسسة مسماة» is also a calque of 'a named institution'.",ACCEPTED,,SRC-SANAA-MFB-2024.does_not_establish_ar [finding]
src-005,src,MATERIAL,PARITY,15,SRC-WB-G2PX-001,why_it_matters_ar,"The English names cash-out cost and distance; the Arabic says cost and time («زمن») to reach cash-out, which is a different measure.",ACCEPTED,,SRC-WB-G2PX-001.why_it_matters_ar [finding]
src-006,src,MATERIAL,FIREWALL,15,SRC-WB-FMIIP-ISR2-2026-001,does_not_establish_ar,"The English boundary is 'widely used'; the Arabic «انتشار واسع» (widespread) reads as reach or availability rather than use, which blurs infrastructure and use.",ACCEPTED,,SRC-WB-FMIIP-ISR2-2026-001.does_not_establish_ar [finding]
src-007,src,EDITORIAL,AR,15,SRC-WB-FSD-2024-001,why_it_matters_ar,The house name for CBY-Aden is «البنك المركزي اليمني – عدن»; «البنك المركزي في عدن» is inconsistent with the publisher field and the rest of the corpus.,ACCEPTED,,SRC-WB-FSD-2024-001.why_it_matters_ar [finding]
src-008,src,EDITORIAL,PARITY,15,SRC-WB-FSD-2024-001,does_not_establish_ar,The English says 'regulator statement'; «بيانًا تنظيميًا آنيًا» means an 'instantaneous regulatory statement' and does not say that the statement comes from the regulator.,ACCEPTED,,SRC-WB-FSD-2024-001.does_not_establish_ar [finding]
src-009,src,EDITORIAL,AR,15,SRC-OECD-YEM-RESILIENCE-001,does_not_establish_ar,The OECD's Arabic name here differs from the one in publisher_ar and on the other OECD cards («منظمة التعاون الاقتصادي والتنمية»).,ACCEPTED,,SRC-OECD-YEM-RESILIENCE-001.does_not_establish_ar [finding]
src-010,src,EDITORIAL,PARITY,15,SRC-OECD-YEM-RESILIENCE-001,why_it_matters_ar,"«الأدلة المقاسة» ('measured evidence') is unnatural Arabic and drops 'Yemen', which the English has.",ACCEPTED,,SRC-OECD-YEM-RESILIENCE-001.why_it_matters_ar [finding]
src-011,src,EDITORIAL,AR,15,SRC-OCHA-FTS-YEM-2026-001,display_title_ar,«لقطة بتاريخ» is a calque of 'snapshot of'. The other cards say «كما رُصدت في» / «كما اطُّلع عليها في».,ACCEPTED,,SRC-OCHA-FTS-YEM-2026-001.display_title_ar [finding]
src-012,src,EDITORIAL,AR,15,SRC-SFD-NEWSLETTER-2000-Q4-001,display_title_ar,"For a portfolio stock date, 'as of' is «كما في» in financial Arabic; «حتى» ('until') can be read as a cumulative period.",ACCEPTED,,SRC-SFD-NEWSLETTER-2000-Q4-001.display_title_ar [finding]
src-013,src,EDITORIAL,EN,15,SRC-WB-FMIIP-ISR2-2026-001,why_it_matters,'implementation-status vintage' is data jargon that a public reader will not understand.,ACCEPTED,,SRC-WB-FMIIP-ISR2-2026-001.why_it_matters [finding]
src-014,src,EDITORIAL,EN,15,SRC-WB-FMIIP-ISR2-2026-001,does_not_establish,"FPS and RTGS are unexpanded acronyms in English, while the Arabic spells out both systems.",ACCEPTED,,SRC-WB-FMIIP-ISR2-2026-001.does_not_establish [finding]
src-015,src,EDITORIAL,PARITY,15,SRC-IMF-YEM-AIV-2025-2026,why_it_matters,"'current' asserts currentness, which will age. The Arabic says «الأحدث» ('most recent').",ACCEPTED,,SRC-IMF-YEM-AIV-2025-2026.why_it_matters [finding]
src-016,src,EDITORIAL,PARITY,15,SRC-IMF-YEM-AIV-2025-2026,does_not_establish_ar,"The Arabic drops 'framework' («المؤشرات الكلية» only), and «معاملتها كـ» is a calque of 'treat as'.",ACCEPTED,,SRC-IMF-YEM-AIV-2025-2026.does_not_establish_ar [finding]
src-017,src,EDITORIAL,EN,15,SRC-CBY-AR2025-BOP,does_not_establish,'publication revision' and 'population financial-inclusion outcome' are internal jargon. The Arabic «مراجعة نسخة النشر» ('review of the publication copy') is unclear and «نتيجة سكانية» is a calque.,ACCEPTED,,SRC-CBY-AR2025-BOP.does_not_establish [finding] | SRC-CBY-AR2025-BOP.does_not_establish_ar [other language]
src-018,src,EDITORIAL,EN,15,SRC-CBY-AR2024-BOP,why_it_matters,'publication vintage' and 'annual-report vintages' are data jargon; the corpus elsewhere says 'edition'. The Arabic «نسخة النشر» / «نسخ التقارير» is equally awkward.,ACCEPTED,,SRC-CBY-AR2024-BOP.why_it_matters [finding] | SRC-CBY-AR2024-BOP.why_it_matters_ar [other language]
src-019,src,EDITORIAL,EN,15,SRC-CBY-AR2024-BOP,does_not_establish,"'preserving the publication-vintage distinction' is control language. The Arabic «الحفاظ على فرق نسخة النشر» is opaque, and «التعامل مع ... بوصفها» is a calque.",ACCEPTED,,SRC-CBY-AR2024-BOP.does_not_establish [finding] | SRC-CBY-AR2024-BOP.does_not_establish_ar [other language]
src-020,src,EDITORIAL,PARITY,15,SRC-IMF-YEM-SMP-2026,does_not_establish_ar,"The card turns on staff versus Board. The Arabic says the programme is 'monitored by the Fund', not by Fund staff, and «مجلس الصندوق» is ambiguous; the approving body is the Executive Board.",ACCEPTED,,SRC-IMF-YEM-SMP-2026.does_not_establish_ar [finding]
src-021,src,EDITORIAL,EN,15,SRC-IMF-YEM-SMP-2026,why_it_matters,"'collapsing agreement, implementation and outcome' is internal firewall jargon.",ACCEPTED,,SRC-IMF-YEM-SMP-2026.why_it_matters [finding]
src-022,src,EDITORIAL,PARITY,15,SRC-SANAA-EMONEY-2022,why_it_matters_ar,"The Arabic says the questions verify the sources themselves («للتحقق من المصادر»), whereas the English means questions to be checked against the sources; «توليد» is also a calque. The English 'generating verification questions against' is itself clumsy.",ACCEPTED,,SRC-SANAA-EMONEY-2022.why_it_matters_ar [finding] | SRC-SANAA-EMONEY-2022.why_it_matters [other language]
src-023,src,EDITORIAL,AR,15,SRC-SANAA-EMONEY-2022,why_it_matters_ar,'payment infrastructure' is «البنية التحتية للمدفوعات»; «بنية المدفوعات» means 'payment structure'.,ACCEPTED,,SRC-SANAA-EMONEY-2022.why_it_matters_ar [finding]
src-024,src,EDITORIAL,EN,15,SRC-SANAA-MFB-2024,why_it_matters,'triangulating questions' is not meaningful English. The Arabic already says «صياغة أسئلة» ('framing questions').,ACCEPTED,,SRC-SANAA-MFB-2024.why_it_matters [finding]
src-025,src,EDITORIAL,AR,15,SRC-UNDP-FMIIP-001,why_it_matters_ar,«المرجع الرسمي لعرض تنفيذ» is a stacked construct; the natural form is 'the official overview of implementation'.,ACCEPTED,,SRC-UNDP-FMIIP-001.why_it_matters_ar [finding]
src-026,src,EDITORIAL,AR,15,SRC-UNDP-FMIIP-001,does_not_establish_ar,«المستخدمين النشطين الفريدين» is a calque of 'unique active users'; the statistical Arabic is «دون تكرار».,REJECTED,"House term kept: «فريد / الفريدين» is the corpus-wide Arabic term for unique (de-duplicated) people, users, firms and providers, used consistently in every domain; switching a handful of fields to «دون تكرار» would give one concept two names.",
src-027,src,EDITORIAL,AR,15,SRC-OECD-INFE-2023,does_not_establish_ar,The house term for currentness is «حداثة الأدلة»; bare «الحداثة» reads as 'modernity'.,ACCEPTED,,SRC-OECD-INFE-2023.does_not_establish_ar [finding]
src-028,src,EDITORIAL,EN,15,SRC-OECD-INFE-2023,does_not_establish,"'a 2026 population state' is jargon, and the Arabic calque «حالة سكانية» is equally opaque.",ACCEPTED,,SRC-OECD-INFE-2023.does_not_establish [finding] | SRC-OECD-INFE-2023.does_not_establish_ar [other language]
src-029,src,EDITORIAL,AR,15,SRC-WB-FINDEX-2025-EDITION,does_not_establish_ar,«لا تنشئ» is a literal calque of 'does not create'.,ACCEPTED,,SRC-WB-FINDEX-2025-EDITION.does_not_establish_ar [finding]
src-030,src,EDITORIAL,AR,15,SRC-WB-FMIIP-P180708,does_not_establish_ar,«لا تعني ... أنها نتائج مرصودة» is ungainly and «تغطية تشغيلية وطنية» misrenders 'nationwide'.,ACCEPTED,,SRC-WB-FMIIP-P180708.does_not_establish_ar [finding]
src-031,src,EDITORIAL,EN,15,SRC-CBY-AR2022-001,why_it_matters,"'annual-report vintage', 'later publication changes' and 'valuation/restatement break' are jargon. The Arabic «كسرًا في التقييم» calques 'break', and «التغيرات اللاحقة في النشر» is unclear.",ACCEPTED,,SRC-CBY-AR2022-001.why_it_matters [finding] | SRC-CBY-AR2022-001.why_it_matters_ar [other language]
src-032,src,EDITORIAL,AR,15,SRC-CBY-AR2022-001,does_not_establish_ar,«الوصول التشغيلي» is a calque of 'operating reach'; the natural term is «النطاق التشغيلي».,ACCEPTED,,SRC-CBY-AR2022-001.does_not_establish_ar [finding]
src-033,src,EDITORIAL,EN,15,SRC-CBY-AR2023-001,why_it_matters,"'publication vintage' is jargon (see rows 107, 108 and 151). The Arabic «نسخة النشر» is equally awkward.",ACCEPTED,,SRC-CBY-AR2023-001.why_it_matters [finding] | SRC-CBY-AR2023-001.why_it_matters_ar [other language]
src-034,src,EDITORIAL,PARITY,15,SRC-BIS-CPMI-FPS-RTGS-2021-001,why_it_matters_ar,"The English says 'without conflating them'. The Arabic «دمجهما» means 'merging them', which here could be read as technical system integration.",ACCEPTED,,SRC-BIS-CPMI-FPS-RTGS-2021-001.why_it_matters_ar [finding]
src-035,src,EDITORIAL,AR,15,SRC-BIS-CPMI-FPS-RTGS-2021-001,does_not_establish_ar,'architecture choices' rendered as «خيارات البنية» is ambiguous; the sense is system (technical) architecture.,ACCEPTED,,SRC-BIS-CPMI-FPS-RTGS-2021-001.does_not_establish_ar [finding]
src-036,src,EDITORIAL,AR,15,SRC-BIS-CPMI-PAFI-FINTECH-2020-001,why_it_matters_ar,"Without a shadda, «الممكنة» reads as 'possible', not 'enabling'.",ACCEPTED,,SRC-BIS-CPMI-PAFI-FINTECH-2020-001.why_it_matters_ar [finding]
src-037,src,EDITORIAL,AR,15,SRC-WB-YEM-CPF-2026-2030-001,does_not_establish_ar,"Without a damma, «القطرية» reads as 'Qatari'. The title on the same card uses «القُطرية».",ACCEPTED,,SRC-WB-YEM-CPF-2026-2030-001.does_not_establish_ar [finding]
src-038,src,EDITORIAL,EN,15,SRC-WB-YEM-CPF-2026-2030-001,why_it_matters,'Anchors the current ... country-strategy context for' is consultancy phrasing.,ACCEPTED,,SRC-WB-YEM-CPF-2026-2030-001.why_it_matters [finding]
src-039,src,EDITORIAL,PARITY,15,SRC-WB-YEM-CNL-2026-001,does_not_establish_ar,"'VSLA participation' is village savings and loan associations; the Arabic drops the loan and village parts («جمعيات الادخار» only), unlike why_it_matters_ar on the same card.",ACCEPTED,,SRC-WB-YEM-CNL-2026-001.does_not_establish_ar [finding]
src-040,src,EDITORIAL,AR,15,SRC-KFW-YEM-MSME-FIN-III-47229,why_it_matters_ar,«مقاييس الوصول الوطني إلى التمويل» reads as 'measures of national access'; the intended phrase is 'national measures of access to finance'.,ACCEPTED,,SRC-KFW-YEM-MSME-FIN-III-47229.why_it_matters_ar [finding]
src-041,src,EDITORIAL,AR,15,SRC-WB-G2PX-YEM-UCT-2024-001,why_it_matters_ar,«التعرض لـ» is the flagged calque of 'exposure'.,ACCEPTED_MODIFIED,«التعرض لـ» (exposure) is a calque; the rung means a recipient's first contact with a formal financial service and is written «أول تعامل مع …» everywhere.,SRC-WB-G2PX-YEM-UCT-2024-001.why_it_matters_ar [finding]
src-042,src,EDITORIAL,AR,15,SRC-WB-G2PX-YEM-UCT-2024-001,why_it_matters_ar,"«استفاد منها 45,460 مستفيدًا» is tautological ('benefited 45,460 beneficiaries'). The number is unchanged.",ACCEPTED,,SRC-WB-G2PX-YEM-UCT-2024-001.why_it_matters_ar [finding]
src-043,src,EDITORIAL,PARITY,15,SRC-CBY-DEC-23-2024-001,why_it_matters_ar,The English 'primary instrument' means the principal instrument; «الأولية» reads as 'initial/preliminary'.,ACCEPTED,,SRC-CBY-DEC-23-2024-001.why_it_matters_ar [finding]
src-045,src,QUERY,PARITY,15,SRC-IMF-YEM-AIV-2025-2026,display_title,"Possible duplicate of SRC-IMF-AIV-2025-STAFF-001 (row 34): both cite IMF Country Report No. 26/80, the Article IV staff report, with different URLs (imf.org PDF vs eLibrary). If they are the same document, merge them; if not, the titles should say how they differ.",REJECTED,"Not duplicates: three IMF items under Country Report No. 26/80 (the full report, the staff report and its supplement), each with its own locator, a title that says which it is, and different bound evidence (Tranche C VER-21 decision stands).",
src-046,src,QUERY,EN,15,SRC-CBY-ENF-10-2026,display_title,"Decision No. 10 is the only Governor's decision in the series without a date in its title, in both languages. Confirm the date from the source (it should fall between 21 May and 10 June 2026) and add it, or record that it is undated.",DEFERRED,"EXTERNAL_EVIDENCE_DEPENDENCY: The date of Governor's Decision No. 10 of 2026 could not be read from its page in this session; the title stays undated, which is true as stated, and the date is an open item.",
ui-001,ui,MATERIAL,PARITY,04,UI-VIS-CAT-PRV-CLASS-EXCHANGE,label_ar,"«شركات الصرافة ومنشآتها» reads as 'exchange companies and their (own) establishments', collapsing the separate licence class 'exchange establishments' into a sub-unit of companies; the EN names two distinct classes, and the product elsewhere uses «منشآت شركة صرافة» for company establishments.",ACCEPTED,,UI-VIS-CAT-PRV-CLASS-EXCHANGE.label_ar [finding]
ui-002,ui,MATERIAL,PARITY,04,UI-VIS-CAT-PRV-NAMED-NONE,label_ar,"AR «لا توجد قائمة» says no verified list exists at all, whereas EN says only that none is held in this evidence base (missing here ≠ non-existent); EN 'is held' is also internal control language.",ACCEPTED,,UI-VIS-CAT-PRV-NAMED-NONE.label_ar [finding] | UI-VIS-CAT-PRV-NAMED-NONE.label_en [other language]
ui-003,ui,MATERIAL,EN,04,UI-JS-COMPARE-CURRENTNESS,label_en,"'Evidence currency' in a compare table of a financial product reads as the money currency of the figure (YER/USD), which is itself a real comparability dimension; the column means how current the evidence is.",ACCEPTED,,UI-JS-COMPARE-CURRENTNESS.label_en [finding]
ui-004,ui,MATERIAL,EN,04,UI-JS-COMPARE-QUALIFIED-COPY,label_en,"'evidence currency' can be read as money currency, and 'required structural fields' is internal jargon; the sibling ALIGNED/NOT-DIRECT copy shows the fields are definition, population and method.",ACCEPTED,,UI-JS-COMPARE-QUALIFIED-COPY.label_en [finding] | UI-JS-COMPARE-QUALIFIED-COPY.label_ar [other language]
ui-005,ui,MATERIAL,AR,04,UI-JS-COMPARE-QUALIFIED,label_ar,"«مؤهلة» means 'eligible/competent', not 'with reservations'; the verdict reads as an endorsement of the comparison instead of a conditional one.",ACCEPTED,,UI-JS-COMPARE-QUALIFIED.label_ar [finding]
ui-006,ui,EDITORIAL,PARITY,04,UI-HERO-THIS-RESOURCE-PRESENTS-THE-STRONGEST,label_ar,"AR drops 'answer' and 'scope' (EN: strongest defensible answer … scope, limits and source); «ظاهرين» then agrees with only two items.",ACCEPTED,,UI-HERO-THIS-RESOURCE-PRESENTS-THE-STRONGEST.label_ar [finding]
ui-007,ui,EDITORIAL,PARITY,04,UI-DOM-EVIDENCE-READINGS-ON-THIS-QUESTION,label_ar,EN says 'on this question'; AR says 'linked to this page'.,ACCEPTED,,UI-DOM-EVIDENCE-READINGS-ON-THIS-QUESTION.label_ar [finding]
ui-008,ui,EDITORIAL,PARITY,04,UI-COMPARE-CAN-THESE-RECORDS-ACTUALLY-BE,label_ar,AR uses the dual «هذين السجلين» (two records) although Compare accepts two to four records and EN says 'these records'.,ACCEPTED,,UI-COMPARE-CAN-THESE-RECORDS-ACTUALLY-BE.label_ar [finding]
ui-009,ui,EDITORIAL,PARITY,04,UI-JS-CURRENT-RECORD,label_ar,EN labels the current record; AR says 'current link'.,ACCEPTED,,UI-JS-CURRENT-RECORD.label_ar [finding]
ui-010,ui,EDITORIAL,PARITY,04,UI-EVID-UNBOUND,label_ar,EN asks the reader to treat figures as unverified; AR says they are not valid for reuse (unverified ≠ invalid) and uses an ambiguous passive/imperative «لا تُعامل»; align with the wording used in UI-VERIFY-PARTIAL.,ACCEPTED,,UI-EVID-UNBOUND.label_ar [finding]
ui-011,ui,EDITORIAL,PARITY,04,UI-EVID-READING-GUIDANCE,label_ar,AR makes population and calculation base alternatives («أو») where EN lists them as separate items; «الجغرافيا» is unnatural here (the product uses «النطاق الجغرافي»).,ACCEPTED,,UI-EVID-READING-GUIDANCE.label_ar [finding]
ui-012,ui,EDITORIAL,PARITY,04,UI-DATA-THESE-SOURCES-ARE-LINKED-DIRECTLY,label_ar,AR drops 'current' from 'at least one current public Evidence Record'.,ACCEPTED,,UI-DATA-THESE-SOURCES-ARE-LINKED-DIRECTLY.label_ar [finding]
ui-013,ui,EDITORIAL,PARITY,04,UI-MA-CURRENT-EVIDENCE,label_ar,EN 'Current evidence' vs AR first-person 'What we know'; the pair with 'Missing evidence' should name evidence in both languages.,ACCEPTED,,UI-MA-CURRENT-EVIDENCE.label_ar [finding]
ui-014,ui,EDITORIAL,PARITY,04,UI-MA-MISSING-EVIDENCE,label_ar,AR «ما ينقص:» ('what is lacking') is vague and does not say evidence; EN says 'Missing evidence'.,ACCEPTED,,UI-MA-MISSING-EVIDENCE.label_ar [finding]
ui-015,ui,EDITORIAL,EN,04,UI-MA-DECISION-UNLOCKED,label_en,'Decision unlocked' is consultancy jargon implying the measurement makes a decision possible; AR says something different and is clumsy («ما الذي سيصبح القرار فيه أقوى»). Align both with the Home wording 'strengthen the decision'.,ACCEPTED,,UI-MA-DECISION-UNLOCKED.label_en [finding] | UI-MA-DECISION-UNLOCKED.label_ar [other language]
ui-016,ui,EDITORIAL,PARITY,04,UI-JS-COMPARE-UNRESOLVED-COPY,label_ar,EN says one required field is missing; AR says several fields are missing.,ACCEPTED,,UI-JS-COMPARE-UNRESOLVED-COPY.label_ar [finding]
ui-017,ui,EDITORIAL,AR,04,UI-VIS-CAT-EVT-QR-INTEROP,label_ar,Redundant «مساهمة … مساهمًا» and breaks the house term «البنك المركزي اليمني – عدن» («البنك المركزي في عدن»).,ACCEPTED,,UI-VIS-CAT-EVT-QR-INTEROP.label_ar [finding]
ui-018,ui,EDITORIAL,AR,04,UI-VIS-CAT-AUTH-CBY-ADEN,label_ar,"House term is «البنك المركزي اليمني – عدن» (en dash) as used in every other label; this category label uses an em dash, splitting the term for search and consistency.",ACCEPTED,,UI-VIS-CAT-AUTH-CBY-ADEN.label_ar [finding]
ui-019,ui,EDITORIAL,AR,04,UI-VIS-NOTE-NOT-COMPARABLE-2024Q3,label_ar,«لا يُقارن بـ» is idiomatically read as 'beyond comparison / incomparably better'; the note means 'not comparable with'.,ACCEPTED,,UI-VIS-NOTE-NOT-COMPARABLE-2024Q3.label_ar [finding]
ui-020,ui,EDITORIAL,AR,04,UI-VIS-NOMINAL,label_ar,«لم تُعدَّل وفق الأسعار» is a calque of 'not adjusted for prices' and does not say adjusted for price changes (inflation).,ACCEPTED,,UI-VIS-NOMINAL.label_ar [finding]
ui-021,ui,EDITORIAL,AR,04,UI-VIS-CAT-PRV-LIMIT-EXCHANGE,label_ar,«مقدمي خدمات فريدين» is a calque of 'unique providers'; standard Arabic statistical usage is «دون تكرار».,REJECTED,"House term kept: «فريد / الفريدين» is the corpus-wide Arabic term for unique (de-duplicated) people, users, firms and providers, used consistently in every domain; switching a handful of fields to «دون تكرار» would give one concept two names.",
ui-022,ui,EDITORIAL,AR,04,UI-VIS-CAT-PRV-LIMIT-EWALLETS,label_ar,«قائمة حالية مسماة بالمحافظ» is a calque of 'named list' and reads as 'a list named after wallets'.,ACCEPTED,,UI-VIS-CAT-PRV-LIMIT-EWALLETS.label_ar [finding]
ui-023,ui,EDITORIAL,AR,04,UI-VIS-CAT-PRV-STATUS-PROHIBITED,label_ar,«حُظر التعامل في تاريخ المصدر» reads as an event on that date and omits with whom; EN describes the state in force on the source date.,ACCEPTED,,UI-VIS-CAT-PRV-STATUS-PROHIBITED.label_ar [finding]
ui-024,ui,EDITORIAL,AR,04,UI-VIS-CAT-PRV-EVENTS-NONE-APPLIED,label_ar,«أحداث وضع البنوك» is a word-for-word calque of 'status events'.,ACCEPTED,,UI-VIS-CAT-PRV-EVENTS-NONE-APPLIED.label_ar [finding]
ui-025,ui,EDITORIAL,AR,04,UI-VIS-CAT-PRV-EVENTS-SELECTED-2026,label_ar,«أحداث وضع مختارة» is a calque of 'status events' and is hard to parse.,ACCEPTED,,UI-VIS-CAT-PRV-EVENTS-SELECTED-2026.label_ar [finding]
ui-026,ui,EDITORIAL,EN,04,UI-VIS-CAT-PRV-EVENTS-NONE,label_en,"'held' is internal control language, and EN omits 'for this category', which AR states; AR «أحداثًا لوضع» is a calque of 'status events'.",ACCEPTED,,UI-VIS-CAT-PRV-EVENTS-NONE.label_en [finding] | UI-VIS-CAT-PRV-EVENTS-NONE.label_ar [other language]
ui-027,ui,EDITORIAL,AR,04,UI-VIS-NOTE-INDEX-CONCORDANCE,label_ar,«المساران المؤشَّران» ('the indexed paths') is a calque with no natural Arabic reading.,ACCEPTED,,UI-VIS-NOTE-INDEX-CONCORDANCE.label_ar [finding]
ui-028,ui,EDITORIAL,AR,04,UI-VERIFY-COMPOSITE,label_ar,«تحقق من … مقابل مصدره الخاص» is English syntax ('check against its own source').,ACCEPTED,,UI-VERIFY-COMPOSITE.label_ar [finding]
ui-029,ui,EDITORIAL,AR,04,UI-VERIFY-COMPOSITE-UNLISTED,label_ar,«وتحقق منه مقابل مصدره الخاص» is English syntax ('check against its own source').,ACCEPTED,,UI-VERIFY-COMPOSITE-UNLISTED.label_ar [finding]
ui-030,ui,EDITORIAL,AR,04,UI-EVID-HOW-CURRENT-IS-IT,label_ar,"Every sibling heading is a question («ما الذي يقيسه؟», «متى قيس أو رُصد؟») and EN is a question; AR is a bare noun phrase.",ACCEPTED,,UI-EVID-HOW-CURRENT-IS-IT.label_ar [finding]
ui-031,ui,EDITORIAL,AR,04,UI-EVID-WHO-OR-WHAT-DOES-IT,label_ar,The preposition must be repeated before «ماذا»; «على من أو ماذا» is ungrammatical.,ACCEPTED,,UI-EVID-WHO-OR-WHAT-DOES-IT.label_ar [finding]
ui-032,ui,EDITORIAL,AR,04,UI-EVID-THIS-RECORD-CURRENTLY-HAS-NO,label_ar,«استخدم المنهج» ('use the method') is unnatural; the reader is directed to consult the method detail.,ACCEPTED,,UI-EVID-THIS-RECORD-CURRENTLY-HAS-NO.label_ar [finding]
ui-033,ui,EDITORIAL,AR,04,UI-HERO-START-WITH-A-QUESTION,label_ar,EN 'a question'; AR definite «بالسؤال» ('with the question') implies a specific question already chosen.,ACCEPTED,,UI-HERO-START-WITH-A-QUESTION.label_ar [finding]
ui-034,ui,EDITORIAL,AR,04,UI-HOME-FIGURES-EVIDENCE,label_ar,«وراء هذه الأرقام» is a calque of 'behind these figures'.,ACCEPTED,,UI-HOME-FIGURES-EVIDENCE.label_ar [finding]
ui-035,ui,EDITORIAL,AR,04,UI-DOM-WHAT-REMAINS-UNKNOWN,label_ar,"«ما يزال غير معروف» parses as 'it is still unknown' (ما = negation of زال), not the heading 'what remains unknown', which needs relative ما + «لا يزال».",ACCEPTED,,UI-DOM-WHAT-REMAINS-UNKNOWN.label_ar [finding]
ui-036,ui,EDITORIAL,AR,04,UI-DATA-SOURCE-DIRECTORY-AND-VERIFICATION,label_ar,"In a product whose core noun is «دليل/أدلة» (evidence), «دليل المصادر» can read as 'the evidence of the sources'; «فهرس» removes the collision.",ACCEPTED,,UI-DATA-SOURCE-DIRECTORY-AND-VERIFICATION.label_ar [finding]
ui-037,ui,EDITORIAL,AR,04,UI-JS-SOURCE-LINK-UNKNOWN,label_ar,Same «دليل» (evidence/directory) collision as the Sources page heading; keep the two labels aligned.,ACCEPTED,,UI-JS-SOURCE-LINK-UNKNOWN.label_ar [finding]
ui-038,ui,EDITORIAL,AR,04,UI-DATA-NO-SOURCES-MATCH-THIS-SEARCH,label_ar,EN 'another reference'; AR «معرّفًا» ('identifier') diverges from the field label «ابحث عن مصدر بعنوانه أو مرجعه».,ACCEPTED,,UI-DATA-NO-SOURCES-MATCH-THIS-SEARCH.label_ar [finding]
ui-039,ui,EDITORIAL,AR,04,UI-JS-SEARCH-ZERO,label_ar,«0 نتيجة» is ungrammatical and breaks the pattern of the sibling counters («عدد النتائج المعروضة: {n}» / «: 1»).,ACCEPTED,,UI-JS-SEARCH-ZERO.label_ar [finding]
ui-040,ui,EDITORIAL,AR,04,UI-JS-COMPARE-MISSING,label_ar,«غير متاح للحكم» is a calque; EN 'Not available to judge' is also unclear: the row lacks the information needed for a judgement.,ACCEPTED,,UI-JS-COMPARE-MISSING.label_ar [finding] | UI-JS-COMPARE-MISSING.label_en [other language]
ui-041,ui,EDITORIAL,EN,04,UI-VIS-ISSUER-SCOPE,label_en,'absence from its list is not a status elsewhere' is opaque; AR «وضعٌ كما…» is also an English-shaped fragment.,ACCEPTED,,UI-VIS-ISSUER-SCOPE.label_en [finding] | UI-VIS-ISSUER-SCOPE.label_ar [other language]
ui-042,ui,EDITORIAL,EN,04,UI-VIS-CAT-PRV-NAMED-PARTIAL,label_en,'the regulated universe' is internal statistical jargon for a public chart label; AR already says 'all regulated entities'.,ACCEPTED,,UI-VIS-CAT-PRV-NAMED-PARTIAL.label_en [finding]
ui-043,ui,EDITORIAL,EN,04,UI-VIS-NOTE-MFI-2023-SECONDARY,label_en,'provider set not verified' is internal shorthand; AR says the set of providers it covers has not been verified.,ACCEPTED,,UI-VIS-NOTE-MFI-2023-SECONDARY.label_en [finding]
ui-044,ui,EDITORIAL,EN,04,UI-EVID-SOURCES-WITHOUT-LOCATOR,label_en,'held in the evidence base' is internal control language.,ACCEPTED,,UI-EVID-SOURCES-WITHOUT-LOCATOR.label_en [finding]
ui-045,ui,EDITORIAL,EN,04,UI-VIS-NOT-PAY-POS-TRANSACTIONS,label_en,'Events' is vague for a count of POS transactions; AR «أحداث» is equally unnatural for transactions.,ACCEPTED_MODIFIED,Transactions are «معاملات» throughout the corpus.,UI-VIS-NOT-PAY-POS-TRANSACTIONS.label_en [finding] | UI-VIS-NOT-PAY-POS-TRANSACTIONS.label_ar [other language]
ui-046,ui,EDITORIAL,EN,04,UI-READING-PATH-INTRO,label_en,'is carried by an Evidence Record' is templated/internal phrasing; AR «يحملها سجل دليل» is a calque of the same.,ACCEPTED,,UI-READING-PATH-INTRO.label_en [finding] | UI-READING-PATH-INTRO.label_ar [other language]
ui-047,ui,EDITORIAL,EN,04,UI-QUESTIONS-QUESTIONS-INTO-THE-EVIDENCE,label_en,'Questions into the evidence' is ungrammatical as a heading; AR already reads 'questions for entering the evidence'.,ACCEPTED,,UI-QUESTIONS-QUESTIONS-INTO-THE-EVIDENCE.label_en [finding]
ui-048,ui,EDITORIAL,EN,04,UI-DOM-A-VIEW-THAT-CHANGES-UNDERSTANDING,label_en,Slogan fragment that also claims an effect ('changes understanding') the product cannot guarantee.,ACCEPTED,,UI-DOM-A-VIEW-THAT-CHANGES-UNDERSTANDING.label_en [finding] | UI-DOM-A-VIEW-THAT-CHANGES-UNDERSTANDING.label_ar [other language]
ui-049,ui,EDITORIAL,EN,04,UI-DOM-ANALYTICAL-TEXT-ALTERNATIVE,label_en,'Analytical text alternative' is accessibility-engineering jargon; the section is the text version of the view.,ACCEPTED,,UI-DOM-ANALYTICAL-TEXT-ALTERNATIVE.label_en [finding] | UI-DOM-ANALYTICAL-TEXT-ALTERNATIVE.label_ar [other language]
ui-050,ui,EDITORIAL,EN,04,UI-DOM-READING-RULE,label_en,"'Reading rule' collides with the named product family 'Reading' and does not describe the text beneath it (how numbers are kept with unit, scope, time and limits).",ACCEPTED,,UI-DOM-READING-RULE.label_en [finding] | UI-DOM-READING-RULE.label_ar [other language]
ui-051,ui,EDITORIAL,EN,04,UI-READING-OPEN,label_en,'Read this Reading' repeats the word in both languages; other open-buttons use 'Open this …'.,ACCEPTED,,UI-READING-OPEN.label_en [finding] | UI-READING-OPEN.label_ar [other language]
ui-052,ui,EDITORIAL,EN,04,UI-JS-COMPARE-INFORMATIONAL,label_en,'Trace only' is cryptic as a comparison verdict; AR «للتتبع» also drops 'only'.,ACCEPTED,,UI-JS-COMPARE-INFORMATIONAL.label_en [finding] | UI-JS-COMPARE-INFORMATIONAL.label_ar [other language]
ui-053,ui,EDITORIAL,EN,04,UI-DATA-SOURCES-SUPPORTING-CURRENT-PUBLIC-EVIDENCE,label_en,'current public evidence' is publication-state language; AR «أدلة عامة» reads as 'general evidence'.,ACCEPTED,,UI-DATA-SOURCES-SUPPORTING-CURRENT-PUBLIC-EVIDENCE.label_en [finding] | UI-DATA-SOURCES-SUPPORTING-CURRENT-PUBLIC-EVIDENCE.label_ar [other language]
ui-054,ui,EDITORIAL,EN,04,UI-DATA-ONLY-SOURCE-INFORMATION-PERMITTED-BY,label_en,Same 'current public evidence' / «الأدلة العامة» ('general evidence') problem as the section heading; keep the two aligned.,ACCEPTED,,UI-DATA-ONLY-SOURCE-INFORMATION-PERMITTED-BY.label_en [finding] | UI-DATA-ONLY-SOURCE-INFORMATION-PERMITTED-BY.label_ar [other language]
ui-055,ui,EDITORIAL,AR,04,UI-HEADER-REPORT-AN-ISSUE,label_ar,"Near-duplicate: the same 'Report an issue' control is «أبلغ عن مشكلة» on evidence pages (UI-EVID-REPORT-AN-ISSUE) but a verbal noun in the header, next to the imperative «استشهد بهذه الصفحة». Use one wording.",ACCEPTED,,UI-HEADER-REPORT-AN-ISSUE.label_ar [finding]
ui-056,ui,EDITORIAL,EN,04,UI-PAGE-SEARCH-CLAIMS-EVIDENCE-READINGS,label_en,"Near-duplicate search placeholder with different scope from UI-SEARCH-SEARCH-QUESTIONS-EVIDENCE-READINGS-AND; 'claims' is not a search result type (types are page, question, evidence record, Reading, measurement priority, source). Use one wording.",ACCEPTED,,UI-PAGE-SEARCH-CLAIMS-EVIDENCE-READINGS.label_en [finding] | UI-PAGE-SEARCH-CLAIMS-EVIDENCE-READINGS.label_ar [other language]
ui-057,ui,EDITORIAL,EN,04,UI-SEARCH-SEARCH-THE-PUBLIC-EVIDENCE,label_en,Near-duplicate: the 404 page says 'search the published evidence' / «ابحث في الأدلة المنشورة»; AR «الأدلة العامة» here reads as 'general evidence'. Use one wording.,ACCEPTED,,UI-SEARCH-SEARCH-THE-PUBLIC-EVIDENCE.label_en [finding] | UI-SEARCH-SEARCH-THE-PUBLIC-EVIDENCE.label_ar [other language]
ui-058,ui,EDITORIAL,EN,04,UI-JS-COMPARE-OPEN-RECORD,label_en,Near-duplicate: the same button is 'Open evidence record' in UI-EVID-OPEN-EVIDENCE-RECORD and UI-DOM-OPEN-EVIDENCE-RECORD; use one capitalisation.,ACCEPTED,,UI-JS-COMPARE-OPEN-RECORD.label_en [finding]
ui-059,ui,EDITORIAL,EN,04,UI-JS-COMPARE-UNIVERSE,label_en,Near-duplicate: the same field is 'Population or base' / «المجتمع أو قاعدة الاحتساب» in the citation (UI-CITE-POPULATION); use one wording.,ACCEPTED,,UI-JS-COMPARE-UNIVERSE.label_en [finding] | UI-JS-COMPARE-UNIVERSE.label_ar [other language]
ui-060,ui,EDITORIAL,EN,04,UI-READING-DO-NOT-INFER,label_en,"Near-duplicate: the same boundary heading is 'What not to conclude' / «ما لا يُستنتج» on answer pages and in Compare (UI-DOM-WHAT-NOT-TO-CONCLUDE, UI-JS-COMPARE-BOUNDARY); use one wording.",ACCEPTED,,UI-READING-DO-NOT-INFER.label_en [finding] | UI-READING-DO-NOT-INFER.label_ar [other language]
F5-L01,lead,LEAD,,,,,,LEAD_EDIT,"Parity: the Arabic decision value said something different from the English (found while adjudicating cv-011, which swaps the Arabic what-it-shows).",VIS-SOURCE-COMPARISON.decision_value_ar [lead]
F5-L02,lead,LEAD,,,,,,LEAD_EDIT,"Same 'held' rule as the reviewers' findings, applied where the scan found it left.",/data/#s1.body_en [lead]
F5-L03,lead,LEAD,,,,,,LEAD_EDIT,"Same 'held' rule as the reviewers' findings, applied where the scan found it left.",/readings/finance-constraint-different-questions/#s3.body_en [lead]
F5-L04,lead,LEAD,,,,,,LEAD_EDIT,'Vintage' is statistical jargon outside the Readings that explain it; 'edition' is the corpus word.,/finance/#s5.body_en [lead]
F5-L05,lead,LEAD,,,,,,LEAD_EDIT,'Vintage' is statistical jargon outside the Readings that explain it; 'edition' is the corpus word.,/remittances/#s3.heading_en [lead]
F5-L06,lead,LEAD,,,,,,LEAD_EDIT,'Vintage' is statistical jargon outside the Readings that explain it; 'edition' is the corpus word.,CLM-032.definition_en [lead]
F5-L07,lead,LEAD,,,,,,LEAD_EDIT,'Vintage' is statistical jargon outside the Readings that explain it; 'edition' is the corpus word.,CLM-034.universe_en [lead]
F5-L08,lead,LEAD,,,,,,LEAD_EDIT,'Vintage' is statistical jargon outside the Readings that explain it; 'edition' is the corpus word.,CLM-035.period_en [lead]
F5-L08b,lead,LEAD,,,,,,LEAD_EDIT,"'Vintage' is statistical jargon outside the Readings that explain it; 'edition' is the corpus word. Arabic aligned, with the house name.",CLM-035.period_ar [lead]
F5-L09,lead,LEAD,,,,,,LEAD_EDIT,'Vintage' is statistical jargon outside the Readings that explain it; 'edition' is the corpus word. Aligned with the Arabic.,VIS-EVIDENCE-FRESHNESS.what_it_shows_en [lead]
F5-L10,lead,LEAD,,,,,,LEAD_EDIT,"British spelling and no slash, as in the rest of the corpus.",YSC-014.system_implication_en [lead]
F5-L11,lead,LEAD,,,,,,LEAD_EDIT,'Evidence clocks' is an internal metaphor (pages_a-007/066); the Arabic already says «لا تتجدد الأدلة بالإيقاع نفسه».,/readings/from-rail-to-result-missing-middle/#s6.body_en [lead]
F5-L11b,lead,LEAD,,,,,,LEAD_EDIT,'Universe' is internal vocabulary (reviewers' rule).,/readings/from-rail-to-result-missing-middle/#s6.body_en [lead]
F5-L12,lead,LEAD,,,,,,LEAD_EDIT,Consultancy verb and slash; aligned with the Arabic «يتيح».,MA-005.what_changes_en [lead]
F5-L13,lead,LEAD,,,,,,LEAD_EDIT,'Object' is repository vocabulary; the Arabic says «بحسب كل عنصر».,VIS-ACCESS-EVIDENCE-LAYER.period [lead]
F5-L14,lead,LEAD,,,,,,LEAD_EDIT,'Object' is repository vocabulary; the Arabic says «بحسب العنصر».,RV-CWR-003.period [lead]
F5-L15,lead,LEAD,,,,,,LEAD_EDIT,House term «مستمر» for durable use (cv-048 applied it to the same Reading's visual).,CWR-005.question_ar [lead]
F5-L16,lead,LEAD,,,,,,LEAD_EDIT,House term «مستمر» for durable adoption.,YSC-006.does_not_establish_ar [lead]
F5-L17,lead,LEAD,,,,,,LEAD_EDIT,Translated passive «تم»; the corpus form is «جرى».,VIS-ACCESS-EVIDENCE-LAYER.question_ar [lead]
F5-L18,lead,LEAD,,,,,,LEAD_EDIT,Translated passive «تم».,YSC-019.does_not_establish_ar [lead]
F5-S01,lead,LEAD,,,,,,LEAD_SWEEP,'Content version' is repository vocabulary; the public name is an edition of this resource. (9 cells),VIS-EVIDENCE-GAPS.summary_en [sweep] | VIS-EVIDENCE-FRESHNESS.definition_en [sweep] | VIS-EVIDENCE-GAPS.period_en [sweep] | VIS-EVIDENCE-FRESHNESS.currentness_en [sweep] | CLM-014.currentness_en [sweep] | VIS-EVIDENCE-GAPS.currentness_en [sweep] | VIS-EVIDENCE-CLASS-LADDER.currentness_en [sweep] | VIS-EVIDENCE-GAPS.period [sweep] | VIS-EVIDENCE-GAPS.accessible_summary_en [sweep]
F5-S02,lead,LEAD,,,,,,LEAD_SWEEP,As F5-S01. (4 cells),VIS-EVIDENCE-FRESHNESS.period_en [sweep] | VIS-EVIDENCE-CLASS-LADDER.period_en [sweep] | VIS-EVIDENCE-CLASS-LADDER.period [sweep] | VIS-EVIDENCE-FRESHNESS.period [sweep]
F5-S03,lead,LEAD,,,,,,LEAD_SWEEP,"As F5-S01, in Arabic. (10 cells)",VIS-EVIDENCE-GAPS.summary_ar [sweep] | VIS-EVIDENCE-FRESHNESS.definition_ar [sweep] | VIS-EVIDENCE-FRESHNESS.period_ar [sweep] | VIS-EVIDENCE-GAPS.period_ar [sweep] | VIS-EVIDENCE-CLASS-LADDER.period_ar [sweep] | VIS-EVIDENCE-FRESHNESS.currentness_ar [sweep] | CLM-014.currentness_ar [sweep] | VIS-EVIDENCE-GAPS.currentness_ar [sweep] | VIS-EVIDENCE-CLASS-LADDER.currentness_ar [sweep] | VIS-EVIDENCE-GAPS.accessible_summary_ar [sweep]
F5-S04,lead,LEAD,,,,,,LEAD_SWEEP,One Arabic name for the OECD: the form used by its publisher cards and the other pages (src-009). (10 cells),QUAL-001.summary_ar [sweep] | VIS-OECD-FCP-TIMELINE.summary_ar [sweep] | QUAL-001.definition_ar [sweep] | VIS-OECD-FCP-TIMELINE.universe_ar [sweep] | QUAL-001.method_ar [sweep] | VIS-OECD-FCP-TIMELINE.method_ar [sweep] | VIS-OECD-FCP-TIMELINE.limitations_ar [sweep] | VIS-OECD-FCP-TIMELINE.currentness_ar [sweep] | VIS-OECD-FCP-TIMELINE.prohibited_inference_ar [sweep] | VIS-OECD-FCP-TIMELINE.accessible_summary_ar [sweep]
F5-S05,lead,LEAD,,,,,,LEAD_SWEEP,House term for the denominator or calculation base (reviewers applied it to five other fields). (5 cells),VIS-FINDEX-RESILIENCE.summary_ar [sweep] | VIS-SOURCE-COMPARISON.universe_ar [sweep] | VIS-FINDEX-BARRIERS.universe_ar [sweep] | VIS-FINDEX-RESILIENCE.universe_ar [sweep] | VIS-FINDEX-RESILIENCE.method_ar [sweep]
qmc-019,qmc,QUERY,FIREWALL,14,YSC-018,period_en,"Ordering: this entry is dated 17 June 2025, but its row (23) comes after September 2025 (YSC-017, row 22) and after July 2025 (YSC-015). If the chronology renders in row order, the sequence is wrong. Confirm the sort key; no text change is proposed.",STRUCTURAL,The chronology renders in row order; YSC-018 (17 June 2025) sat after September 2025. It now sits after YSC-014 (to April 2025) and before YSC-015 (July 2025 onward).,
src-044,src,QUERY,PARITY,15,SRC-WB-RPW-KSA-YEM-2025Q3,display_title,"This duplicates SRC-WB-RPW-SA-YEM-2025Q3-001 (row 38): same title in both languages, same primary URL and same period, under two source IDs. The Sources page will list the same document twice. Merge the two records or give them distinguishing titles.",STRUCTURAL,"Same document, same locator and same title as SRC-WB-RPW-SA-YEM-2025Q3-001; no evidence, dataset or page is bound to it (Tranche C VER-21 recommended alias/merge). The duplicate row is removed and its dataset uses are recorded on the kept record, so the Sources page lists the document once.",
readings_1-001,readings_1,MATERIAL,PARITY,08,CWR-001,prohibited_inference_ar,"Arabic double-hedges the ratio («الثابتة تقريبًا … نحو 1.838»), making the figure itself approximate; English gives a roughly constant ratio of 1.838 and s4 states 1.838 in every year.",ACCEPTED,,CWR-001.prohibited_inference_ar [finding]
readings_1-002,readings_1,MATERIAL,PARITY,03,/readings/same-year-different-number/ s2,body_ar,"Arabic adds «بنحو» (about) to the 2024-report value; English states USD 6.245 billion without a hedge (only the restated 3.42 is 'about'), so the Arabic blurs which of the two values is approximate.",ACCEPTED,,/readings/same-year-different-number/#s2.body_ar [finding]
readings_1-003,readings_1,MATERIAL,PARITY,03,/readings/banking-jump-measurement-basis/ s4,body_ar,"«سابقةٌ … منذ 1996» reads as 'since 1996', implying market-rate valuation has applied continuously since then, which undercuts the documented January 2023 break; English says only that a precedent dates from 1996.",ACCEPTED,,/readings/banking-jump-measurement-basis/#s4.body_ar [finding]
readings_1-004,readings_1,EDITORIAL,EN,03,/readings/same-year-different-number/ s2,body_en,'The first thing it establishes is not that remittances collapsed' is convoluted and implies it might establish a collapse later; the Arabic already says plainly that the gap does not establish a collapse.,ACCEPTED,,/readings/same-year-different-number/#s2.body_en [finding]
readings_1-005,readings_1,EDITORIAL,AR,08,CWR-001,thesis_ar,"«مختلفتين كثيرًا» is weak, near-colloquial phrasing for 'very different' in an institutional thesis statement.",ACCEPTED,,CWR-001.thesis_ar [finding]
readings_1-006,readings_1,EDITORIAL,AR,03,/readings/same-year-different-number/ s2,body_ar,"«مختلفتين كثيرًا» is weak, near-colloquial phrasing for 'markedly different'.",ACCEPTED,,/readings/same-year-different-number/#s2.body_ar [finding]
readings_1-007,readings_1,EDITORIAL,AR,08,CWR-001,prohibited_inference_ar,"Standard Arabic balance-of-payments term is «صافي السهو والخطأ», which s6 of the same Reading already uses; «صافي الأخطاء والسهو» is inconsistent.",ACCEPTED,,CWR-001.prohibited_inference_ar [finding]
readings_1-008,readings_1,EDITORIAL,AR,08,CWR-001,prohibited_inference_ar,«التي تديرها عدن» personifies the city; English 'areas administered from Aden' is rendered more precisely and neutrally with a passive.,ACCEPTED,,CWR-001.prohibited_inference_ar [finding]
readings_1-009,readings_1,EDITORIAL,AR,08,CWR-001,prohibited_inference_ar,«نموذج المتبقي» leaves 'residual' as a bare substantive and is unclear to an Arabic reader; «نموذج القيمة المتبقية» names the residual method.,ACCEPTED,,CWR-001.prohibited_inference_ar [finding]
readings_1-010,readings_1,EDITORIAL,PARITY,03,/readings/same-year-different-number/ s4,body_ar,"«لا يتجاوز … نحو 0.0032» adds 'about' to a figure English states exactly, and 'does not exceed about' is awkward; the adjacent period and value also run together.",ACCEPTED,,/readings/same-year-different-number/#s4.body_ar [finding]
readings_1-011,readings_1,EDITORIAL,AR,03,/readings/same-year-different-number/ s4,body_ar,"A series indexed to 2021 = 100 becomes an index series, not 'two index numbers'; «رقمين قياسيين» suggests two single values.",ACCEPTED,,/readings/same-year-different-number/#s4.body_ar [finding]
readings_1-012,readings_1,EDITORIAL,AR,03,/readings/same-year-different-number/ s7,body_ar,«الفرق في السنة نفسها» can be read as a change within the year; English 'a same-year difference' means two published values for the same year.,ACCEPTED,,/readings/same-year-different-number/#s7.body_ar [finding]
readings_1-013,readings_1,EDITORIAL,AR,03,/readings/banking-jump-measurement-basis/ s4,body_ar,«الصياغة القابلة للدفاع» is a calque of 'defensible statement'.,ACCEPTED,,/readings/banking-jump-measurement-basis/#s4.body_ar [finding]
readings_1-014,readings_1,EDITORIAL,AR,03,/readings/banking-jump-measurement-basis/ s6,body_ar,«مطابقة محققة» is ambiguous (محقّقة commonly reads as 'achieved/realised'); English means a verified reconciliation.,ACCEPTED,,/readings/banking-jump-measurement-basis/#s6.body_ar [finding]
readings_1-015,readings_1,EDITORIAL,AR,03,/readings/banking-jump-measurement-basis/ s7,body_ar,«التعميم الدقيق» calques 'the exact circular' (reads as 'the precise circular'); the intended meaning is the text of the circular itself.,ACCEPTED,,/readings/banking-jump-measurement-basis/#s7.body_ar [finding]
readings_1-016,readings_1,EDITORIAL,AR,03,/readings/banking-jump-measurement-basis/ s7,body_ar,«مجتمع الإبلاغ» is opaque for 'reporting population' (the set of reporting banks); a plainer rendering is clearer.,ACCEPTED,,/readings/banking-jump-measurement-basis/#s7.body_ar [finding]
readings_1-017,readings_1,EDITORIAL,AR,08,CWR-003,thesis_ar,"«مقاييس متبادلة» means 'mutual/reciprocal measures', not 'interchangeable measures', which obscures the thesis's central point.",ACCEPTED,,CWR-003.thesis_ar [finding]
readings_1-018,readings_1,EDITORIAL,AR,08,CWR-003,question_ar,"'Terminals' rendered as bare «الأجهزة» (devices), which next to wallets can be read as phones; the payments term is «الأجهزة الطرفية».",ACCEPTED,,CWR-003.question_ar [finding]
readings_1-019,readings_1,EDITORIAL,AR,08,CWR-003,thesis_ar,'Terminals' rendered as bare «الأجهزة» (devices); the payments term is «الأجهزة الطرفية».,ACCEPTED,,CWR-003.thesis_ar [finding]
readings_1-020,readings_1,EDITORIAL,AR,08,CWR-003,prohibited_inference_ar,'Terminals' rendered as bare «الأجهزة» (devices); the payments term is «الأجهزة الطرفية».,ACCEPTED,,CWR-003.prohibited_inference_ar [finding]
readings_1-021,readings_1,EDITORIAL,AR,03,/readings/define-what-you-count/ s2,body_ar,"«أدوات مالية» means financial instruments (securities etc.), a wrong term for the accounts and wallets administrative systems count; English 'financial objects' is itself repository jargon.",ACCEPTED,,/readings/define-what-you-count/#s2.body_ar [finding] | /readings/define-what-you-count/#s2.body_en [other language]
readings_1-022,readings_1,EDITORIAL,AR,03,/readings/define-what-you-count/ s3,body_ar,"In the quoted headline figure the predicate «حساب» is stranded at the end, far from «كان لدى»; the sentence reads as translated.",ACCEPTED,,/readings/define-what-you-count/#s3.body_ar [finding]
readings_1-023,readings_1,EDITORIAL,AR,03,/readings/define-what-you-count/ s3,body_ar,«قطع من البنية التحتية» calques 'pieces of infrastructure'.,ACCEPTED,,/readings/define-what-you-count/#s3.body_ar [finding]
readings_1-024,readings_1,EDITORIAL,AR,03,/readings/define-what-you-count/ s4,body_ar,«نسب الحالات الخام» is a calque of 'raw case percentages' and unclear; the point is unweighted percentages computed directly from responses.,ACCEPTED,,/readings/define-what-you-count/#s4.body_ar [finding]
readings_1-025,readings_1,EDITORIAL,AR,03,/readings/define-what-you-count/ s5,body_ar,"«دليل مشروع» is ambiguous (مشروع = 'legitimate' or 'project'), so the Arabic loses either 'legitimate' or 'project-monitoring' from 'legitimate project-monitoring evidence'.",ACCEPTED,,/readings/define-what-you-count/#s5.body_ar [finding]
readings_1-026,readings_1,EDITORIAL,EN,03,/readings/define-what-you-count/ s7,body_en,'The counted object' is repository vocabulary ('object'); plain English says the same thing.,ACCEPTED,,/readings/define-what-you-count/#s7.body_en [finding]
readings_1-027,readings_1,EDITORIAL,PARITY,08,CWR-004,thesis_ar,"English says 'payment infrastructure'; Arabic broadens it to «البنية التحتية المالية» (financial infrastructure), unlike the question and body, which use «البنية التحتية للمدفوعات».",ACCEPTED,,CWR-004.thesis_ar [finding]
readings_1-028,readings_1,EDITORIAL,AR,08,CWR-004,thesis_ar,«السؤال التالي الذي ينبغي قياسه» ('the next question to be measured') mixes metaphors; English says the gap is the next thing to measure.,ACCEPTED,,CWR-004.thesis_ar [finding]
readings_1-029,readings_1,EDITORIAL,AR,08,CWR-004,prohibited_inference_ar,Bare «البنية» means 'structure'; English is 'infrastructure'.,ACCEPTED,,CWR-004.prohibited_inference_ar [finding]
readings_1-030,readings_1,EDITORIAL,EN,03,/readings/reforms-newer-than-people-evidence/ s3,body_en,"'The count has not failed because it cannot answer those questions' can be parsed as 'it has not failed, because it cannot answer them'; the Arabic carries the same ambiguity.",ACCEPTED,,/readings/reforms-newer-than-people-evidence/#s3.body_en [finding] | /readings/reforms-newer-than-people-evidence/#s3.body_ar [other language]
readings_1-031,readings_1,EDITORIAL,AR,03,/readings/reforms-newer-than-people-evidence/ s3,body_ar,«ولا يمكن توزيعه على المحافظات» reads as 'cannot be distributed among governorates'; English 'cannot be mapped by governorate' means it cannot be disaggregated to governorate level.,ACCEPTED,,/readings/reforms-newer-than-people-evidence/#s3.body_ar [finding]
readings_1-032,readings_1,EDITORIAL,PARITY,03,/readings/reforms-newer-than-people-evidence/ s3,body_ar,"Programme 'management evidence' is rendered «أدلة إدارية», the same term the section uses for administrative data (the POS count), blurring two of the four evidence types the section separates.",ACCEPTED,,/readings/reforms-newer-than-people-evidence/#s3.body_ar [finding]
readings_1-033,readings_1,EDITORIAL,AR,03,/readings/reforms-newer-than-people-evidence/ s4,body_ar,«أما هل وصل التغيير…» is ungrammatical as a topic (أما cannot take a bare هل-clause).,ACCEPTED,,/readings/reforms-newer-than-people-evidence/#s4.body_ar [finding]
readings_1-034,readings_1,EDITORIAL,AR,08,CWR-005,prohibited_inference_ar,Bare «البنية» means 'structure'; English is 'infrastructure expansion'.,ACCEPTED,,CWR-005.prohibited_inference_ar [finding]
readings_1-035,readings_1,EDITORIAL,PARITY,03,/readings/digital-workaround-not-yet-durable-inclusion/ s3,body_ar,«فرضته دفعة» ('imposed by a payment') is stronger than English 'triggered by a payment someone else made'.,ACCEPTED,,/readings/digital-workaround-not-yet-durable-inclusion/#s3.body_ar [finding]
readings_1-036,readings_1,EDITORIAL,AR,03,/readings/digital-workaround-not-yet-durable-inclusion/ s4,body_ar,«التمويل الرقمي» connotes digital lending; the Reading elsewhere renders 'digital finance' as «الخدمات المالية الرقمية».,ACCEPTED,,/readings/digital-workaround-not-yet-durable-inclusion/#s4.body_ar [finding]
readings_1-037,readings_1,EDITORIAL,AR,03,/readings/digital-workaround-not-yet-durable-inclusion/ s4,body_ar,«الدخول إلى النقد والخروج منه» is a literal calque of 'entry to and exit from cash'.,ACCEPTED,,/readings/digital-workaround-not-yet-durable-inclusion/#s4.body_ar [finding]
readings_2-001,readings_2,MATERIAL,FIREWALL,08,CWR-008,thesis_en,"The thesis upgrades the measured category: 91.84% rated finance a ""major or moderate"" obstacle (23.13 points of it ""moderate""), but the thesis — the most quotable line — says finance ""was a severe obstacle"" for the narrower group; both editions carry the overstatement.",ACCEPTED,,CWR-008.thesis_en [finding] | CWR-008.thesis_ar [other language]
readings_2-002,readings_2,MATERIAL,FIREWALL,03,/readings/microfinance-structural-divergence/ s7,body_ar,"«إجمالي رصيد المدخرين» reads naturally as the total savings balance (money), whereas the English ""total saver stock"" is the stock of savers (a count); in a section about keeping the unit with the number, the Arabic silently changes the unit.",ACCEPTED,,/readings/microfinance-structural-divergence/#s7.body_ar [finding]
readings_2-003,readings_2,MATERIAL,PARITY,03,/readings/microfinance-structural-divergence/ s8,body_ar,"«لوحة بيانات موحدة» reads as a ""unified dashboard"", not a reconciled provider-level panel dataset; the measurement ask changes from a longitudinal dataset to a display tool, and ""reconciled"" becomes ""unified"".",ACCEPTED,,/readings/microfinance-structural-divergence/#s8.body_ar [finding]
readings_2-004,readings_2,EDITORIAL,PARITY,03,/readings/from-rail-to-result-missing-middle/ s2,body_ar,"Pull line renders ""what changed downstream"" (later links of the chain: access, use, outcome) as «بعده» (temporally after), losing the chain logic the essay builds; the Reading's own prohibited inference uses «الحلقات اللاحقة».",ACCEPTED,,/readings/from-rail-to-result-missing-middle/#s2.body_ar [finding]
readings_2-005,readings_2,EDITORIAL,FIREWALL,03,/readings/gender-gap-measured-causes-open/ s3,body_ar,"Immediately after calling the mechanisms untested hypotheses, the Arabic calls them «الأسباب» (the causes); English says ""among them"" (the mechanisms).",ACCEPTED,,/readings/gender-gap-measured-causes-open/#s3.body_ar [finding]
readings_2-006,readings_2,EDITORIAL,FIREWALL,03,/readings/after-transfer-persistence/ s6,body_en,"The pull line, quotable alone, presents recipients ""being given usable accounts"" as evidenced by ""the pilot"", while the evidence is programme/partner material describing the design; the essay itself (s3, s5) treats a genuinely usable account and exercisable choice as things still to be measured.",ACCEPTED,,/readings/after-transfer-persistence/#s6.body_en [finding] | /readings/after-transfer-persistence/#s6.body_ar [other language]
readings_2-007,readings_2,EDITORIAL,PARITY,03,/readings/finance-constraint-different-questions/ s7,body_ar,"English says ""MSME access to finance"" (and s5 renders MSMEs in full); here the Arabic narrows it to small and medium firms, dropping micro enterprises.",ACCEPTED_MODIFIED,The corpus MSME term is «المنشآت الأصغر والصغيرة والمتوسطة» (RF5 qmc-036/037).,/readings/finance-constraint-different-questions/#s7.body_ar [finding]
readings_2-008,readings_2,EDITORIAL,EN,03,/readings/from-rail-to-result-missing-middle/ s4,body_en,"""The series has not failed because it cannot answer those questions"" has a scope ambiguity (it can read as ""it has not failed, because it cannot answer them""); the Arabic copies the same ambiguity.",ACCEPTED,,/readings/from-rail-to-result-missing-middle/#s4.body_en [finding] | /readings/from-rail-to-result-missing-middle/#s4.body_ar [other language]
readings_2-009,readings_2,EDITORIAL,EN,03,/readings/from-rail-to-result-missing-middle/ s3,heading_en,"""Evidence states"" is internal evidence-status vocabulary a public reader will not parse; the Arabic «بحالات مختلفة من الدليل» is equally opaque. The section is about stages of a reform, each needing its own evidence.",ACCEPTED,,/readings/from-rail-to-result-missing-middle/#s3.heading_en [finding] | /readings/from-rail-to-result-missing-middle/#s3.heading_ar [other language]
readings_2-010,readings_2,EDITORIAL,EN,03,/readings/after-transfer-persistence/ s2,body_en,"Word order makes ""in eight districts"" attach to Yemen's unconditional cash-transfer programme rather than to the pilot; the Arabic correctly attaches it to the pilot («نُفذت في ثماني مديريات»).",ACCEPTED,,/readings/after-transfer-persistence/#s2.body_en [finding]
readings_2-011,readings_2,EDITORIAL,EN,03,/readings/finance-constraint-different-questions/ s3,body_en,"""Rank constraints by cause"" is unclear (it can read as ranking by what causes each constraint); the Arabic says ""by their causal effect"".",ACCEPTED,,/readings/finance-constraint-different-questions/#s3.body_en [finding]
readings_2-012,readings_2,EDITORIAL,EN,03,/readings/microfinance-structural-divergence/ s4,body_en,"""The verified 2020 anchor records"" uses internal data-anchoring vocabulary; s5 phrases the same object as ""The verified 2020 record shows"".",ACCEPTED,,/readings/microfinance-structural-divergence/#s4.body_en [finding]
readings_2-013,readings_2,EDITORIAL,AR,03,/readings/microfinance-structural-divergence/ s7,body_ar,"«وهذه عبارة عن مصدر الزيادة» uses the colloquial copula «عبارة عن» (""this is / consists of""), so it reads ""this is the source of the increase"" rather than ""this is a statement about the source of an increase"".",ACCEPTED,,/readings/microfinance-structural-divergence/#s7.body_ar [finding]
readings_2-014,readings_2,EDITORIAL,AR,03,/readings/from-rail-to-result-missing-middle/ s3,body_ar,"«الوصول السكاني» is a calque of ""population reach"" and is not natural Arabic.",ACCEPTED,,/readings/from-rail-to-result-missing-middle/#s3.body_ar [finding]
readings_2-015,readings_2,EDITORIAL,AR,03,/readings/from-rail-to-result-missing-middle/ s4,heading_ar,"«تجيب عن أسئلتها هي» is a literal calque of the emphatic ""their own"" and the compound subject does not read naturally.",ACCEPTED,,/readings/from-rail-to-result-missing-middle/#s4.heading_ar [finding]
readings_2-016,readings_2,EDITORIAL,AR,03,/readings/from-rail-to-result-missing-middle/ s4,body_ar,"«داخل النظام الذي يرصده» is garbled (who monitors what?); English says the activity occurred ""inside the reporting system"".",ACCEPTED,,/readings/from-rail-to-result-missing-middle/#s4.body_ar [finding]
readings_2-017,readings_2,EDITORIAL,AR,03,/readings/after-transfer-persistence/ s4,heading_ar,"«أكثر ما يخبرنا» is an incomplete, translated-feeling rendering of ""may tell us most"".",ACCEPTED,,/readings/after-transfer-persistence/#s4.heading_ar [finding]
readings_2-018,readings_2,EDITORIAL,AR,03,/readings/after-transfer-persistence/ s6,body_ar,"""Empirical question"" rendered «سؤال تجريبي» collides with «التجربة» (the pilot) used throughout, so it can read as ""a pilot question""; the intended sense is a question only field evidence can settle.",ACCEPTED,,/readings/after-transfer-persistence/#s6.body_ar [finding]
readings_2-019,readings_2,EDITORIAL,AR,03,/readings/gender-gap-measured-causes-open/ s2,body_ar,"The object «حساب» is stranded after two parenthetical commas, which reads as translated syntax.",ACCEPTED,,/readings/gender-gap-measured-causes-open/#s2.body_ar [finding]
readings_2-020,readings_2,EDITORIAL,AR,03,/readings/gender-gap-measured-causes-open/ s2,body_ar,"«الظروف التي يُنتَج فيها الوصول» is a calque of ""conditions under which access is produced"".",ACCEPTED,,/readings/gender-gap-measured-causes-open/#s2.body_ar [finding]
readings_2-021,readings_2,EDITORIAL,AR,03,/readings/gender-gap-measured-causes-open/ s4,heading_ar,"In a financial-inclusion text «نقطة الوصول» reads as ""access point"" (the term used for service points elsewhere, e.g. «نقاط الوصول»), not ""endpoint"".",ACCEPTED,,/readings/gender-gap-measured-causes-open/#s4.heading_ar [finding]
readings_2-022,readings_2,EDITORIAL,AR,08,CWR-008,question_ar,"«مجموعة مصفّاة» is a calque of ""filtered group"" and reads oddly in Arabic; the group is the firms left after an exclusion.",ACCEPTED,,CWR-008.question_ar [finding]
readings_2-023,readings_2,EDITORIAL,AR,03,/readings/finance-constraint-different-questions/ s3,body_ar,"«نسبة 22% مقارنة» reads as ""the 22% ratio is a comparison"" (or ""compared""), not ""the 22% is comparative"".",ACCEPTED,,/readings/finance-constraint-different-questions/#s3.body_ar [finding]
readings_2-024,readings_2,EDITORIAL,AR,03,/readings/finance-constraint-different-questions/ s4,body_ar,"«حصص متوسطة» can be read as ""medium-sized shares""; English means average shares (means across firms).",ACCEPTED,,/readings/finance-constraint-different-questions/#s4.body_ar [finding]
readings_2-025,readings_2,EDITORIAL,AR,03,/readings/microfinance-structural-divergence/ s2,body_ar,"«التي تقف خلف هذه النقطة اللاحقة» is a calque of ""behind that later point"" and suggests sponsorship rather than coverage.",ACCEPTED,,/readings/microfinance-structural-divergence/#s2.body_ar [finding]
readings_2-026,readings_2,EDITORIAL,AR,03,/readings/microfinance-structural-divergence/ s3,body_ar,"«التشخيصات المالية للقطاع» garbles the product name ""Financial Sector Diagnostics"".",ACCEPTED,,/readings/microfinance-structural-divergence/#s3.body_ar [finding]
readings_2-027,readings_2,EDITORIAL,AR,03,/readings/microfinance-structural-divergence/ s8,body_ar,"«قد تختلف الإجابات وتتعايش معًا» calques ""coexist""; answers do not ""coexist"" in Arabic.",ACCEPTED,,/readings/microfinance-structural-divergence/#s8.body_ar [finding]
F5-L19,lead,LEAD,,,,,,LEAD_EDIT,The citation line names the edition; 'content version' is repository vocabulary (RF5 sweep F5-S01 renamed it in the evidence records).,UI-CONTENT-VERSION.label_en [lead]
F5-L20,lead,LEAD,,,,,,LEAD_EDIT,"As F5-L19, in Arabic.",UI-CONTENT-VERSION.label_ar [lead]
