route,page_family,language,width,state,gate,status,checks,code_handoff,evidence,note
(root entry) /index.html,Orientation,neutral,all,language_entry,D4,NOT_STARTED,,NO,,"Neutral root opens chosen edition, else Arabic"
/,Orientation,en,320,default,D1,DESIGNED,,NO,"T4 Instrument converged (00_DESIGN_README DL-D1-006; 01_FOUNDATIONS §3); composed on the canvas (v5) with governed content in both languages and inspected at 320/360/390/430/640/768/1024/1280/1440 px with no page overflow; not yet BUILT in design/reference",D1 stress trio
/,Orientation,en,390,default,D1,DESIGNED,,NO,"T4 Instrument converged (00_DESIGN_README DL-D1-006; 01_FOUNDATIONS §3); composed on the canvas (v5) with governed content in both languages and inspected at 320/360/390/430/640/768/1024/1280/1440 px with no page overflow; not yet BUILT in design/reference",D1 stress trio
/,Orientation,en,640,default,D1,DESIGNED,,NO,"T4 Instrument converged (00_DESIGN_README DL-D1-006; 01_FOUNDATIONS §3); composed on the canvas (v5) with governed content in both languages and inspected at 320/360/390/430/640/768/1024/1280/1440 px with no page overflow; not yet BUILT in design/reference",D1 stress trio
/,Orientation,en,1440,default,D1,DESIGNED,,NO,"T4 Instrument converged (00_DESIGN_README DL-D1-006; 01_FOUNDATIONS §3); composed on the canvas (v5) with governed content in both languages and inspected at 320/360/390/430/640/768/1024/1280/1440 px with no page overflow; not yet BUILT in design/reference",D1 stress trio
/,Orientation,ar,320,default,D1,DESIGNED,,NO,"T4 Instrument converged (00_DESIGN_README DL-D1-006; 01_FOUNDATIONS §3); composed on the canvas (v5) with governed content in both languages and inspected at 320/360/390/430/640/768/1024/1280/1440 px with no page overflow; not yet BUILT in design/reference",D1 stress trio
/,Orientation,ar,390,default,D1,DESIGNED,,NO,"T4 Instrument converged (00_DESIGN_README DL-D1-006; 01_FOUNDATIONS §3); composed on the canvas (v5) with governed content in both languages and inspected at 320/360/390/430/640/768/1024/1280/1440 px with no page overflow; not yet BUILT in design/reference",D1 stress trio
/,Orientation,ar,640,default,D1,DESIGNED,,NO,"T4 Instrument converged (00_DESIGN_README DL-D1-006; 01_FOUNDATIONS §3); composed on the canvas (v5) with governed content in both languages and inspected at 320/360/390/430/640/768/1024/1280/1440 px with no page overflow; not yet BUILT in design/reference",D1 stress trio
/,Orientation,ar,1440,default,D1,DESIGNED,,NO,"T4 Instrument converged (00_DESIGN_README DL-D1-006; 01_FOUNDATIONS §3); composed on the canvas (v5) with governed content in both languages and inspected at 320/360/390/430/640/768/1024/1280/1440 px with no page overflow; not yet BUILT in design/reference",D1 stress trio
/about/,Reference / Trust,en,320,trust_plain_language,D3,NOT_STARTED,,NO,,
/about/,Reference / Trust,en,390,trust_plain_language,D3,NOT_STARTED,,NO,,
/about/,Reference / Trust,en,640,trust_plain_language,D3,NOT_STARTED,,NO,,
/about/,Reference / Trust,en,1440,trust_plain_language,D3,NOT_STARTED,,NO,,
/about/,Reference / Trust,ar,320,trust_plain_language,D3,NOT_STARTED,,NO,,
/about/,Reference / Trust,ar,390,trust_plain_language,D3,NOT_STARTED,,NO,,
/about/,Reference / Trust,ar,640,trust_plain_language,D3,NOT_STARTED,,NO,,
/about/,Reference / Trust,ar,1440,trust_plain_language,D3,NOT_STARTED,,NO,,
/access/,Domain Answer,en,320,sparse_unknown,D2,NOT_STARTED,,NO,,
/access/,Domain Answer,en,390,sparse_unknown,D2,NOT_STARTED,,NO,,
/access/,Domain Answer,en,640,sparse_unknown,D2,NOT_STARTED,,NO,,
/access/,Domain Answer,en,1440,sparse_unknown,D2,NOT_STARTED,,NO,,
/access/,Domain Answer,ar,320,sparse_unknown,D2,NOT_STARTED,,NO,,
/access/,Domain Answer,ar,390,sparse_unknown,D2,NOT_STARTED,,NO,,
/access/,Domain Answer,ar,640,sparse_unknown,D2,NOT_STARTED,,NO,,
/access/,Domain Answer,ar,1440,sparse_unknown,D2,NOT_STARTED,,NO,,
/accessibility/,Reference / Trust,en,320,default,D3,NOT_STARTED,,NO,,
/accessibility/,Reference / Trust,en,390,default,D3,NOT_STARTED,,NO,,
/accessibility/,Reference / Trust,en,640,default,D3,NOT_STARTED,,NO,,
/accessibility/,Reference / Trust,en,1440,default,D3,NOT_STARTED,,NO,,
/accessibility/,Reference / Trust,ar,320,default,D3,NOT_STARTED,,NO,,
/accessibility/,Reference / Trust,ar,390,default,D3,NOT_STARTED,,NO,,
/accessibility/,Reference / Trust,ar,640,default,D3,NOT_STARTED,,NO,,
/accessibility/,Reference / Trust,ar,1440,default,D3,NOT_STARTED,,NO,,
/contact/,Reference / Trust,en,320,default,D3,NOT_STARTED,,NO,,
/contact/,Reference / Trust,en,390,default,D3,NOT_STARTED,,NO,,
/contact/,Reference / Trust,en,640,default,D3,NOT_STARTED,,NO,,
/contact/,Reference / Trust,en,1440,default,D3,NOT_STARTED,,NO,,
/contact/,Reference / Trust,ar,320,default,D3,NOT_STARTED,,NO,,
/contact/,Reference / Trust,ar,390,default,D3,NOT_STARTED,,NO,,
/contact/,Reference / Trust,ar,640,default,D3,NOT_STARTED,,NO,,
/contact/,Reference / Trust,ar,1440,default,D3,NOT_STARTED,,NO,,
/corrections/,Reference / Trust,en,320,default,D3,NOT_STARTED,,NO,,
/corrections/,Reference / Trust,en,390,default,D3,NOT_STARTED,,NO,,
/corrections/,Reference / Trust,en,640,default,D3,NOT_STARTED,,NO,,
/corrections/,Reference / Trust,en,1440,default,D3,NOT_STARTED,,NO,,
/corrections/,Reference / Trust,ar,320,default,D3,NOT_STARTED,,NO,,
/corrections/,Reference / Trust,ar,390,default,D3,NOT_STARTED,,NO,,
/corrections/,Reference / Trust,ar,640,default,D3,NOT_STARTED,,NO,,
/corrections/,Reference / Trust,ar,1440,default,D3,NOT_STARTED,,NO,,
/data/,Data & Source,en,320,source_scale,D2,NOT_STARTED,,NO,,
/data/,Data & Source,en,390,source_scale,D2,NOT_STARTED,,NO,,
/data/,Data & Source,en,640,source_scale,D2,NOT_STARTED,,NO,,
/data/,Data & Source,en,1440,source_scale,D2,NOT_STARTED,,NO,,
/data/,Data & Source,ar,320,source_scale,D2,NOT_STARTED,,NO,,
/data/,Data & Source,ar,390,source_scale,D2,NOT_STARTED,,NO,,
/data/,Data & Source,ar,640,source_scale,D2,NOT_STARTED,,NO,,
/data/,Data & Source,ar,1440,source_scale,D2,NOT_STARTED,,NO,,
/evidence/,Evidence Directory,en,320,default,D2,NOT_STARTED,,NO,,
/evidence/,Evidence Directory,en,390,default,D2,NOT_STARTED,,NO,,
/evidence/,Evidence Directory,en,640,default,D2,NOT_STARTED,,NO,,
/evidence/,Evidence Directory,en,1440,default,D2,NOT_STARTED,,NO,,
/evidence/,Evidence Directory,ar,320,default,D2,NOT_STARTED,,NO,,
/evidence/,Evidence Directory,ar,390,default,D2,NOT_STARTED,,NO,,
/evidence/,Evidence Directory,ar,640,default,D2,NOT_STARTED,,NO,,
/evidence/,Evidence Directory,ar,1440,default,D2,NOT_STARTED,,NO,,
/evidence/CLM-001/,Evidence Record,en,320,verification:SOURCES_LISTED,D4,NOT_STARTED,,NO,,
/evidence/CLM-001/,Evidence Record,en,390,verification:SOURCES_LISTED,D4,NOT_STARTED,,NO,,
/evidence/CLM-001/,Evidence Record,en,640,verification:SOURCES_LISTED,D4,NOT_STARTED,,NO,,
/evidence/CLM-001/,Evidence Record,en,1440,verification:SOURCES_LISTED,D4,NOT_STARTED,,NO,,
/evidence/CLM-001/,Evidence Record,ar,320,verification:SOURCES_LISTED,D4,NOT_STARTED,,NO,,
/evidence/CLM-001/,Evidence Record,ar,390,verification:SOURCES_LISTED,D4,NOT_STARTED,,NO,,
/evidence/CLM-001/,Evidence Record,ar,640,verification:SOURCES_LISTED,D4,NOT_STARTED,,NO,,
/evidence/CLM-001/,Evidence Record,ar,1440,verification:SOURCES_LISTED,D4,NOT_STARTED,,NO,,
/evidence/CLM-002/,Evidence Record,en,320,verification:SOURCES_LISTED,D4,NOT_STARTED,,NO,,
/evidence/CLM-002/,Evidence Record,en,390,verification:SOURCES_LISTED,D4,NOT_STARTED,,NO,,
/evidence/CLM-002/,Evidence Record,en,640,verification:SOURCES_LISTED,D4,NOT_STARTED,,NO,,
/evidence/CLM-002/,Evidence Record,en,1440,verification:SOURCES_LISTED,D4,NOT_STARTED,,NO,,
/evidence/CLM-002/,Evidence Record,ar,320,verification:SOURCES_LISTED,D4,NOT_STARTED,,NO,,
/evidence/CLM-002/,Evidence Record,ar,390,verification:SOURCES_LISTED,D4,NOT_STARTED,,NO,,
/evidence/CLM-002/,Evidence Record,ar,640,verification:SOURCES_LISTED,D4,NOT_STARTED,,NO,,
/evidence/CLM-002/,Evidence Record,ar,1440,verification:SOURCES_LISTED,D4,NOT_STARTED,,NO,,
/evidence/CLM-003/,Evidence Record,en,320,verification_dense|verification:SOURCES_LISTED,D1,DESIGNED,,NO,"T4 Instrument converged (00_DESIGN_README DL-D1-006; 01_FOUNDATIONS §3); composed on the canvas (v5) with governed content in both languages and inspected at 320/360/390/430/640/768/1024/1280/1440 px with no page overflow; not yet BUILT in design/reference",D1 stress trio
/evidence/CLM-003/,Evidence Record,en,390,verification_dense|verification:SOURCES_LISTED,D1,DESIGNED,,NO,"T4 Instrument converged (00_DESIGN_README DL-D1-006; 01_FOUNDATIONS §3); composed on the canvas (v5) with governed content in both languages and inspected at 320/360/390/430/640/768/1024/1280/1440 px with no page overflow; not yet BUILT in design/reference",D1 stress trio
/evidence/CLM-003/,Evidence Record,en,640,verification_dense|verification:SOURCES_LISTED,D1,DESIGNED,,NO,"T4 Instrument converged (00_DESIGN_README DL-D1-006; 01_FOUNDATIONS §3); composed on the canvas (v5) with governed content in both languages and inspected at 320/360/390/430/640/768/1024/1280/1440 px with no page overflow; not yet BUILT in design/reference",D1 stress trio
/evidence/CLM-003/,Evidence Record,en,1440,verification_dense|verification:SOURCES_LISTED,D1,DESIGNED,,NO,"T4 Instrument converged (00_DESIGN_README DL-D1-006; 01_FOUNDATIONS §3); composed on the canvas (v5) with governed content in both languages and inspected at 320/360/390/430/640/768/1024/1280/1440 px with no page overflow; not yet BUILT in design/reference",D1 stress trio
/evidence/CLM-003/,Evidence Record,ar,320,verification_dense|verification:SOURCES_LISTED,D1,DESIGNED,,NO,"T4 Instrument converged (00_DESIGN_README DL-D1-006; 01_FOUNDATIONS §3); composed on the canvas (v5) with governed content in both languages and inspected at 320/360/390/430/640/768/1024/1280/1440 px with no page overflow; not yet BUILT in design/reference",D1 stress trio
/evidence/CLM-003/,Evidence Record,ar,390,verification_dense|verification:SOURCES_LISTED,D1,DESIGNED,,NO,"T4 Instrument converged (00_DESIGN_README DL-D1-006; 01_FOUNDATIONS §3); composed on the canvas (v5) with governed content in both languages and inspected at 320/360/390/430/640/768/1024/1280/1440 px with no page overflow; not yet BUILT in design/reference",D1 stress trio
/evidence/CLM-003/,Evidence Record,ar,640,verification_dense|verification:SOURCES_LISTED,D1,DESIGNED,,NO,"T4 Instrument converged (00_DESIGN_README DL-D1-006; 01_FOUNDATIONS §3); composed on the canvas (v5) with governed content in both languages and inspected at 320/360/390/430/640/768/1024/1280/1440 px with no page overflow; not yet BUILT in design/reference",D1 stress trio
/evidence/CLM-003/,Evidence Record,ar,1440,verification_dense|verification:SOURCES_LISTED,D1,DESIGNED,,NO,"T4 Instrument converged (00_DESIGN_README DL-D1-006; 01_FOUNDATIONS §3); composed on the canvas (v5) with governed content in both languages and inspected at 320/360/390/430/640/768/1024/1280/1440 px with no page overflow; not yet BUILT in design/reference",D1 stress trio
/evidence/CLM-004/,Evidence Record,en,320,verification_sparse|verification:FRAMING_NO_FACT,D2,NOT_STARTED,,NO,,
/evidence/CLM-004/,Evidence Record,en,390,verification_sparse|verification:FRAMING_NO_FACT,D2,NOT_STARTED,,NO,,
/evidence/CLM-004/,Evidence Record,en,640,verification_sparse|verification:FRAMING_NO_FACT,D2,NOT_STARTED,,NO,,
/evidence/CLM-004/,Evidence Record,en,1440,verification_sparse|verification:FRAMING_NO_FACT,D2,NOT_STARTED,,NO,,
/evidence/CLM-004/,Evidence Record,ar,320,verification_sparse|verification:FRAMING_NO_FACT,D2,NOT_STARTED,,NO,,
/evidence/CLM-004/,Evidence Record,ar,390,verification_sparse|verification:FRAMING_NO_FACT,D2,NOT_STARTED,,NO,,
/evidence/CLM-004/,Evidence Record,ar,640,verification_sparse|verification:FRAMING_NO_FACT,D2,NOT_STARTED,,NO,,
/evidence/CLM-004/,Evidence Record,ar,1440,verification_sparse|verification:FRAMING_NO_FACT,D2,NOT_STARTED,,NO,,
/evidence/CLM-005/,Evidence Record,en,320,verification:SOURCES_LISTED,D4,NOT_STARTED,,NO,,
/evidence/CLM-005/,Evidence Record,en,390,verification:SOURCES_LISTED,D4,NOT_STARTED,,NO,,
/evidence/CLM-005/,Evidence Record,en,640,verification:SOURCES_LISTED,D4,NOT_STARTED,,NO,,
/evidence/CLM-005/,Evidence Record,en,1440,verification:SOURCES_LISTED,D4,NOT_STARTED,,NO,,
/evidence/CLM-005/,Evidence Record,ar,320,verification:SOURCES_LISTED,D4,NOT_STARTED,,NO,,
/evidence/CLM-005/,Evidence Record,ar,390,verification:SOURCES_LISTED,D4,NOT_STARTED,,NO,,
/evidence/CLM-005/,Evidence Record,ar,640,verification:SOURCES_LISTED,D4,NOT_STARTED,,NO,,
/evidence/CLM-005/,Evidence Record,ar,1440,verification:SOURCES_LISTED,D4,NOT_STARTED,,NO,,
/evidence/CLM-006/,Evidence Record,en,320,verification:SOURCES_LISTED,D4,NOT_STARTED,,NO,,
/evidence/CLM-006/,Evidence Record,en,390,verification:SOURCES_LISTED,D4,NOT_STARTED,,NO,,
/evidence/CLM-006/,Evidence Record,en,640,verification:SOURCES_LISTED,D4,NOT_STARTED,,NO,,
/evidence/CLM-006/,Evidence Record,en,1440,verification:SOURCES_LISTED,D4,NOT_STARTED,,NO,,
/evidence/CLM-006/,Evidence Record,ar,320,verification:SOURCES_LISTED,D4,NOT_STARTED,,NO,,
/evidence/CLM-006/,Evidence Record,ar,390,verification:SOURCES_LISTED,D4,NOT_STARTED,,NO,,
/evidence/CLM-006/,Evidence Record,ar,640,verification:SOURCES_LISTED,D4,NOT_STARTED,,NO,,
/evidence/CLM-006/,Evidence Record,ar,1440,verification:SOURCES_LISTED,D4,NOT_STARTED,,NO,,
/evidence/CLM-007/,Evidence Record,en,320,verification:SOURCES_LISTED,D4,NOT_STARTED,,NO,,
/evidence/CLM-007/,Evidence Record,en,390,verification:SOURCES_LISTED,D4,NOT_STARTED,,NO,,
/evidence/CLM-007/,Evidence Record,en,640,verification:SOURCES_LISTED,D4,NOT_STARTED,,NO,,
/evidence/CLM-007/,Evidence Record,en,1440,verification:SOURCES_LISTED,D4,NOT_STARTED,,NO,,
/evidence/CLM-007/,Evidence Record,ar,320,verification:SOURCES_LISTED,D4,NOT_STARTED,,NO,,
/evidence/CLM-007/,Evidence Record,ar,390,verification:SOURCES_LISTED,D4,NOT_STARTED,,NO,,
/evidence/CLM-007/,Evidence Record,ar,640,verification:SOURCES_LISTED,D4,NOT_STARTED,,NO,,
/evidence/CLM-007/,Evidence Record,ar,1440,verification:SOURCES_LISTED,D4,NOT_STARTED,,NO,,
/evidence/CLM-008/,Evidence Record,en,320,verification:SOURCES_LISTED,D4,NOT_STARTED,,NO,,
/evidence/CLM-008/,Evidence Record,en,390,verification:SOURCES_LISTED,D4,NOT_STARTED,,NO,,
/evidence/CLM-008/,Evidence Record,en,640,verification:SOURCES_LISTED,D4,NOT_STARTED,,NO,,
/evidence/CLM-008/,Evidence Record,en,1440,verification:SOURCES_LISTED,D4,NOT_STARTED,,NO,,
/evidence/CLM-008/,Evidence Record,ar,320,verification:SOURCES_LISTED,D4,NOT_STARTED,,NO,,
/evidence/CLM-008/,Evidence Record,ar,390,verification:SOURCES_LISTED,D4,NOT_STARTED,,NO,,
/evidence/CLM-008/,Evidence Record,ar,640,verification:SOURCES_LISTED,D4,NOT_STARTED,,NO,,
/evidence/CLM-008/,Evidence Record,ar,1440,verification:SOURCES_LISTED,D4,NOT_STARTED,,NO,,
/evidence/CLM-009/,Evidence Record,en,320,verification:SOURCES_LISTED,D4,NOT_STARTED,,NO,,
/evidence/CLM-009/,Evidence Record,en,390,verification:SOURCES_LISTED,D4,NOT_STARTED,,NO,,
/evidence/CLM-009/,Evidence Record,en,640,verification:SOURCES_LISTED,D4,NOT_STARTED,,NO,,
/evidence/CLM-009/,Evidence Record,en,1440,verification:SOURCES_LISTED,D4,NOT_STARTED,,NO,,
/evidence/CLM-009/,Evidence Record,ar,320,verification:SOURCES_LISTED,D4,NOT_STARTED,,NO,,
/evidence/CLM-009/,Evidence Record,ar,390,verification:SOURCES_LISTED,D4,NOT_STARTED,,NO,,
/evidence/CLM-009/,Evidence Record,ar,640,verification:SOURCES_LISTED,D4,NOT_STARTED,,NO,,
/evidence/CLM-009/,Evidence Record,ar,1440,verification:SOURCES_LISTED,D4,NOT_STARTED,,NO,,
/evidence/CLM-010/,Evidence Record,en,320,verification:SOURCES_LISTED,D4,NOT_STARTED,,NO,,
/evidence/CLM-010/,Evidence Record,en,390,verification:SOURCES_LISTED,D4,NOT_STARTED,,NO,,
/evidence/CLM-010/,Evidence Record,en,640,verification:SOURCES_LISTED,D4,NOT_STARTED,,NO,,
/evidence/CLM-010/,Evidence Record,en,1440,verification:SOURCES_LISTED,D4,NOT_STARTED,,NO,,
/evidence/CLM-010/,Evidence Record,ar,320,verification:SOURCES_LISTED,D4,NOT_STARTED,,NO,,
/evidence/CLM-010/,Evidence Record,ar,390,verification:SOURCES_LISTED,D4,NOT_STARTED,,NO,,
/evidence/CLM-010/,Evidence Record,ar,640,verification:SOURCES_LISTED,D4,NOT_STARTED,,NO,,
/evidence/CLM-010/,Evidence Record,ar,1440,verification:SOURCES_LISTED,D4,NOT_STARTED,,NO,,
/evidence/CLM-011/,Evidence Record,en,320,verification:SOURCES_LISTED,D4,NOT_STARTED,,NO,,
/evidence/CLM-011/,Evidence Record,en,390,verification:SOURCES_LISTED,D4,NOT_STARTED,,NO,,
/evidence/CLM-011/,Evidence Record,en,640,verification:SOURCES_LISTED,D4,NOT_STARTED,,NO,,
/evidence/CLM-011/,Evidence Record,en,1440,verification:SOURCES_LISTED,D4,NOT_STARTED,,NO,,
/evidence/CLM-011/,Evidence Record,ar,320,verification:SOURCES_LISTED,D4,NOT_STARTED,,NO,,
/evidence/CLM-011/,Evidence Record,ar,390,verification:SOURCES_LISTED,D4,NOT_STARTED,,NO,,
/evidence/CLM-011/,Evidence Record,ar,640,verification:SOURCES_LISTED,D4,NOT_STARTED,,NO,,
/evidence/CLM-011/,Evidence Record,ar,1440,verification:SOURCES_LISTED,D4,NOT_STARTED,,NO,,
/evidence/CLM-012/,Evidence Record,en,320,verification:SOURCES_LISTED,D4,NOT_STARTED,,NO,,
/evidence/CLM-012/,Evidence Record,en,390,verification:SOURCES_LISTED,D4,NOT_STARTED,,NO,,
/evidence/CLM-012/,Evidence Record,en,640,verification:SOURCES_LISTED,D4,NOT_STARTED,,NO,,
/evidence/CLM-012/,Evidence Record,en,1440,verification:SOURCES_LISTED,D4,NOT_STARTED,,NO,,
/evidence/CLM-012/,Evidence Record,ar,320,verification:SOURCES_LISTED,D4,NOT_STARTED,,NO,,
/evidence/CLM-012/,Evidence Record,ar,390,verification:SOURCES_LISTED,D4,NOT_STARTED,,NO,,
/evidence/CLM-012/,Evidence Record,ar,640,verification:SOURCES_LISTED,D4,NOT_STARTED,,NO,,
/evidence/CLM-012/,Evidence Record,ar,1440,verification:SOURCES_LISTED,D4,NOT_STARTED,,NO,,
/evidence/CLM-013/,Evidence Record,en,320,verification:SOURCES_LISTED,D4,NOT_STARTED,,NO,,
/evidence/CLM-013/,Evidence Record,en,390,verification:SOURCES_LISTED,D4,NOT_STARTED,,NO,,
/evidence/CLM-013/,Evidence Record,en,640,verification:SOURCES_LISTED,D4,NOT_STARTED,,NO,,
/evidence/CLM-013/,Evidence Record,en,1440,verification:SOURCES_LISTED,D4,NOT_STARTED,,NO,,
/evidence/CLM-013/,Evidence Record,ar,320,verification:SOURCES_LISTED,D4,NOT_STARTED,,NO,,
/evidence/CLM-013/,Evidence Record,ar,390,verification:SOURCES_LISTED,D4,NOT_STARTED,,NO,,
/evidence/CLM-013/,Evidence Record,ar,640,verification:SOURCES_LISTED,D4,NOT_STARTED,,NO,,
/evidence/CLM-013/,Evidence Record,ar,1440,verification:SOURCES_LISTED,D4,NOT_STARTED,,NO,,
/evidence/CLM-014/,Evidence Record,en,320,verification:COMPOSITE_MEMBERS_NOT_LISTED,D2,NOT_STARTED,,NO,,
/evidence/CLM-014/,Evidence Record,en,390,verification:COMPOSITE_MEMBERS_NOT_LISTED,D2,NOT_STARTED,,NO,,
/evidence/CLM-014/,Evidence Record,en,640,verification:COMPOSITE_MEMBERS_NOT_LISTED,D2,NOT_STARTED,,NO,,
/evidence/CLM-014/,Evidence Record,en,1440,verification:COMPOSITE_MEMBERS_NOT_LISTED,D2,NOT_STARTED,,NO,,
/evidence/CLM-014/,Evidence Record,ar,320,verification:COMPOSITE_MEMBERS_NOT_LISTED,D2,NOT_STARTED,,NO,,
/evidence/CLM-014/,Evidence Record,ar,390,verification:COMPOSITE_MEMBERS_NOT_LISTED,D2,NOT_STARTED,,NO,,
/evidence/CLM-014/,Evidence Record,ar,640,verification:COMPOSITE_MEMBERS_NOT_LISTED,D2,NOT_STARTED,,NO,,
/evidence/CLM-014/,Evidence Record,ar,1440,verification:COMPOSITE_MEMBERS_NOT_LISTED,D2,NOT_STARTED,,NO,,
/evidence/CLM-015/,Evidence Record,en,320,verification:SOURCES_LISTED,D2,NOT_STARTED,,NO,,
/evidence/CLM-015/,Evidence Record,en,390,verification:SOURCES_LISTED,D2,NOT_STARTED,,NO,,
/evidence/CLM-015/,Evidence Record,en,640,verification:SOURCES_LISTED,D2,NOT_STARTED,,NO,,
/evidence/CLM-015/,Evidence Record,en,1440,verification:SOURCES_LISTED,D2,NOT_STARTED,,NO,,
/evidence/CLM-015/,Evidence Record,ar,320,verification:SOURCES_LISTED,D2,NOT_STARTED,,NO,,
/evidence/CLM-015/,Evidence Record,ar,390,verification:SOURCES_LISTED,D2,NOT_STARTED,,NO,,
/evidence/CLM-015/,Evidence Record,ar,640,verification:SOURCES_LISTED,D2,NOT_STARTED,,NO,,
/evidence/CLM-015/,Evidence Record,ar,1440,verification:SOURCES_LISTED,D2,NOT_STARTED,,NO,,
/evidence/CLM-016/,Evidence Record,en,320,verification:SOURCES_LISTED,D4,NOT_STARTED,,NO,,
/evidence/CLM-016/,Evidence Record,en,390,verification:SOURCES_LISTED,D4,NOT_STARTED,,NO,,
/evidence/CLM-016/,Evidence Record,en,640,verification:SOURCES_LISTED,D4,NOT_STARTED,,NO,,
/evidence/CLM-016/,Evidence Record,en,1440,verification:SOURCES_LISTED,D4,NOT_STARTED,,NO,,
/evidence/CLM-016/,Evidence Record,ar,320,verification:SOURCES_LISTED,D4,NOT_STARTED,,NO,,
/evidence/CLM-016/,Evidence Record,ar,390,verification:SOURCES_LISTED,D4,NOT_STARTED,,NO,,
/evidence/CLM-016/,Evidence Record,ar,640,verification:SOURCES_LISTED,D4,NOT_STARTED,,NO,,
/evidence/CLM-016/,Evidence Record,ar,1440,verification:SOURCES_LISTED,D4,NOT_STARTED,,NO,,
/evidence/CLM-017/,Evidence Record,en,320,verification:SOURCES_LISTED,D4,NOT_STARTED,,NO,,
/evidence/CLM-017/,Evidence Record,en,390,verification:SOURCES_LISTED,D4,NOT_STARTED,,NO,,
/evidence/CLM-017/,Evidence Record,en,640,verification:SOURCES_LISTED,D4,NOT_STARTED,,NO,,
/evidence/CLM-017/,Evidence Record,en,1440,verification:SOURCES_LISTED,D4,NOT_STARTED,,NO,,
/evidence/CLM-017/,Evidence Record,ar,320,verification:SOURCES_LISTED,D4,NOT_STARTED,,NO,,
/evidence/CLM-017/,Evidence Record,ar,390,verification:SOURCES_LISTED,D4,NOT_STARTED,,NO,,
/evidence/CLM-017/,Evidence Record,ar,640,verification:SOURCES_LISTED,D4,NOT_STARTED,,NO,,
/evidence/CLM-017/,Evidence Record,ar,1440,verification:SOURCES_LISTED,D4,NOT_STARTED,,NO,,
/evidence/CLM-018/,Evidence Record,en,320,verification:SOURCES_LISTED,D4,NOT_STARTED,,NO,,
/evidence/CLM-018/,Evidence Record,en,390,verification:SOURCES_LISTED,D4,NOT_STARTED,,NO,,
/evidence/CLM-018/,Evidence Record,en,640,verification:SOURCES_LISTED,D4,NOT_STARTED,,NO,,
/evidence/CLM-018/,Evidence Record,en,1440,verification:SOURCES_LISTED,D4,NOT_STARTED,,NO,,
/evidence/CLM-018/,Evidence Record,ar,320,verification:SOURCES_LISTED,D4,NOT_STARTED,,NO,,
/evidence/CLM-018/,Evidence Record,ar,390,verification:SOURCES_LISTED,D4,NOT_STARTED,,NO,,
/evidence/CLM-018/,Evidence Record,ar,640,verification:SOURCES_LISTED,D4,NOT_STARTED,,NO,,
/evidence/CLM-018/,Evidence Record,ar,1440,verification:SOURCES_LISTED,D4,NOT_STARTED,,NO,,
/evidence/CLM-019/,Evidence Record,en,320,verification:SOURCES_LISTED,D4,NOT_STARTED,,NO,,
/evidence/CLM-019/,Evidence Record,en,390,verification:SOURCES_LISTED,D4,NOT_STARTED,,NO,,
/evidence/CLM-019/,Evidence Record,en,640,verification:SOURCES_LISTED,D4,NOT_STARTED,,NO,,
/evidence/CLM-019/,Evidence Record,en,1440,verification:SOURCES_LISTED,D4,NOT_STARTED,,NO,,
/evidence/CLM-019/,Evidence Record,ar,320,verification:SOURCES_LISTED,D4,NOT_STARTED,,NO,,
/evidence/CLM-019/,Evidence Record,ar,390,verification:SOURCES_LISTED,D4,NOT_STARTED,,NO,,
/evidence/CLM-019/,Evidence Record,ar,640,verification:SOURCES_LISTED,D4,NOT_STARTED,,NO,,
/evidence/CLM-019/,Evidence Record,ar,1440,verification:SOURCES_LISTED,D4,NOT_STARTED,,NO,,
/evidence/CLM-020/,Evidence Record,en,320,verification:SOURCES_LISTED,D4,NOT_STARTED,,NO,,
/evidence/CLM-020/,Evidence Record,en,390,verification:SOURCES_LISTED,D4,NOT_STARTED,,NO,,
/evidence/CLM-020/,Evidence Record,en,640,verification:SOURCES_LISTED,D4,NOT_STARTED,,NO,,
/evidence/CLM-020/,Evidence Record,en,1440,verification:SOURCES_LISTED,D4,NOT_STARTED,,NO,,
/evidence/CLM-020/,Evidence Record,ar,320,verification:SOURCES_LISTED,D4,NOT_STARTED,,NO,,
/evidence/CLM-020/,Evidence Record,ar,390,verification:SOURCES_LISTED,D4,NOT_STARTED,,NO,,
/evidence/CLM-020/,Evidence Record,ar,640,verification:SOURCES_LISTED,D4,NOT_STARTED,,NO,,
/evidence/CLM-020/,Evidence Record,ar,1440,verification:SOURCES_LISTED,D4,NOT_STARTED,,NO,,
/evidence/CLM-021/,Evidence Record,en,320,verification:SOURCES_LISTED,D4,NOT_STARTED,,NO,,
/evidence/CLM-021/,Evidence Record,en,390,verification:SOURCES_LISTED,D4,NOT_STARTED,,NO,,
/evidence/CLM-021/,Evidence Record,en,640,verification:SOURCES_LISTED,D4,NOT_STARTED,,NO,,
/evidence/CLM-021/,Evidence Record,en,1440,verification:SOURCES_LISTED,D4,NOT_STARTED,,NO,,
/evidence/CLM-021/,Evidence Record,ar,320,verification:SOURCES_LISTED,D4,NOT_STARTED,,NO,,
/evidence/CLM-021/,Evidence Record,ar,390,verification:SOURCES_LISTED,D4,NOT_STARTED,,NO,,
/evidence/CLM-021/,Evidence Record,ar,640,verification:SOURCES_LISTED,D4,NOT_STARTED,,NO,,
/evidence/CLM-021/,Evidence Record,ar,1440,verification:SOURCES_LISTED,D4,NOT_STARTED,,NO,,
/evidence/CLM-022/,Evidence Record,en,320,verification:SOURCES_LISTED,D4,NOT_STARTED,,NO,,
/evidence/CLM-022/,Evidence Record,en,390,verification:SOURCES_LISTED,D4,NOT_STARTED,,NO,,
/evidence/CLM-022/,Evidence Record,en,640,verification:SOURCES_LISTED,D4,NOT_STARTED,,NO,,
/evidence/CLM-022/,Evidence Record,en,1440,verification:SOURCES_LISTED,D4,NOT_STARTED,,NO,,
/evidence/CLM-022/,Evidence Record,ar,320,verification:SOURCES_LISTED,D4,NOT_STARTED,,NO,,
/evidence/CLM-022/,Evidence Record,ar,390,verification:SOURCES_LISTED,D4,NOT_STARTED,,NO,,
/evidence/CLM-022/,Evidence Record,ar,640,verification:SOURCES_LISTED,D4,NOT_STARTED,,NO,,
/evidence/CLM-022/,Evidence Record,ar,1440,verification:SOURCES_LISTED,D4,NOT_STARTED,,NO,,
/evidence/CLM-023/,Evidence Record,en,320,verification:SOURCES_LISTED,D4,NOT_STARTED,,NO,,
/evidence/CLM-023/,Evidence Record,en,390,verification:SOURCES_LISTED,D4,NOT_STARTED,,NO,,
/evidence/CLM-023/,Evidence Record,en,640,verification:SOURCES_LISTED,D4,NOT_STARTED,,NO,,
/evidence/CLM-023/,Evidence Record,en,1440,verification:SOURCES_LISTED,D4,NOT_STARTED,,NO,,
/evidence/CLM-023/,Evidence Record,ar,320,verification:SOURCES_LISTED,D4,NOT_STARTED,,NO,,
/evidence/CLM-023/,Evidence Record,ar,390,verification:SOURCES_LISTED,D4,NOT_STARTED,,NO,,
/evidence/CLM-023/,Evidence Record,ar,640,verification:SOURCES_LISTED,D4,NOT_STARTED,,NO,,
/evidence/CLM-023/,Evidence Record,ar,1440,verification:SOURCES_LISTED,D4,NOT_STARTED,,NO,,
/evidence/CLM-024/,Evidence Record,en,320,verification:SOURCES_LISTED,D4,NOT_STARTED,,NO,,
/evidence/CLM-024/,Evidence Record,en,390,verification:SOURCES_LISTED,D4,NOT_STARTED,,NO,,
/evidence/CLM-024/,Evidence Record,en,640,verification:SOURCES_LISTED,D4,NOT_STARTED,,NO,,
/evidence/CLM-024/,Evidence Record,en,1440,verification:SOURCES_LISTED,D4,NOT_STARTED,,NO,,
/evidence/CLM-024/,Evidence Record,ar,320,verification:SOURCES_LISTED,D4,NOT_STARTED,,NO,,
/evidence/CLM-024/,Evidence Record,ar,390,verification:SOURCES_LISTED,D4,NOT_STARTED,,NO,,
/evidence/CLM-024/,Evidence Record,ar,640,verification:SOURCES_LISTED,D4,NOT_STARTED,,NO,,
/evidence/CLM-024/,Evidence Record,ar,1440,verification:SOURCES_LISTED,D4,NOT_STARTED,,NO,,
/evidence/CLM-025/,Evidence Record,en,320,verification:SOURCES_LISTED,D4,NOT_STARTED,,NO,,
/evidence/CLM-025/,Evidence Record,en,390,verification:SOURCES_LISTED,D4,NOT_STARTED,,NO,,
/evidence/CLM-025/,Evidence Record,en,640,verification:SOURCES_LISTED,D4,NOT_STARTED,,NO,,
/evidence/CLM-025/,Evidence Record,en,1440,verification:SOURCES_LISTED,D4,NOT_STARTED,,NO,,
/evidence/CLM-025/,Evidence Record,ar,320,verification:SOURCES_LISTED,D4,NOT_STARTED,,NO,,
/evidence/CLM-025/,Evidence Record,ar,390,verification:SOURCES_LISTED,D4,NOT_STARTED,,NO,,
/evidence/CLM-025/,Evidence Record,ar,640,verification:SOURCES_LISTED,D4,NOT_STARTED,,NO,,
/evidence/CLM-025/,Evidence Record,ar,1440,verification:SOURCES_LISTED,D4,NOT_STARTED,,NO,,
/evidence/CLM-026/,Evidence Record,en,320,verification:SOURCES_LISTED,D4,NOT_STARTED,,NO,,
/evidence/CLM-026/,Evidence Record,en,390,verification:SOURCES_LISTED,D4,NOT_STARTED,,NO,,
/evidence/CLM-026/,Evidence Record,en,640,verification:SOURCES_LISTED,D4,NOT_STARTED,,NO,,
/evidence/CLM-026/,Evidence Record,en,1440,verification:SOURCES_LISTED,D4,NOT_STARTED,,NO,,
/evidence/CLM-026/,Evidence Record,ar,320,verification:SOURCES_LISTED,D4,NOT_STARTED,,NO,,
/evidence/CLM-026/,Evidence Record,ar,390,verification:SOURCES_LISTED,D4,NOT_STARTED,,NO,,
/evidence/CLM-026/,Evidence Record,ar,640,verification:SOURCES_LISTED,D4,NOT_STARTED,,NO,,
/evidence/CLM-026/,Evidence Record,ar,1440,verification:SOURCES_LISTED,D4,NOT_STARTED,,NO,,
/evidence/CLM-027/,Evidence Record,en,320,verification:SOURCES_LISTED,D4,NOT_STARTED,,NO,,
/evidence/CLM-027/,Evidence Record,en,390,verification:SOURCES_LISTED,D4,NOT_STARTED,,NO,,
/evidence/CLM-027/,Evidence Record,en,640,verification:SOURCES_LISTED,D4,NOT_STARTED,,NO,,
/evidence/CLM-027/,Evidence Record,en,1440,verification:SOURCES_LISTED,D4,NOT_STARTED,,NO,,
/evidence/CLM-027/,Evidence Record,ar,320,verification:SOURCES_LISTED,D4,NOT_STARTED,,NO,,
/evidence/CLM-027/,Evidence Record,ar,390,verification:SOURCES_LISTED,D4,NOT_STARTED,,NO,,
/evidence/CLM-027/,Evidence Record,ar,640,verification:SOURCES_LISTED,D4,NOT_STARTED,,NO,,
/evidence/CLM-027/,Evidence Record,ar,1440,verification:SOURCES_LISTED,D4,NOT_STARTED,,NO,,
/evidence/CLM-028/,Evidence Record,en,320,verification:SOURCES_LISTED,D4,NOT_STARTED,,NO,,
/evidence/CLM-028/,Evidence Record,en,390,verification:SOURCES_LISTED,D4,NOT_STARTED,,NO,,
/evidence/CLM-028/,Evidence Record,en,640,verification:SOURCES_LISTED,D4,NOT_STARTED,,NO,,
/evidence/CLM-028/,Evidence Record,en,1440,verification:SOURCES_LISTED,D4,NOT_STARTED,,NO,,
/evidence/CLM-028/,Evidence Record,ar,320,verification:SOURCES_LISTED,D4,NOT_STARTED,,NO,,
/evidence/CLM-028/,Evidence Record,ar,390,verification:SOURCES_LISTED,D4,NOT_STARTED,,NO,,
/evidence/CLM-028/,Evidence Record,ar,640,verification:SOURCES_LISTED,D4,NOT_STARTED,,NO,,
/evidence/CLM-028/,Evidence Record,ar,1440,verification:SOURCES_LISTED,D4,NOT_STARTED,,NO,,
/evidence/CLM-029/,Evidence Record,en,320,verification:SOURCES_LISTED,D4,NOT_STARTED,,NO,,
/evidence/CLM-029/,Evidence Record,en,390,verification:SOURCES_LISTED,D4,NOT_STARTED,,NO,,
/evidence/CLM-029/,Evidence Record,en,640,verification:SOURCES_LISTED,D4,NOT_STARTED,,NO,,
/evidence/CLM-029/,Evidence Record,en,1440,verification:SOURCES_LISTED,D4,NOT_STARTED,,NO,,
/evidence/CLM-029/,Evidence Record,ar,320,verification:SOURCES_LISTED,D4,NOT_STARTED,,NO,,
/evidence/CLM-029/,Evidence Record,ar,390,verification:SOURCES_LISTED,D4,NOT_STARTED,,NO,,
/evidence/CLM-029/,Evidence Record,ar,640,verification:SOURCES_LISTED,D4,NOT_STARTED,,NO,,
/evidence/CLM-029/,Evidence Record,ar,1440,verification:SOURCES_LISTED,D4,NOT_STARTED,,NO,,
/evidence/CLM-030/,Evidence Record,en,320,verification:SOURCES_LISTED,D4,NOT_STARTED,,NO,,
/evidence/CLM-030/,Evidence Record,en,390,verification:SOURCES_LISTED,D4,NOT_STARTED,,NO,,
/evidence/CLM-030/,Evidence Record,en,640,verification:SOURCES_LISTED,D4,NOT_STARTED,,NO,,
/evidence/CLM-030/,Evidence Record,en,1440,verification:SOURCES_LISTED,D4,NOT_STARTED,,NO,,
/evidence/CLM-030/,Evidence Record,ar,320,verification:SOURCES_LISTED,D4,NOT_STARTED,,NO,,
/evidence/CLM-030/,Evidence Record,ar,390,verification:SOURCES_LISTED,D4,NOT_STARTED,,NO,,
/evidence/CLM-030/,Evidence Record,ar,640,verification:SOURCES_LISTED,D4,NOT_STARTED,,NO,,
/evidence/CLM-030/,Evidence Record,ar,1440,verification:SOURCES_LISTED,D4,NOT_STARTED,,NO,,
/evidence/CLM-031/,Evidence Record,en,320,verification:COMPOSITE_OF_OBJECTS,D2,NOT_STARTED,,NO,,
/evidence/CLM-031/,Evidence Record,en,390,verification:COMPOSITE_OF_OBJECTS,D2,NOT_STARTED,,NO,,
/evidence/CLM-031/,Evidence Record,en,640,verification:COMPOSITE_OF_OBJECTS,D2,NOT_STARTED,,NO,,
/evidence/CLM-031/,Evidence Record,en,1440,verification:COMPOSITE_OF_OBJECTS,D2,NOT_STARTED,,NO,,
/evidence/CLM-031/,Evidence Record,ar,320,verification:COMPOSITE_OF_OBJECTS,D2,NOT_STARTED,,NO,,
/evidence/CLM-031/,Evidence Record,ar,390,verification:COMPOSITE_OF_OBJECTS,D2,NOT_STARTED,,NO,,
/evidence/CLM-031/,Evidence Record,ar,640,verification:COMPOSITE_OF_OBJECTS,D2,NOT_STARTED,,NO,,
/evidence/CLM-031/,Evidence Record,ar,1440,verification:COMPOSITE_OF_OBJECTS,D2,NOT_STARTED,,NO,,
/evidence/CLM-032/,Evidence Record,en,320,verification:SOURCES_LISTED,D4,NOT_STARTED,,NO,,
/evidence/CLM-032/,Evidence Record,en,390,verification:SOURCES_LISTED,D4,NOT_STARTED,,NO,,
/evidence/CLM-032/,Evidence Record,en,640,verification:SOURCES_LISTED,D4,NOT_STARTED,,NO,,
/evidence/CLM-032/,Evidence Record,en,1440,verification:SOURCES_LISTED,D4,NOT_STARTED,,NO,,
/evidence/CLM-032/,Evidence Record,ar,320,verification:SOURCES_LISTED,D4,NOT_STARTED,,NO,,
/evidence/CLM-032/,Evidence Record,ar,390,verification:SOURCES_LISTED,D4,NOT_STARTED,,NO,,
/evidence/CLM-032/,Evidence Record,ar,640,verification:SOURCES_LISTED,D4,NOT_STARTED,,NO,,
/evidence/CLM-032/,Evidence Record,ar,1440,verification:SOURCES_LISTED,D4,NOT_STARTED,,NO,,
/evidence/CLM-033/,Evidence Record,en,320,verification:SOURCES_LISTED,D4,NOT_STARTED,,NO,,
/evidence/CLM-033/,Evidence Record,en,390,verification:SOURCES_LISTED,D4,NOT_STARTED,,NO,,
/evidence/CLM-033/,Evidence Record,en,640,verification:SOURCES_LISTED,D4,NOT_STARTED,,NO,,
/evidence/CLM-033/,Evidence Record,en,1440,verification:SOURCES_LISTED,D4,NOT_STARTED,,NO,,
/evidence/CLM-033/,Evidence Record,ar,320,verification:SOURCES_LISTED,D4,NOT_STARTED,,NO,,
/evidence/CLM-033/,Evidence Record,ar,390,verification:SOURCES_LISTED,D4,NOT_STARTED,,NO,,
/evidence/CLM-033/,Evidence Record,ar,640,verification:SOURCES_LISTED,D4,NOT_STARTED,,NO,,
/evidence/CLM-033/,Evidence Record,ar,1440,verification:SOURCES_LISTED,D4,NOT_STARTED,,NO,,
/evidence/CLM-034/,Evidence Record,en,320,verification:SOURCES_LISTED,D4,NOT_STARTED,,NO,,
/evidence/CLM-034/,Evidence Record,en,390,verification:SOURCES_LISTED,D4,NOT_STARTED,,NO,,
/evidence/CLM-034/,Evidence Record,en,640,verification:SOURCES_LISTED,D4,NOT_STARTED,,NO,,
/evidence/CLM-034/,Evidence Record,en,1440,verification:SOURCES_LISTED,D4,NOT_STARTED,,NO,,
/evidence/CLM-034/,Evidence Record,ar,320,verification:SOURCES_LISTED,D4,NOT_STARTED,,NO,,
/evidence/CLM-034/,Evidence Record,ar,390,verification:SOURCES_LISTED,D4,NOT_STARTED,,NO,,
/evidence/CLM-034/,Evidence Record,ar,640,verification:SOURCES_LISTED,D4,NOT_STARTED,,NO,,
/evidence/CLM-034/,Evidence Record,ar,1440,verification:SOURCES_LISTED,D4,NOT_STARTED,,NO,,
/evidence/CLM-035/,Evidence Record,en,320,verification:SOURCES_LISTED,D4,NOT_STARTED,,NO,,
/evidence/CLM-035/,Evidence Record,en,390,verification:SOURCES_LISTED,D4,NOT_STARTED,,NO,,
/evidence/CLM-035/,Evidence Record,en,640,verification:SOURCES_LISTED,D4,NOT_STARTED,,NO,,
/evidence/CLM-035/,Evidence Record,en,1440,verification:SOURCES_LISTED,D4,NOT_STARTED,,NO,,
/evidence/CLM-035/,Evidence Record,ar,320,verification:SOURCES_LISTED,D4,NOT_STARTED,,NO,,
/evidence/CLM-035/,Evidence Record,ar,390,verification:SOURCES_LISTED,D4,NOT_STARTED,,NO,,
/evidence/CLM-035/,Evidence Record,ar,640,verification:SOURCES_LISTED,D4,NOT_STARTED,,NO,,
/evidence/CLM-035/,Evidence Record,ar,1440,verification:SOURCES_LISTED,D4,NOT_STARTED,,NO,,
/evidence/CLM-036/,Evidence Record,en,320,verification:SOURCES_LISTED,D4,NOT_STARTED,,NO,,
/evidence/CLM-036/,Evidence Record,en,390,verification:SOURCES_LISTED,D4,NOT_STARTED,,NO,,
/evidence/CLM-036/,Evidence Record,en,640,verification:SOURCES_LISTED,D4,NOT_STARTED,,NO,,
/evidence/CLM-036/,Evidence Record,en,1440,verification:SOURCES_LISTED,D4,NOT_STARTED,,NO,,
/evidence/CLM-036/,Evidence Record,ar,320,verification:SOURCES_LISTED,D4,NOT_STARTED,,NO,,
/evidence/CLM-036/,Evidence Record,ar,390,verification:SOURCES_LISTED,D4,NOT_STARTED,,NO,,
/evidence/CLM-036/,Evidence Record,ar,640,verification:SOURCES_LISTED,D4,NOT_STARTED,,NO,,
/evidence/CLM-036/,Evidence Record,ar,1440,verification:SOURCES_LISTED,D4,NOT_STARTED,,NO,,
/evidence/CLM-037/,Evidence Record,en,320,verification:SOURCES_LISTED,D2,NOT_STARTED,,NO,,
/evidence/CLM-037/,Evidence Record,en,390,verification:SOURCES_LISTED,D2,NOT_STARTED,,NO,,
/evidence/CLM-037/,Evidence Record,en,640,verification:SOURCES_LISTED,D2,NOT_STARTED,,NO,,
/evidence/CLM-037/,Evidence Record,en,1440,verification:SOURCES_LISTED,D2,NOT_STARTED,,NO,,
/evidence/CLM-037/,Evidence Record,ar,320,verification:SOURCES_LISTED,D2,NOT_STARTED,,NO,,
/evidence/CLM-037/,Evidence Record,ar,390,verification:SOURCES_LISTED,D2,NOT_STARTED,,NO,,
/evidence/CLM-037/,Evidence Record,ar,640,verification:SOURCES_LISTED,D2,NOT_STARTED,,NO,,
/evidence/CLM-037/,Evidence Record,ar,1440,verification:SOURCES_LISTED,D2,NOT_STARTED,,NO,,
/evidence/CLM-038/,Evidence Record,en,320,verification:SOURCES_LISTED,D4,NOT_STARTED,,NO,,
/evidence/CLM-038/,Evidence Record,en,390,verification:SOURCES_LISTED,D4,NOT_STARTED,,NO,,
/evidence/CLM-038/,Evidence Record,en,640,verification:SOURCES_LISTED,D4,NOT_STARTED,,NO,,
/evidence/CLM-038/,Evidence Record,en,1440,verification:SOURCES_LISTED,D4,NOT_STARTED,,NO,,
/evidence/CLM-038/,Evidence Record,ar,320,verification:SOURCES_LISTED,D4,NOT_STARTED,,NO,,
/evidence/CLM-038/,Evidence Record,ar,390,verification:SOURCES_LISTED,D4,NOT_STARTED,,NO,,
/evidence/CLM-038/,Evidence Record,ar,640,verification:SOURCES_LISTED,D4,NOT_STARTED,,NO,,
/evidence/CLM-038/,Evidence Record,ar,1440,verification:SOURCES_LISTED,D4,NOT_STARTED,,NO,,
/evidence/CLM-039/,Evidence Record,en,320,verification:PARTIALLY_RESOLVED,D2,NOT_STARTED,,NO,,
/evidence/CLM-039/,Evidence Record,en,390,verification:PARTIALLY_RESOLVED,D2,NOT_STARTED,,NO,,
/evidence/CLM-039/,Evidence Record,en,640,verification:PARTIALLY_RESOLVED,D2,NOT_STARTED,,NO,,
/evidence/CLM-039/,Evidence Record,en,1440,verification:PARTIALLY_RESOLVED,D2,NOT_STARTED,,NO,,
/evidence/CLM-039/,Evidence Record,ar,320,verification:PARTIALLY_RESOLVED,D2,NOT_STARTED,,NO,,
/evidence/CLM-039/,Evidence Record,ar,390,verification:PARTIALLY_RESOLVED,D2,NOT_STARTED,,NO,,
/evidence/CLM-039/,Evidence Record,ar,640,verification:PARTIALLY_RESOLVED,D2,NOT_STARTED,,NO,,
/evidence/CLM-039/,Evidence Record,ar,1440,verification:PARTIALLY_RESOLVED,D2,NOT_STARTED,,NO,,
/evidence/CLM-040/,Evidence Record,en,320,verification:SOURCES_LISTED,D4,NOT_STARTED,,NO,,
/evidence/CLM-040/,Evidence Record,en,390,verification:SOURCES_LISTED,D4,NOT_STARTED,,NO,,
/evidence/CLM-040/,Evidence Record,en,640,verification:SOURCES_LISTED,D4,NOT_STARTED,,NO,,
/evidence/CLM-040/,Evidence Record,en,1440,verification:SOURCES_LISTED,D4,NOT_STARTED,,NO,,
/evidence/CLM-040/,Evidence Record,ar,320,verification:SOURCES_LISTED,D4,NOT_STARTED,,NO,,
/evidence/CLM-040/,Evidence Record,ar,390,verification:SOURCES_LISTED,D4,NOT_STARTED,,NO,,
/evidence/CLM-040/,Evidence Record,ar,640,verification:SOURCES_LISTED,D4,NOT_STARTED,,NO,,
/evidence/CLM-040/,Evidence Record,ar,1440,verification:SOURCES_LISTED,D4,NOT_STARTED,,NO,,
/evidence/CLM-041/,Evidence Record,en,320,verification:SOURCES_LISTED,D4,NOT_STARTED,,NO,,
/evidence/CLM-041/,Evidence Record,en,390,verification:SOURCES_LISTED,D4,NOT_STARTED,,NO,,
/evidence/CLM-041/,Evidence Record,en,640,verification:SOURCES_LISTED,D4,NOT_STARTED,,NO,,
/evidence/CLM-041/,Evidence Record,en,1440,verification:SOURCES_LISTED,D4,NOT_STARTED,,NO,,
/evidence/CLM-041/,Evidence Record,ar,320,verification:SOURCES_LISTED,D4,NOT_STARTED,,NO,,
/evidence/CLM-041/,Evidence Record,ar,390,verification:SOURCES_LISTED,D4,NOT_STARTED,,NO,,
/evidence/CLM-041/,Evidence Record,ar,640,verification:SOURCES_LISTED,D4,NOT_STARTED,,NO,,
/evidence/CLM-041/,Evidence Record,ar,1440,verification:SOURCES_LISTED,D4,NOT_STARTED,,NO,,
/evidence/CLM-042/,Evidence Record,en,320,verification:SOURCES_LISTED,D4,NOT_STARTED,,NO,,
/evidence/CLM-042/,Evidence Record,en,390,verification:SOURCES_LISTED,D4,NOT_STARTED,,NO,,
/evidence/CLM-042/,Evidence Record,en,640,verification:SOURCES_LISTED,D4,NOT_STARTED,,NO,,
/evidence/CLM-042/,Evidence Record,en,1440,verification:SOURCES_LISTED,D4,NOT_STARTED,,NO,,
/evidence/CLM-042/,Evidence Record,ar,320,verification:SOURCES_LISTED,D4,NOT_STARTED,,NO,,
/evidence/CLM-042/,Evidence Record,ar,390,verification:SOURCES_LISTED,D4,NOT_STARTED,,NO,,
/evidence/CLM-042/,Evidence Record,ar,640,verification:SOURCES_LISTED,D4,NOT_STARTED,,NO,,
/evidence/CLM-042/,Evidence Record,ar,1440,verification:SOURCES_LISTED,D4,NOT_STARTED,,NO,,
/evidence/CLM-043/,Evidence Record,en,320,verification:SOURCES_LISTED,D4,NOT_STARTED,,NO,,
/evidence/CLM-043/,Evidence Record,en,390,verification:SOURCES_LISTED,D4,NOT_STARTED,,NO,,
/evidence/CLM-043/,Evidence Record,en,640,verification:SOURCES_LISTED,D4,NOT_STARTED,,NO,,
/evidence/CLM-043/,Evidence Record,en,1440,verification:SOURCES_LISTED,D4,NOT_STARTED,,NO,,
/evidence/CLM-043/,Evidence Record,ar,320,verification:SOURCES_LISTED,D4,NOT_STARTED,,NO,,
/evidence/CLM-043/,Evidence Record,ar,390,verification:SOURCES_LISTED,D4,NOT_STARTED,,NO,,
/evidence/CLM-043/,Evidence Record,ar,640,verification:SOURCES_LISTED,D4,NOT_STARTED,,NO,,
/evidence/CLM-043/,Evidence Record,ar,1440,verification:SOURCES_LISTED,D4,NOT_STARTED,,NO,,
/evidence/CLM-044/,Evidence Record,en,320,verification:ORIGINAL_NOT_PUBLIC,D2,NOT_STARTED,,NO,,
/evidence/CLM-044/,Evidence Record,en,390,verification:ORIGINAL_NOT_PUBLIC,D2,NOT_STARTED,,NO,,
/evidence/CLM-044/,Evidence Record,en,640,verification:ORIGINAL_NOT_PUBLIC,D2,NOT_STARTED,,NO,,
/evidence/CLM-044/,Evidence Record,en,1440,verification:ORIGINAL_NOT_PUBLIC,D2,NOT_STARTED,,NO,,
/evidence/CLM-044/,Evidence Record,ar,320,verification:ORIGINAL_NOT_PUBLIC,D2,NOT_STARTED,,NO,,
/evidence/CLM-044/,Evidence Record,ar,390,verification:ORIGINAL_NOT_PUBLIC,D2,NOT_STARTED,,NO,,
/evidence/CLM-044/,Evidence Record,ar,640,verification:ORIGINAL_NOT_PUBLIC,D2,NOT_STARTED,,NO,,
/evidence/CLM-044/,Evidence Record,ar,1440,verification:ORIGINAL_NOT_PUBLIC,D2,NOT_STARTED,,NO,,
/evidence/CLM-045/,Evidence Record,en,320,verification:SOURCES_LISTED_SOME_WITHOUT_PUBLIC_LOCATOR,D4,NOT_STARTED,,NO,,
/evidence/CLM-045/,Evidence Record,en,390,verification:SOURCES_LISTED_SOME_WITHOUT_PUBLIC_LOCATOR,D4,NOT_STARTED,,NO,,
/evidence/CLM-045/,Evidence Record,en,640,verification:SOURCES_LISTED_SOME_WITHOUT_PUBLIC_LOCATOR,D4,NOT_STARTED,,NO,,
/evidence/CLM-045/,Evidence Record,en,1440,verification:SOURCES_LISTED_SOME_WITHOUT_PUBLIC_LOCATOR,D4,NOT_STARTED,,NO,,
/evidence/CLM-045/,Evidence Record,ar,320,verification:SOURCES_LISTED_SOME_WITHOUT_PUBLIC_LOCATOR,D4,NOT_STARTED,,NO,,
/evidence/CLM-045/,Evidence Record,ar,390,verification:SOURCES_LISTED_SOME_WITHOUT_PUBLIC_LOCATOR,D4,NOT_STARTED,,NO,,
/evidence/CLM-045/,Evidence Record,ar,640,verification:SOURCES_LISTED_SOME_WITHOUT_PUBLIC_LOCATOR,D4,NOT_STARTED,,NO,,
/evidence/CLM-045/,Evidence Record,ar,1440,verification:SOURCES_LISTED_SOME_WITHOUT_PUBLIC_LOCATOR,D4,NOT_STARTED,,NO,,
/evidence/CLM-046/,Evidence Record,en,320,verification:PARTIALLY_RESOLVED,D4,NOT_STARTED,,NO,,
/evidence/CLM-046/,Evidence Record,en,390,verification:PARTIALLY_RESOLVED,D4,NOT_STARTED,,NO,,
/evidence/CLM-046/,Evidence Record,en,640,verification:PARTIALLY_RESOLVED,D4,NOT_STARTED,,NO,,
/evidence/CLM-046/,Evidence Record,en,1440,verification:PARTIALLY_RESOLVED,D4,NOT_STARTED,,NO,,
/evidence/CLM-046/,Evidence Record,ar,320,verification:PARTIALLY_RESOLVED,D4,NOT_STARTED,,NO,,
/evidence/CLM-046/,Evidence Record,ar,390,verification:PARTIALLY_RESOLVED,D4,NOT_STARTED,,NO,,
/evidence/CLM-046/,Evidence Record,ar,640,verification:PARTIALLY_RESOLVED,D4,NOT_STARTED,,NO,,
/evidence/CLM-046/,Evidence Record,ar,1440,verification:PARTIALLY_RESOLVED,D4,NOT_STARTED,,NO,,
/evidence/CLM-047/,Evidence Record,en,320,verification:SOURCES_LISTED,D4,NOT_STARTED,,NO,,
/evidence/CLM-047/,Evidence Record,en,390,verification:SOURCES_LISTED,D4,NOT_STARTED,,NO,,
/evidence/CLM-047/,Evidence Record,en,640,verification:SOURCES_LISTED,D4,NOT_STARTED,,NO,,
/evidence/CLM-047/,Evidence Record,en,1440,verification:SOURCES_LISTED,D4,NOT_STARTED,,NO,,
/evidence/CLM-047/,Evidence Record,ar,320,verification:SOURCES_LISTED,D4,NOT_STARTED,,NO,,
/evidence/CLM-047/,Evidence Record,ar,390,verification:SOURCES_LISTED,D4,NOT_STARTED,,NO,,
/evidence/CLM-047/,Evidence Record,ar,640,verification:SOURCES_LISTED,D4,NOT_STARTED,,NO,,
/evidence/CLM-047/,Evidence Record,ar,1440,verification:SOURCES_LISTED,D4,NOT_STARTED,,NO,,
/evidence/CLM-048/,Evidence Record,en,320,verification:SOURCES_LISTED,D4,NOT_STARTED,,NO,,
/evidence/CLM-048/,Evidence Record,en,390,verification:SOURCES_LISTED,D4,NOT_STARTED,,NO,,
/evidence/CLM-048/,Evidence Record,en,640,verification:SOURCES_LISTED,D4,NOT_STARTED,,NO,,
/evidence/CLM-048/,Evidence Record,en,1440,verification:SOURCES_LISTED,D4,NOT_STARTED,,NO,,
/evidence/CLM-048/,Evidence Record,ar,320,verification:SOURCES_LISTED,D4,NOT_STARTED,,NO,,
/evidence/CLM-048/,Evidence Record,ar,390,verification:SOURCES_LISTED,D4,NOT_STARTED,,NO,,
/evidence/CLM-048/,Evidence Record,ar,640,verification:SOURCES_LISTED,D4,NOT_STARTED,,NO,,
/evidence/CLM-048/,Evidence Record,ar,1440,verification:SOURCES_LISTED,D4,NOT_STARTED,,NO,,
/evidence/CLM-049/,Evidence Record,en,320,verification:SOURCES_LISTED,D4,NOT_STARTED,,NO,,
/evidence/CLM-049/,Evidence Record,en,390,verification:SOURCES_LISTED,D4,NOT_STARTED,,NO,,
/evidence/CLM-049/,Evidence Record,en,640,verification:SOURCES_LISTED,D4,NOT_STARTED,,NO,,
/evidence/CLM-049/,Evidence Record,en,1440,verification:SOURCES_LISTED,D4,NOT_STARTED,,NO,,
/evidence/CLM-049/,Evidence Record,ar,320,verification:SOURCES_LISTED,D4,NOT_STARTED,,NO,,
/evidence/CLM-049/,Evidence Record,ar,390,verification:SOURCES_LISTED,D4,NOT_STARTED,,NO,,
/evidence/CLM-049/,Evidence Record,ar,640,verification:SOURCES_LISTED,D4,NOT_STARTED,,NO,,
/evidence/CLM-049/,Evidence Record,ar,1440,verification:SOURCES_LISTED,D4,NOT_STARTED,,NO,,
/evidence/CLM-050/,Evidence Record,en,320,verification:SOURCES_LISTED,D4,NOT_STARTED,,NO,,
/evidence/CLM-050/,Evidence Record,en,390,verification:SOURCES_LISTED,D4,NOT_STARTED,,NO,,
/evidence/CLM-050/,Evidence Record,en,640,verification:SOURCES_LISTED,D4,NOT_STARTED,,NO,,
/evidence/CLM-050/,Evidence Record,en,1440,verification:SOURCES_LISTED,D4,NOT_STARTED,,NO,,
/evidence/CLM-050/,Evidence Record,ar,320,verification:SOURCES_LISTED,D4,NOT_STARTED,,NO,,
/evidence/CLM-050/,Evidence Record,ar,390,verification:SOURCES_LISTED,D4,NOT_STARTED,,NO,,
/evidence/CLM-050/,Evidence Record,ar,640,verification:SOURCES_LISTED,D4,NOT_STARTED,,NO,,
/evidence/CLM-050/,Evidence Record,ar,1440,verification:SOURCES_LISTED,D4,NOT_STARTED,,NO,,
/evidence/CLM-051/,Evidence Record,en,320,verification:SOURCES_LISTED,D4,NOT_STARTED,,NO,,
/evidence/CLM-051/,Evidence Record,en,390,verification:SOURCES_LISTED,D4,NOT_STARTED,,NO,,
/evidence/CLM-051/,Evidence Record,en,640,verification:SOURCES_LISTED,D4,NOT_STARTED,,NO,,
/evidence/CLM-051/,Evidence Record,en,1440,verification:SOURCES_LISTED,D4,NOT_STARTED,,NO,,
/evidence/CLM-051/,Evidence Record,ar,320,verification:SOURCES_LISTED,D4,NOT_STARTED,,NO,,
/evidence/CLM-051/,Evidence Record,ar,390,verification:SOURCES_LISTED,D4,NOT_STARTED,,NO,,
/evidence/CLM-051/,Evidence Record,ar,640,verification:SOURCES_LISTED,D4,NOT_STARTED,,NO,,
/evidence/CLM-051/,Evidence Record,ar,1440,verification:SOURCES_LISTED,D4,NOT_STARTED,,NO,,
/evidence/CLM-052/,Evidence Record,en,320,verification:SOURCES_LISTED,D4,NOT_STARTED,,NO,,
/evidence/CLM-052/,Evidence Record,en,390,verification:SOURCES_LISTED,D4,NOT_STARTED,,NO,,
/evidence/CLM-052/,Evidence Record,en,640,verification:SOURCES_LISTED,D4,NOT_STARTED,,NO,,
/evidence/CLM-052/,Evidence Record,en,1440,verification:SOURCES_LISTED,D4,NOT_STARTED,,NO,,
/evidence/CLM-052/,Evidence Record,ar,320,verification:SOURCES_LISTED,D4,NOT_STARTED,,NO,,
/evidence/CLM-052/,Evidence Record,ar,390,verification:SOURCES_LISTED,D4,NOT_STARTED,,NO,,
/evidence/CLM-052/,Evidence Record,ar,640,verification:SOURCES_LISTED,D4,NOT_STARTED,,NO,,
/evidence/CLM-052/,Evidence Record,ar,1440,verification:SOURCES_LISTED,D4,NOT_STARTED,,NO,,
/evidence/CLM-053/,Evidence Record,en,320,verification:SOURCES_LISTED,D4,NOT_STARTED,,NO,,
/evidence/CLM-053/,Evidence Record,en,390,verification:SOURCES_LISTED,D4,NOT_STARTED,,NO,,
/evidence/CLM-053/,Evidence Record,en,640,verification:SOURCES_LISTED,D4,NOT_STARTED,,NO,,
/evidence/CLM-053/,Evidence Record,en,1440,verification:SOURCES_LISTED,D4,NOT_STARTED,,NO,,
/evidence/CLM-053/,Evidence Record,ar,320,verification:SOURCES_LISTED,D4,NOT_STARTED,,NO,,
/evidence/CLM-053/,Evidence Record,ar,390,verification:SOURCES_LISTED,D4,NOT_STARTED,,NO,,
/evidence/CLM-053/,Evidence Record,ar,640,verification:SOURCES_LISTED,D4,NOT_STARTED,,NO,,
/evidence/CLM-053/,Evidence Record,ar,1440,verification:SOURCES_LISTED,D4,NOT_STARTED,,NO,,
/evidence/CLM-054/,Evidence Record,en,320,verification:SOURCES_LISTED,D4,NOT_STARTED,,NO,,
/evidence/CLM-054/,Evidence Record,en,390,verification:SOURCES_LISTED,D4,NOT_STARTED,,NO,,
/evidence/CLM-054/,Evidence Record,en,640,verification:SOURCES_LISTED,D4,NOT_STARTED,,NO,,
/evidence/CLM-054/,Evidence Record,en,1440,verification:SOURCES_LISTED,D4,NOT_STARTED,,NO,,
/evidence/CLM-054/,Evidence Record,ar,320,verification:SOURCES_LISTED,D4,NOT_STARTED,,NO,,
/evidence/CLM-054/,Evidence Record,ar,390,verification:SOURCES_LISTED,D4,NOT_STARTED,,NO,,
/evidence/CLM-054/,Evidence Record,ar,640,verification:SOURCES_LISTED,D4,NOT_STARTED,,NO,,
/evidence/CLM-054/,Evidence Record,ar,1440,verification:SOURCES_LISTED,D4,NOT_STARTED,,NO,,
/evidence/CLM-055/,Evidence Record,en,320,verification:SOURCES_LISTED,D4,NOT_STARTED,,NO,,
/evidence/CLM-055/,Evidence Record,en,390,verification:SOURCES_LISTED,D4,NOT_STARTED,,NO,,
/evidence/CLM-055/,Evidence Record,en,640,verification:SOURCES_LISTED,D4,NOT_STARTED,,NO,,
/evidence/CLM-055/,Evidence Record,en,1440,verification:SOURCES_LISTED,D4,NOT_STARTED,,NO,,
/evidence/CLM-055/,Evidence Record,ar,320,verification:SOURCES_LISTED,D4,NOT_STARTED,,NO,,
/evidence/CLM-055/,Evidence Record,ar,390,verification:SOURCES_LISTED,D4,NOT_STARTED,,NO,,
/evidence/CLM-055/,Evidence Record,ar,640,verification:SOURCES_LISTED,D4,NOT_STARTED,,NO,,
/evidence/CLM-055/,Evidence Record,ar,1440,verification:SOURCES_LISTED,D4,NOT_STARTED,,NO,,
/evidence/CLM-056/,Evidence Record,en,320,verification:PARTIALLY_RESOLVED,D4,NOT_STARTED,,NO,,
/evidence/CLM-056/,Evidence Record,en,390,verification:PARTIALLY_RESOLVED,D4,NOT_STARTED,,NO,,
/evidence/CLM-056/,Evidence Record,en,640,verification:PARTIALLY_RESOLVED,D4,NOT_STARTED,,NO,,
/evidence/CLM-056/,Evidence Record,en,1440,verification:PARTIALLY_RESOLVED,D4,NOT_STARTED,,NO,,
/evidence/CLM-056/,Evidence Record,ar,320,verification:PARTIALLY_RESOLVED,D4,NOT_STARTED,,NO,,
/evidence/CLM-056/,Evidence Record,ar,390,verification:PARTIALLY_RESOLVED,D4,NOT_STARTED,,NO,,
/evidence/CLM-056/,Evidence Record,ar,640,verification:PARTIALLY_RESOLVED,D4,NOT_STARTED,,NO,,
/evidence/CLM-056/,Evidence Record,ar,1440,verification:PARTIALLY_RESOLVED,D4,NOT_STARTED,,NO,,
/evidence/CLM-057/,Evidence Record,en,320,verification:SOURCES_LISTED,D4,NOT_STARTED,,NO,,
/evidence/CLM-057/,Evidence Record,en,390,verification:SOURCES_LISTED,D4,NOT_STARTED,,NO,,
/evidence/CLM-057/,Evidence Record,en,640,verification:SOURCES_LISTED,D4,NOT_STARTED,,NO,,
/evidence/CLM-057/,Evidence Record,en,1440,verification:SOURCES_LISTED,D4,NOT_STARTED,,NO,,
/evidence/CLM-057/,Evidence Record,ar,320,verification:SOURCES_LISTED,D4,NOT_STARTED,,NO,,
/evidence/CLM-057/,Evidence Record,ar,390,verification:SOURCES_LISTED,D4,NOT_STARTED,,NO,,
/evidence/CLM-057/,Evidence Record,ar,640,verification:SOURCES_LISTED,D4,NOT_STARTED,,NO,,
/evidence/CLM-057/,Evidence Record,ar,1440,verification:SOURCES_LISTED,D4,NOT_STARTED,,NO,,
/evidence/CLM-058/,Evidence Record,en,320,verification:SOURCES_LISTED,D4,NOT_STARTED,,NO,,
/evidence/CLM-058/,Evidence Record,en,390,verification:SOURCES_LISTED,D4,NOT_STARTED,,NO,,
/evidence/CLM-058/,Evidence Record,en,640,verification:SOURCES_LISTED,D4,NOT_STARTED,,NO,,
/evidence/CLM-058/,Evidence Record,en,1440,verification:SOURCES_LISTED,D4,NOT_STARTED,,NO,,
/evidence/CLM-058/,Evidence Record,ar,320,verification:SOURCES_LISTED,D4,NOT_STARTED,,NO,,
/evidence/CLM-058/,Evidence Record,ar,390,verification:SOURCES_LISTED,D4,NOT_STARTED,,NO,,
/evidence/CLM-058/,Evidence Record,ar,640,verification:SOURCES_LISTED,D4,NOT_STARTED,,NO,,
/evidence/CLM-058/,Evidence Record,ar,1440,verification:SOURCES_LISTED,D4,NOT_STARTED,,NO,,
/evidence/CLM-059/,Evidence Record,en,320,verification:SOURCES_LISTED,D4,NOT_STARTED,,NO,,
/evidence/CLM-059/,Evidence Record,en,390,verification:SOURCES_LISTED,D4,NOT_STARTED,,NO,,
/evidence/CLM-059/,Evidence Record,en,640,verification:SOURCES_LISTED,D4,NOT_STARTED,,NO,,
/evidence/CLM-059/,Evidence Record,en,1440,verification:SOURCES_LISTED,D4,NOT_STARTED,,NO,,
/evidence/CLM-059/,Evidence Record,ar,320,verification:SOURCES_LISTED,D4,NOT_STARTED,,NO,,
/evidence/CLM-059/,Evidence Record,ar,390,verification:SOURCES_LISTED,D4,NOT_STARTED,,NO,,
/evidence/CLM-059/,Evidence Record,ar,640,verification:SOURCES_LISTED,D4,NOT_STARTED,,NO,,
/evidence/CLM-059/,Evidence Record,ar,1440,verification:SOURCES_LISTED,D4,NOT_STARTED,,NO,,
/evidence/CLM-060/,Evidence Record,en,320,verification:SOURCES_LISTED,D4,NOT_STARTED,,NO,,
/evidence/CLM-060/,Evidence Record,en,390,verification:SOURCES_LISTED,D4,NOT_STARTED,,NO,,
/evidence/CLM-060/,Evidence Record,en,640,verification:SOURCES_LISTED,D4,NOT_STARTED,,NO,,
/evidence/CLM-060/,Evidence Record,en,1440,verification:SOURCES_LISTED,D4,NOT_STARTED,,NO,,
/evidence/CLM-060/,Evidence Record,ar,320,verification:SOURCES_LISTED,D4,NOT_STARTED,,NO,,
/evidence/CLM-060/,Evidence Record,ar,390,verification:SOURCES_LISTED,D4,NOT_STARTED,,NO,,
/evidence/CLM-060/,Evidence Record,ar,640,verification:SOURCES_LISTED,D4,NOT_STARTED,,NO,,
/evidence/CLM-060/,Evidence Record,ar,1440,verification:SOURCES_LISTED,D4,NOT_STARTED,,NO,,
/evidence/CLM-062/,Evidence Record,en,320,verification:SOURCES_LISTED,D4,NOT_STARTED,,NO,,
/evidence/CLM-062/,Evidence Record,en,390,verification:SOURCES_LISTED,D4,NOT_STARTED,,NO,,
/evidence/CLM-062/,Evidence Record,en,640,verification:SOURCES_LISTED,D4,NOT_STARTED,,NO,,
/evidence/CLM-062/,Evidence Record,en,1440,verification:SOURCES_LISTED,D4,NOT_STARTED,,NO,,
/evidence/CLM-062/,Evidence Record,ar,320,verification:SOURCES_LISTED,D4,NOT_STARTED,,NO,,
/evidence/CLM-062/,Evidence Record,ar,390,verification:SOURCES_LISTED,D4,NOT_STARTED,,NO,,
/evidence/CLM-062/,Evidence Record,ar,640,verification:SOURCES_LISTED,D4,NOT_STARTED,,NO,,
/evidence/CLM-062/,Evidence Record,ar,1440,verification:SOURCES_LISTED,D4,NOT_STARTED,,NO,,
/evidence/DS-DEMAND-VINTAGE-LENS/,Evidence Record,en,320,verification:COMPOSITE_MEMBERS_NOT_LISTED,D4,NOT_STARTED,,NO,,
/evidence/DS-DEMAND-VINTAGE-LENS/,Evidence Record,en,390,verification:COMPOSITE_MEMBERS_NOT_LISTED,D4,NOT_STARTED,,NO,,
/evidence/DS-DEMAND-VINTAGE-LENS/,Evidence Record,en,640,verification:COMPOSITE_MEMBERS_NOT_LISTED,D4,NOT_STARTED,,NO,,
/evidence/DS-DEMAND-VINTAGE-LENS/,Evidence Record,en,1440,verification:COMPOSITE_MEMBERS_NOT_LISTED,D4,NOT_STARTED,,NO,,
/evidence/DS-DEMAND-VINTAGE-LENS/,Evidence Record,ar,320,verification:COMPOSITE_MEMBERS_NOT_LISTED,D4,NOT_STARTED,,NO,,
/evidence/DS-DEMAND-VINTAGE-LENS/,Evidence Record,ar,390,verification:COMPOSITE_MEMBERS_NOT_LISTED,D4,NOT_STARTED,,NO,,
/evidence/DS-DEMAND-VINTAGE-LENS/,Evidence Record,ar,640,verification:COMPOSITE_MEMBERS_NOT_LISTED,D4,NOT_STARTED,,NO,,
/evidence/DS-DEMAND-VINTAGE-LENS/,Evidence Record,ar,1440,verification:COMPOSITE_MEMBERS_NOT_LISTED,D4,NOT_STARTED,,NO,,
/evidence/DS-FCP-ARCH/,Evidence Record,en,320,verification:SOURCES_LISTED,D4,NOT_STARTED,,NO,,
/evidence/DS-FCP-ARCH/,Evidence Record,en,390,verification:SOURCES_LISTED,D4,NOT_STARTED,,NO,,
/evidence/DS-FCP-ARCH/,Evidence Record,en,640,verification:SOURCES_LISTED,D4,NOT_STARTED,,NO,,
/evidence/DS-FCP-ARCH/,Evidence Record,en,1440,verification:SOURCES_LISTED,D4,NOT_STARTED,,NO,,
/evidence/DS-FCP-ARCH/,Evidence Record,ar,320,verification:SOURCES_LISTED,D4,NOT_STARTED,,NO,,
/evidence/DS-FCP-ARCH/,Evidence Record,ar,390,verification:SOURCES_LISTED,D4,NOT_STARTED,,NO,,
/evidence/DS-FCP-ARCH/,Evidence Record,ar,640,verification:SOURCES_LISTED,D4,NOT_STARTED,,NO,,
/evidence/DS-FCP-ARCH/,Evidence Record,ar,1440,verification:SOURCES_LISTED,D4,NOT_STARTED,,NO,,
/evidence/DS-FINDEX-HISTORY-CROSSWALK/,Evidence Record,en,320,verification:COMPOSITE_OF_OBJECTS,D4,NOT_STARTED,,NO,,
/evidence/DS-FINDEX-HISTORY-CROSSWALK/,Evidence Record,en,390,verification:COMPOSITE_OF_OBJECTS,D4,NOT_STARTED,,NO,,
/evidence/DS-FINDEX-HISTORY-CROSSWALK/,Evidence Record,en,640,verification:COMPOSITE_OF_OBJECTS,D4,NOT_STARTED,,NO,,
/evidence/DS-FINDEX-HISTORY-CROSSWALK/,Evidence Record,en,1440,verification:COMPOSITE_OF_OBJECTS,D4,NOT_STARTED,,NO,,
/evidence/DS-FINDEX-HISTORY-CROSSWALK/,Evidence Record,ar,320,verification:COMPOSITE_OF_OBJECTS,D4,NOT_STARTED,,NO,,
/evidence/DS-FINDEX-HISTORY-CROSSWALK/,Evidence Record,ar,390,verification:COMPOSITE_OF_OBJECTS,D4,NOT_STARTED,,NO,,
/evidence/DS-FINDEX-HISTORY-CROSSWALK/,Evidence Record,ar,640,verification:COMPOSITE_OF_OBJECTS,D4,NOT_STARTED,,NO,,
/evidence/DS-FINDEX-HISTORY-CROSSWALK/,Evidence Record,ar,1440,verification:COMPOSITE_OF_OBJECTS,D4,NOT_STARTED,,NO,,
/evidence/DS-FINDEX-PUBLIC-HISTORY/,Evidence Record,en,320,verification:SOURCES_LISTED,D4,NOT_STARTED,,NO,,
/evidence/DS-FINDEX-PUBLIC-HISTORY/,Evidence Record,en,390,verification:SOURCES_LISTED,D4,NOT_STARTED,,NO,,
/evidence/DS-FINDEX-PUBLIC-HISTORY/,Evidence Record,en,640,verification:SOURCES_LISTED,D4,NOT_STARTED,,NO,,
/evidence/DS-FINDEX-PUBLIC-HISTORY/,Evidence Record,en,1440,verification:SOURCES_LISTED,D4,NOT_STARTED,,NO,,
/evidence/DS-FINDEX-PUBLIC-HISTORY/,Evidence Record,ar,320,verification:SOURCES_LISTED,D4,NOT_STARTED,,NO,,
/evidence/DS-FINDEX-PUBLIC-HISTORY/,Evidence Record,ar,390,verification:SOURCES_LISTED,D4,NOT_STARTED,,NO,,
/evidence/DS-FINDEX-PUBLIC-HISTORY/,Evidence Record,ar,640,verification:SOURCES_LISTED,D4,NOT_STARTED,,NO,,
/evidence/DS-FINDEX-PUBLIC-HISTORY/,Evidence Record,ar,1440,verification:SOURCES_LISTED,D4,NOT_STARTED,,NO,,
/evidence/DS-QUAL-EVIDENCE/,Evidence Record,en,320,verification:SOURCES_LISTED_SOME_WITHOUT_PUBLIC_LOCATOR,D4,NOT_STARTED,,NO,,
/evidence/DS-QUAL-EVIDENCE/,Evidence Record,en,390,verification:SOURCES_LISTED_SOME_WITHOUT_PUBLIC_LOCATOR,D4,NOT_STARTED,,NO,,
/evidence/DS-QUAL-EVIDENCE/,Evidence Record,en,640,verification:SOURCES_LISTED_SOME_WITHOUT_PUBLIC_LOCATOR,D4,NOT_STARTED,,NO,,
/evidence/DS-QUAL-EVIDENCE/,Evidence Record,en,1440,verification:SOURCES_LISTED_SOME_WITHOUT_PUBLIC_LOCATOR,D4,NOT_STARTED,,NO,,
/evidence/DS-QUAL-EVIDENCE/,Evidence Record,ar,320,verification:SOURCES_LISTED_SOME_WITHOUT_PUBLIC_LOCATOR,D4,NOT_STARTED,,NO,,
/evidence/DS-QUAL-EVIDENCE/,Evidence Record,ar,390,verification:SOURCES_LISTED_SOME_WITHOUT_PUBLIC_LOCATOR,D4,NOT_STARTED,,NO,,
/evidence/DS-QUAL-EVIDENCE/,Evidence Record,ar,640,verification:SOURCES_LISTED_SOME_WITHOUT_PUBLIC_LOCATOR,D4,NOT_STARTED,,NO,,
/evidence/DS-QUAL-EVIDENCE/,Evidence Record,ar,1440,verification:SOURCES_LISTED_SOME_WITHOUT_PUBLIC_LOCATOR,D4,NOT_STARTED,,NO,,
/evidence/FMIIP-BASELINE-2025-01/,Evidence Record,en,320,verification:SOURCES_LISTED,D4,NOT_STARTED,,NO,,
/evidence/FMIIP-BASELINE-2025-01/,Evidence Record,en,390,verification:SOURCES_LISTED,D4,NOT_STARTED,,NO,,
/evidence/FMIIP-BASELINE-2025-01/,Evidence Record,en,640,verification:SOURCES_LISTED,D4,NOT_STARTED,,NO,,
/evidence/FMIIP-BASELINE-2025-01/,Evidence Record,en,1440,verification:SOURCES_LISTED,D4,NOT_STARTED,,NO,,
/evidence/FMIIP-BASELINE-2025-01/,Evidence Record,ar,320,verification:SOURCES_LISTED,D4,NOT_STARTED,,NO,,
/evidence/FMIIP-BASELINE-2025-01/,Evidence Record,ar,390,verification:SOURCES_LISTED,D4,NOT_STARTED,,NO,,
/evidence/FMIIP-BASELINE-2025-01/,Evidence Record,ar,640,verification:SOURCES_LISTED,D4,NOT_STARTED,,NO,,
/evidence/FMIIP-BASELINE-2025-01/,Evidence Record,ar,1440,verification:SOURCES_LISTED,D4,NOT_STARTED,,NO,,
/evidence/MF-ORIG-001+002/,Evidence Record,en,320,verification:SOURCES_LISTED,D4,NOT_STARTED,,NO,,
/evidence/MF-ORIG-001+002/,Evidence Record,en,390,verification:SOURCES_LISTED,D4,NOT_STARTED,,NO,,
/evidence/MF-ORIG-001+002/,Evidence Record,en,640,verification:SOURCES_LISTED,D4,NOT_STARTED,,NO,,
/evidence/MF-ORIG-001+002/,Evidence Record,en,1440,verification:SOURCES_LISTED,D4,NOT_STARTED,,NO,,
/evidence/MF-ORIG-001+002/,Evidence Record,ar,320,verification:SOURCES_LISTED,D4,NOT_STARTED,,NO,,
/evidence/MF-ORIG-001+002/,Evidence Record,ar,390,verification:SOURCES_LISTED,D4,NOT_STARTED,,NO,,
/evidence/MF-ORIG-001+002/,Evidence Record,ar,640,verification:SOURCES_LISTED,D4,NOT_STARTED,,NO,,
/evidence/MF-ORIG-001+002/,Evidence Record,ar,1440,verification:SOURCES_LISTED,D4,NOT_STARTED,,NO,,
/evidence/MFI-SPINE-2015-Q4/,Evidence Record,en,320,verification:SOURCES_LISTED,D4,NOT_STARTED,,NO,,
/evidence/MFI-SPINE-2015-Q4/,Evidence Record,en,390,verification:SOURCES_LISTED,D4,NOT_STARTED,,NO,,
/evidence/MFI-SPINE-2015-Q4/,Evidence Record,en,640,verification:SOURCES_LISTED,D4,NOT_STARTED,,NO,,
/evidence/MFI-SPINE-2015-Q4/,Evidence Record,en,1440,verification:SOURCES_LISTED,D4,NOT_STARTED,,NO,,
/evidence/MFI-SPINE-2015-Q4/,Evidence Record,ar,320,verification:SOURCES_LISTED,D4,NOT_STARTED,,NO,,
/evidence/MFI-SPINE-2015-Q4/,Evidence Record,ar,390,verification:SOURCES_LISTED,D4,NOT_STARTED,,NO,,
/evidence/MFI-SPINE-2015-Q4/,Evidence Record,ar,640,verification:SOURCES_LISTED,D4,NOT_STARTED,,NO,,
/evidence/MFI-SPINE-2015-Q4/,Evidence Record,ar,1440,verification:SOURCES_LISTED,D4,NOT_STARTED,,NO,,
/evidence/NEG-EW-011/,Evidence Record,en,320,verification:SOURCES_LISTED,D4,NOT_STARTED,,NO,,
/evidence/NEG-EW-011/,Evidence Record,en,390,verification:SOURCES_LISTED,D4,NOT_STARTED,,NO,,
/evidence/NEG-EW-011/,Evidence Record,en,640,verification:SOURCES_LISTED,D4,NOT_STARTED,,NO,,
/evidence/NEG-EW-011/,Evidence Record,en,1440,verification:SOURCES_LISTED,D4,NOT_STARTED,,NO,,
/evidence/NEG-EW-011/,Evidence Record,ar,320,verification:SOURCES_LISTED,D4,NOT_STARTED,,NO,,
/evidence/NEG-EW-011/,Evidence Record,ar,390,verification:SOURCES_LISTED,D4,NOT_STARTED,,NO,,
/evidence/NEG-EW-011/,Evidence Record,ar,640,verification:SOURCES_LISTED,D4,NOT_STARTED,,NO,,
/evidence/NEG-EW-011/,Evidence Record,ar,1440,verification:SOURCES_LISTED,D4,NOT_STARTED,,NO,,
/evidence/PSE-011/,Evidence Record,en,320,verification:SOURCES_LISTED,D4,NOT_STARTED,,NO,,
/evidence/PSE-011/,Evidence Record,en,390,verification:SOURCES_LISTED,D4,NOT_STARTED,,NO,,
/evidence/PSE-011/,Evidence Record,en,640,verification:SOURCES_LISTED,D4,NOT_STARTED,,NO,,
/evidence/PSE-011/,Evidence Record,en,1440,verification:SOURCES_LISTED,D4,NOT_STARTED,,NO,,
/evidence/PSE-011/,Evidence Record,ar,320,verification:SOURCES_LISTED,D4,NOT_STARTED,,NO,,
/evidence/PSE-011/,Evidence Record,ar,390,verification:SOURCES_LISTED,D4,NOT_STARTED,,NO,,
/evidence/PSE-011/,Evidence Record,ar,640,verification:SOURCES_LISTED,D4,NOT_STARTED,,NO,,
/evidence/PSE-011/,Evidence Record,ar,1440,verification:SOURCES_LISTED,D4,NOT_STARTED,,NO,,
/evidence/QUAL-001/,Evidence Record,en,320,verification:SOURCES_LISTED,D4,NOT_STARTED,,NO,,
/evidence/QUAL-001/,Evidence Record,en,390,verification:SOURCES_LISTED,D4,NOT_STARTED,,NO,,
/evidence/QUAL-001/,Evidence Record,en,640,verification:SOURCES_LISTED,D4,NOT_STARTED,,NO,,
/evidence/QUAL-001/,Evidence Record,en,1440,verification:SOURCES_LISTED,D4,NOT_STARTED,,NO,,
/evidence/QUAL-001/,Evidence Record,ar,320,verification:SOURCES_LISTED,D4,NOT_STARTED,,NO,,
/evidence/QUAL-001/,Evidence Record,ar,390,verification:SOURCES_LISTED,D4,NOT_STARTED,,NO,,
/evidence/QUAL-001/,Evidence Record,ar,640,verification:SOURCES_LISTED,D4,NOT_STARTED,,NO,,
/evidence/QUAL-001/,Evidence Record,ar,1440,verification:SOURCES_LISTED,D4,NOT_STARTED,,NO,,
/evidence/VIS-BORROWING-SOURCES-2014/,Evidence Record,en,320,verification:SOURCES_LISTED,D4,NOT_STARTED,,NO,,
/evidence/VIS-BORROWING-SOURCES-2014/,Evidence Record,en,390,verification:SOURCES_LISTED,D4,NOT_STARTED,,NO,,
/evidence/VIS-BORROWING-SOURCES-2014/,Evidence Record,en,640,verification:SOURCES_LISTED,D4,NOT_STARTED,,NO,,
/evidence/VIS-BORROWING-SOURCES-2014/,Evidence Record,en,1440,verification:SOURCES_LISTED,D4,NOT_STARTED,,NO,,
/evidence/VIS-BORROWING-SOURCES-2014/,Evidence Record,ar,320,verification:SOURCES_LISTED,D4,NOT_STARTED,,NO,,
/evidence/VIS-BORROWING-SOURCES-2014/,Evidence Record,ar,390,verification:SOURCES_LISTED,D4,NOT_STARTED,,NO,,
/evidence/VIS-BORROWING-SOURCES-2014/,Evidence Record,ar,640,verification:SOURCES_LISTED,D4,NOT_STARTED,,NO,,
/evidence/VIS-BORROWING-SOURCES-2014/,Evidence Record,ar,1440,verification:SOURCES_LISTED,D4,NOT_STARTED,,NO,,
/evidence/VIS-CAPITAL-CONTEXT/,Evidence Record,en,320,verification:SOURCES_LISTED,D4,NOT_STARTED,,NO,,
/evidence/VIS-CAPITAL-CONTEXT/,Evidence Record,en,390,verification:SOURCES_LISTED,D4,NOT_STARTED,,NO,,
/evidence/VIS-CAPITAL-CONTEXT/,Evidence Record,en,640,verification:SOURCES_LISTED,D4,NOT_STARTED,,NO,,
/evidence/VIS-CAPITAL-CONTEXT/,Evidence Record,en,1440,verification:SOURCES_LISTED,D4,NOT_STARTED,,NO,,
/evidence/VIS-CAPITAL-CONTEXT/,Evidence Record,ar,320,verification:SOURCES_LISTED,D4,NOT_STARTED,,NO,,
/evidence/VIS-CAPITAL-CONTEXT/,Evidence Record,ar,390,verification:SOURCES_LISTED,D4,NOT_STARTED,,NO,,
/evidence/VIS-CAPITAL-CONTEXT/,Evidence Record,ar,640,verification:SOURCES_LISTED,D4,NOT_STARTED,,NO,,
/evidence/VIS-CAPITAL-CONTEXT/,Evidence Record,ar,1440,verification:SOURCES_LISTED,D4,NOT_STARTED,,NO,,
/evidence/VIS-DEMAND-VINTAGE-LADDER/,Evidence Record,en,320,verification:COMPOSITE_OF_OBJECTS,D4,NOT_STARTED,,NO,,
/evidence/VIS-DEMAND-VINTAGE-LADDER/,Evidence Record,en,390,verification:COMPOSITE_OF_OBJECTS,D4,NOT_STARTED,,NO,,
/evidence/VIS-DEMAND-VINTAGE-LADDER/,Evidence Record,en,640,verification:COMPOSITE_OF_OBJECTS,D4,NOT_STARTED,,NO,,
/evidence/VIS-DEMAND-VINTAGE-LADDER/,Evidence Record,en,1440,verification:COMPOSITE_OF_OBJECTS,D4,NOT_STARTED,,NO,,
/evidence/VIS-DEMAND-VINTAGE-LADDER/,Evidence Record,ar,320,verification:COMPOSITE_OF_OBJECTS,D4,NOT_STARTED,,NO,,
/evidence/VIS-DEMAND-VINTAGE-LADDER/,Evidence Record,ar,390,verification:COMPOSITE_OF_OBJECTS,D4,NOT_STARTED,,NO,,
/evidence/VIS-DEMAND-VINTAGE-LADDER/,Evidence Record,ar,640,verification:COMPOSITE_OF_OBJECTS,D4,NOT_STARTED,,NO,,
/evidence/VIS-DEMAND-VINTAGE-LADDER/,Evidence Record,ar,1440,verification:COMPOSITE_OF_OBJECTS,D4,NOT_STARTED,,NO,,
/evidence/VIS-DOMESTIC-REMITTANCE-PATH-2014/,Evidence Record,en,320,verification:SOURCES_LISTED,D4,NOT_STARTED,,NO,,
/evidence/VIS-DOMESTIC-REMITTANCE-PATH-2014/,Evidence Record,en,390,verification:SOURCES_LISTED,D4,NOT_STARTED,,NO,,
/evidence/VIS-DOMESTIC-REMITTANCE-PATH-2014/,Evidence Record,en,640,verification:SOURCES_LISTED,D4,NOT_STARTED,,NO,,
/evidence/VIS-DOMESTIC-REMITTANCE-PATH-2014/,Evidence Record,en,1440,verification:SOURCES_LISTED,D4,NOT_STARTED,,NO,,
/evidence/VIS-DOMESTIC-REMITTANCE-PATH-2014/,Evidence Record,ar,320,verification:SOURCES_LISTED,D4,NOT_STARTED,,NO,,
/evidence/VIS-DOMESTIC-REMITTANCE-PATH-2014/,Evidence Record,ar,390,verification:SOURCES_LISTED,D4,NOT_STARTED,,NO,,
/evidence/VIS-DOMESTIC-REMITTANCE-PATH-2014/,Evidence Record,ar,640,verification:SOURCES_LISTED,D4,NOT_STARTED,,NO,,
/evidence/VIS-DOMESTIC-REMITTANCE-PATH-2014/,Evidence Record,ar,1440,verification:SOURCES_LISTED,D4,NOT_STARTED,,NO,,
/evidence/VIS-E-MONEY-RULE-STACK/,Evidence Record,en,320,verification:SOURCES_LISTED,D4,NOT_STARTED,,NO,,
/evidence/VIS-E-MONEY-RULE-STACK/,Evidence Record,en,390,verification:SOURCES_LISTED,D4,NOT_STARTED,,NO,,
/evidence/VIS-E-MONEY-RULE-STACK/,Evidence Record,en,640,verification:SOURCES_LISTED,D4,NOT_STARTED,,NO,,
/evidence/VIS-E-MONEY-RULE-STACK/,Evidence Record,en,1440,verification:SOURCES_LISTED,D4,NOT_STARTED,,NO,,
/evidence/VIS-E-MONEY-RULE-STACK/,Evidence Record,ar,320,verification:SOURCES_LISTED,D4,NOT_STARTED,,NO,,
/evidence/VIS-E-MONEY-RULE-STACK/,Evidence Record,ar,390,verification:SOURCES_LISTED,D4,NOT_STARTED,,NO,,
/evidence/VIS-E-MONEY-RULE-STACK/,Evidence Record,ar,640,verification:SOURCES_LISTED,D4,NOT_STARTED,,NO,,
/evidence/VIS-E-MONEY-RULE-STACK/,Evidence Record,ar,1440,verification:SOURCES_LISTED,D4,NOT_STARTED,,NO,,
/evidence/VIS-EVIDENCE-CLASS-LADDER/,Evidence Record,en,320,verification:COMPOSITE_MEMBERS_NOT_LISTED,D4,NOT_STARTED,,NO,,
/evidence/VIS-EVIDENCE-CLASS-LADDER/,Evidence Record,en,390,verification:COMPOSITE_MEMBERS_NOT_LISTED,D4,NOT_STARTED,,NO,,
/evidence/VIS-EVIDENCE-CLASS-LADDER/,Evidence Record,en,640,verification:COMPOSITE_MEMBERS_NOT_LISTED,D4,NOT_STARTED,,NO,,
/evidence/VIS-EVIDENCE-CLASS-LADDER/,Evidence Record,en,1440,verification:COMPOSITE_MEMBERS_NOT_LISTED,D4,NOT_STARTED,,NO,,
/evidence/VIS-EVIDENCE-CLASS-LADDER/,Evidence Record,ar,320,verification:COMPOSITE_MEMBERS_NOT_LISTED,D4,NOT_STARTED,,NO,,
/evidence/VIS-EVIDENCE-CLASS-LADDER/,Evidence Record,ar,390,verification:COMPOSITE_MEMBERS_NOT_LISTED,D4,NOT_STARTED,,NO,,
/evidence/VIS-EVIDENCE-CLASS-LADDER/,Evidence Record,ar,640,verification:COMPOSITE_MEMBERS_NOT_LISTED,D4,NOT_STARTED,,NO,,
/evidence/VIS-EVIDENCE-CLASS-LADDER/,Evidence Record,ar,1440,verification:COMPOSITE_MEMBERS_NOT_LISTED,D4,NOT_STARTED,,NO,,
/evidence/VIS-EVIDENCE-FRESHNESS/,Evidence Record,en,320,verification:COMPOSITE_MEMBERS_NOT_LISTED,D4,NOT_STARTED,,NO,,
/evidence/VIS-EVIDENCE-FRESHNESS/,Evidence Record,en,390,verification:COMPOSITE_MEMBERS_NOT_LISTED,D4,NOT_STARTED,,NO,,
/evidence/VIS-EVIDENCE-FRESHNESS/,Evidence Record,en,640,verification:COMPOSITE_MEMBERS_NOT_LISTED,D4,NOT_STARTED,,NO,,
/evidence/VIS-EVIDENCE-FRESHNESS/,Evidence Record,en,1440,verification:COMPOSITE_MEMBERS_NOT_LISTED,D4,NOT_STARTED,,NO,,
/evidence/VIS-EVIDENCE-FRESHNESS/,Evidence Record,ar,320,verification:COMPOSITE_MEMBERS_NOT_LISTED,D4,NOT_STARTED,,NO,,
/evidence/VIS-EVIDENCE-FRESHNESS/,Evidence Record,ar,390,verification:COMPOSITE_MEMBERS_NOT_LISTED,D4,NOT_STARTED,,NO,,
/evidence/VIS-EVIDENCE-FRESHNESS/,Evidence Record,ar,640,verification:COMPOSITE_MEMBERS_NOT_LISTED,D4,NOT_STARTED,,NO,,
/evidence/VIS-EVIDENCE-FRESHNESS/,Evidence Record,ar,1440,verification:COMPOSITE_MEMBERS_NOT_LISTED,D4,NOT_STARTED,,NO,,
/evidence/VIS-EVIDENCE-GAPS/,Evidence Record,en,320,verification:COMPOSITE_MEMBERS_NOT_LISTED,D4,NOT_STARTED,,NO,,
/evidence/VIS-EVIDENCE-GAPS/,Evidence Record,en,390,verification:COMPOSITE_MEMBERS_NOT_LISTED,D4,NOT_STARTED,,NO,,
/evidence/VIS-EVIDENCE-GAPS/,Evidence Record,en,640,verification:COMPOSITE_MEMBERS_NOT_LISTED,D4,NOT_STARTED,,NO,,
/evidence/VIS-EVIDENCE-GAPS/,Evidence Record,en,1440,verification:COMPOSITE_MEMBERS_NOT_LISTED,D4,NOT_STARTED,,NO,,
/evidence/VIS-EVIDENCE-GAPS/,Evidence Record,ar,320,verification:COMPOSITE_MEMBERS_NOT_LISTED,D4,NOT_STARTED,,NO,,
/evidence/VIS-EVIDENCE-GAPS/,Evidence Record,ar,390,verification:COMPOSITE_MEMBERS_NOT_LISTED,D4,NOT_STARTED,,NO,,
/evidence/VIS-EVIDENCE-GAPS/,Evidence Record,ar,640,verification:COMPOSITE_MEMBERS_NOT_LISTED,D4,NOT_STARTED,,NO,,
/evidence/VIS-EVIDENCE-GAPS/,Evidence Record,ar,1440,verification:COMPOSITE_MEMBERS_NOT_LISTED,D4,NOT_STARTED,,NO,,
/evidence/VIS-FCP-REDRESS-PATH/,Evidence Record,en,320,verification:SOURCES_LISTED,D4,NOT_STARTED,,NO,,
/evidence/VIS-FCP-REDRESS-PATH/,Evidence Record,en,390,verification:SOURCES_LISTED,D4,NOT_STARTED,,NO,,
/evidence/VIS-FCP-REDRESS-PATH/,Evidence Record,en,640,verification:SOURCES_LISTED,D4,NOT_STARTED,,NO,,
/evidence/VIS-FCP-REDRESS-PATH/,Evidence Record,en,1440,verification:SOURCES_LISTED,D4,NOT_STARTED,,NO,,
/evidence/VIS-FCP-REDRESS-PATH/,Evidence Record,ar,320,verification:SOURCES_LISTED,D4,NOT_STARTED,,NO,,
/evidence/VIS-FCP-REDRESS-PATH/,Evidence Record,ar,390,verification:SOURCES_LISTED,D4,NOT_STARTED,,NO,,
/evidence/VIS-FCP-REDRESS-PATH/,Evidence Record,ar,640,verification:SOURCES_LISTED,D4,NOT_STARTED,,NO,,
/evidence/VIS-FCP-REDRESS-PATH/,Evidence Record,ar,1440,verification:SOURCES_LISTED,D4,NOT_STARTED,,NO,,
/evidence/VIS-FINDEX-ACCESS-USE/,Evidence Record,en,320,verification:SOURCES_LISTED,D4,NOT_STARTED,,NO,,
/evidence/VIS-FINDEX-ACCESS-USE/,Evidence Record,en,390,verification:SOURCES_LISTED,D4,NOT_STARTED,,NO,,
/evidence/VIS-FINDEX-ACCESS-USE/,Evidence Record,en,640,verification:SOURCES_LISTED,D4,NOT_STARTED,,NO,,
/evidence/VIS-FINDEX-ACCESS-USE/,Evidence Record,en,1440,verification:SOURCES_LISTED,D4,NOT_STARTED,,NO,,
/evidence/VIS-FINDEX-ACCESS-USE/,Evidence Record,ar,320,verification:SOURCES_LISTED,D4,NOT_STARTED,,NO,,
/evidence/VIS-FINDEX-ACCESS-USE/,Evidence Record,ar,390,verification:SOURCES_LISTED,D4,NOT_STARTED,,NO,,
/evidence/VIS-FINDEX-ACCESS-USE/,Evidence Record,ar,640,verification:SOURCES_LISTED,D4,NOT_STARTED,,NO,,
/evidence/VIS-FINDEX-ACCESS-USE/,Evidence Record,ar,1440,verification:SOURCES_LISTED,D4,NOT_STARTED,,NO,,
/evidence/VIS-FINDEX-BARRIERS/,Evidence Record,en,320,verification:SOURCES_LISTED,D4,NOT_STARTED,,NO,,
/evidence/VIS-FINDEX-BARRIERS/,Evidence Record,en,390,verification:SOURCES_LISTED,D4,NOT_STARTED,,NO,,
/evidence/VIS-FINDEX-BARRIERS/,Evidence Record,en,640,verification:SOURCES_LISTED,D4,NOT_STARTED,,NO,,
/evidence/VIS-FINDEX-BARRIERS/,Evidence Record,en,1440,verification:SOURCES_LISTED,D4,NOT_STARTED,,NO,,
/evidence/VIS-FINDEX-BARRIERS/,Evidence Record,ar,320,verification:SOURCES_LISTED,D4,NOT_STARTED,,NO,,
/evidence/VIS-FINDEX-BARRIERS/,Evidence Record,ar,390,verification:SOURCES_LISTED,D4,NOT_STARTED,,NO,,
/evidence/VIS-FINDEX-BARRIERS/,Evidence Record,ar,640,verification:SOURCES_LISTED,D4,NOT_STARTED,,NO,,
/evidence/VIS-FINDEX-BARRIERS/,Evidence Record,ar,1440,verification:SOURCES_LISTED,D4,NOT_STARTED,,NO,,
/evidence/VIS-FINDEX-FLOW-CHANNELS/,Evidence Record,en,320,verification:SOURCES_LISTED,D4,NOT_STARTED,,NO,,
/evidence/VIS-FINDEX-FLOW-CHANNELS/,Evidence Record,en,390,verification:SOURCES_LISTED,D4,NOT_STARTED,,NO,,
/evidence/VIS-FINDEX-FLOW-CHANNELS/,Evidence Record,en,640,verification:SOURCES_LISTED,D4,NOT_STARTED,,NO,,
/evidence/VIS-FINDEX-FLOW-CHANNELS/,Evidence Record,en,1440,verification:SOURCES_LISTED,D4,NOT_STARTED,,NO,,
/evidence/VIS-FINDEX-FLOW-CHANNELS/,Evidence Record,ar,320,verification:SOURCES_LISTED,D4,NOT_STARTED,,NO,,
/evidence/VIS-FINDEX-FLOW-CHANNELS/,Evidence Record,ar,390,verification:SOURCES_LISTED,D4,NOT_STARTED,,NO,,
/evidence/VIS-FINDEX-FLOW-CHANNELS/,Evidence Record,ar,640,verification:SOURCES_LISTED,D4,NOT_STARTED,,NO,,
/evidence/VIS-FINDEX-FLOW-CHANNELS/,Evidence Record,ar,1440,verification:SOURCES_LISTED,D4,NOT_STARTED,,NO,,
/evidence/VIS-FINDEX-GAPS/,Evidence Record,en,320,verification:SOURCES_LISTED,D4,NOT_STARTED,,NO,,
/evidence/VIS-FINDEX-GAPS/,Evidence Record,en,390,verification:SOURCES_LISTED,D4,NOT_STARTED,,NO,,
/evidence/VIS-FINDEX-GAPS/,Evidence Record,en,640,verification:SOURCES_LISTED,D4,NOT_STARTED,,NO,,
/evidence/VIS-FINDEX-GAPS/,Evidence Record,en,1440,verification:SOURCES_LISTED,D4,NOT_STARTED,,NO,,
/evidence/VIS-FINDEX-GAPS/,Evidence Record,ar,320,verification:SOURCES_LISTED,D4,NOT_STARTED,,NO,,
/evidence/VIS-FINDEX-GAPS/,Evidence Record,ar,390,verification:SOURCES_LISTED,D4,NOT_STARTED,,NO,,
/evidence/VIS-FINDEX-GAPS/,Evidence Record,ar,640,verification:SOURCES_LISTED,D4,NOT_STARTED,,NO,,
/evidence/VIS-FINDEX-GAPS/,Evidence Record,ar,1440,verification:SOURCES_LISTED,D4,NOT_STARTED,,NO,,
/evidence/VIS-FINDEX-OBSERVED-WAVES/,Evidence Record,en,320,verification:SOURCES_LISTED,D4,NOT_STARTED,,NO,,
/evidence/VIS-FINDEX-OBSERVED-WAVES/,Evidence Record,en,390,verification:SOURCES_LISTED,D4,NOT_STARTED,,NO,,
/evidence/VIS-FINDEX-OBSERVED-WAVES/,Evidence Record,en,640,verification:SOURCES_LISTED,D4,NOT_STARTED,,NO,,
/evidence/VIS-FINDEX-OBSERVED-WAVES/,Evidence Record,en,1440,verification:SOURCES_LISTED,D4,NOT_STARTED,,NO,,
/evidence/VIS-FINDEX-OBSERVED-WAVES/,Evidence Record,ar,320,verification:SOURCES_LISTED,D4,NOT_STARTED,,NO,,
/evidence/VIS-FINDEX-OBSERVED-WAVES/,Evidence Record,ar,390,verification:SOURCES_LISTED,D4,NOT_STARTED,,NO,,
/evidence/VIS-FINDEX-OBSERVED-WAVES/,Evidence Record,ar,640,verification:SOURCES_LISTED,D4,NOT_STARTED,,NO,,
/evidence/VIS-FINDEX-OBSERVED-WAVES/,Evidence Record,ar,1440,verification:SOURCES_LISTED,D4,NOT_STARTED,,NO,,
/evidence/VIS-FINDEX-RESILIENCE/,Evidence Record,en,320,verification:SOURCES_LISTED,D4,NOT_STARTED,,NO,,
/evidence/VIS-FINDEX-RESILIENCE/,Evidence Record,en,390,verification:SOURCES_LISTED,D4,NOT_STARTED,,NO,,
/evidence/VIS-FINDEX-RESILIENCE/,Evidence Record,en,640,verification:SOURCES_LISTED,D4,NOT_STARTED,,NO,,
/evidence/VIS-FINDEX-RESILIENCE/,Evidence Record,en,1440,verification:SOURCES_LISTED,D4,NOT_STARTED,,NO,,
/evidence/VIS-FINDEX-RESILIENCE/,Evidence Record,ar,320,verification:SOURCES_LISTED,D4,NOT_STARTED,,NO,,
/evidence/VIS-FINDEX-RESILIENCE/,Evidence Record,ar,390,verification:SOURCES_LISTED,D4,NOT_STARTED,,NO,,
/evidence/VIS-FINDEX-RESILIENCE/,Evidence Record,ar,640,verification:SOURCES_LISTED,D4,NOT_STARTED,,NO,,
/evidence/VIS-FINDEX-RESILIENCE/,Evidence Record,ar,1440,verification:SOURCES_LISTED,D4,NOT_STARTED,,NO,,
/evidence/VIS-FINDEX-SAMPLE-SUPPORT/,Evidence Record,en,320,verification:SOURCES_LISTED,D4,NOT_STARTED,,NO,,
/evidence/VIS-FINDEX-SAMPLE-SUPPORT/,Evidence Record,en,390,verification:SOURCES_LISTED,D4,NOT_STARTED,,NO,,
/evidence/VIS-FINDEX-SAMPLE-SUPPORT/,Evidence Record,en,640,verification:SOURCES_LISTED,D4,NOT_STARTED,,NO,,
/evidence/VIS-FINDEX-SAMPLE-SUPPORT/,Evidence Record,en,1440,verification:SOURCES_LISTED,D4,NOT_STARTED,,NO,,
/evidence/VIS-FINDEX-SAMPLE-SUPPORT/,Evidence Record,ar,320,verification:SOURCES_LISTED,D4,NOT_STARTED,,NO,,
/evidence/VIS-FINDEX-SAMPLE-SUPPORT/,Evidence Record,ar,390,verification:SOURCES_LISTED,D4,NOT_STARTED,,NO,,
/evidence/VIS-FINDEX-SAMPLE-SUPPORT/,Evidence Record,ar,640,verification:SOURCES_LISTED,D4,NOT_STARTED,,NO,,
/evidence/VIS-FINDEX-SAMPLE-SUPPORT/,Evidence Record,ar,1440,verification:SOURCES_LISTED,D4,NOT_STARTED,,NO,,
/evidence/VIS-FIRM-CONSTRAINTS/,Evidence Record,en,320,verification:SOURCES_LISTED,D4,NOT_STARTED,,NO,,
/evidence/VIS-FIRM-CONSTRAINTS/,Evidence Record,en,390,verification:SOURCES_LISTED,D4,NOT_STARTED,,NO,,
/evidence/VIS-FIRM-CONSTRAINTS/,Evidence Record,en,640,verification:SOURCES_LISTED,D4,NOT_STARTED,,NO,,
/evidence/VIS-FIRM-CONSTRAINTS/,Evidence Record,en,1440,verification:SOURCES_LISTED,D4,NOT_STARTED,,NO,,
/evidence/VIS-FIRM-CONSTRAINTS/,Evidence Record,ar,320,verification:SOURCES_LISTED,D4,NOT_STARTED,,NO,,
/evidence/VIS-FIRM-CONSTRAINTS/,Evidence Record,ar,390,verification:SOURCES_LISTED,D4,NOT_STARTED,,NO,,
/evidence/VIS-FIRM-CONSTRAINTS/,Evidence Record,ar,640,verification:SOURCES_LISTED,D4,NOT_STARTED,,NO,,
/evidence/VIS-FIRM-CONSTRAINTS/,Evidence Record,ar,1440,verification:SOURCES_LISTED,D4,NOT_STARTED,,NO,,
/evidence/VIS-FIRM-FINANCE-PATH/,Evidence Record,en,320,verification:SOURCES_LISTED,D4,NOT_STARTED,,NO,,
/evidence/VIS-FIRM-FINANCE-PATH/,Evidence Record,en,390,verification:SOURCES_LISTED,D4,NOT_STARTED,,NO,,
/evidence/VIS-FIRM-FINANCE-PATH/,Evidence Record,en,640,verification:SOURCES_LISTED,D4,NOT_STARTED,,NO,,
/evidence/VIS-FIRM-FINANCE-PATH/,Evidence Record,en,1440,verification:SOURCES_LISTED,D4,NOT_STARTED,,NO,,
/evidence/VIS-FIRM-FINANCE-PATH/,Evidence Record,ar,320,verification:SOURCES_LISTED,D4,NOT_STARTED,,NO,,
/evidence/VIS-FIRM-FINANCE-PATH/,Evidence Record,ar,390,verification:SOURCES_LISTED,D4,NOT_STARTED,,NO,,
/evidence/VIS-FIRM-FINANCE-PATH/,Evidence Record,ar,640,verification:SOURCES_LISTED,D4,NOT_STARTED,,NO,,
/evidence/VIS-FIRM-FINANCE-PATH/,Evidence Record,ar,1440,verification:SOURCES_LISTED,D4,NOT_STARTED,,NO,,
/evidence/VIS-FIRM-FINANCE-SEVERITY/,Evidence Record,en,320,verification:SOURCES_LISTED,D4,NOT_STARTED,,NO,,
/evidence/VIS-FIRM-FINANCE-SEVERITY/,Evidence Record,en,390,verification:SOURCES_LISTED,D4,NOT_STARTED,,NO,,
/evidence/VIS-FIRM-FINANCE-SEVERITY/,Evidence Record,en,640,verification:SOURCES_LISTED,D4,NOT_STARTED,,NO,,
/evidence/VIS-FIRM-FINANCE-SEVERITY/,Evidence Record,en,1440,verification:SOURCES_LISTED,D4,NOT_STARTED,,NO,,
/evidence/VIS-FIRM-FINANCE-SEVERITY/,Evidence Record,ar,320,verification:SOURCES_LISTED,D4,NOT_STARTED,,NO,,
/evidence/VIS-FIRM-FINANCE-SEVERITY/,Evidence Record,ar,390,verification:SOURCES_LISTED,D4,NOT_STARTED,,NO,,
/evidence/VIS-FIRM-FINANCE-SEVERITY/,Evidence Record,ar,640,verification:SOURCES_LISTED,D4,NOT_STARTED,,NO,,
/evidence/VIS-FIRM-FINANCE-SEVERITY/,Evidence Record,ar,1440,verification:SOURCES_LISTED,D4,NOT_STARTED,,NO,,
/evidence/VIS-FL-EVIDENCE-LADDER/,Evidence Record,en,320,verification:SOURCES_LISTED,D4,NOT_STARTED,,NO,,
/evidence/VIS-FL-EVIDENCE-LADDER/,Evidence Record,en,390,verification:SOURCES_LISTED,D4,NOT_STARTED,,NO,,
/evidence/VIS-FL-EVIDENCE-LADDER/,Evidence Record,en,640,verification:SOURCES_LISTED,D4,NOT_STARTED,,NO,,
/evidence/VIS-FL-EVIDENCE-LADDER/,Evidence Record,en,1440,verification:SOURCES_LISTED,D4,NOT_STARTED,,NO,,
/evidence/VIS-FL-EVIDENCE-LADDER/,Evidence Record,ar,320,verification:SOURCES_LISTED,D4,NOT_STARTED,,NO,,
/evidence/VIS-FL-EVIDENCE-LADDER/,Evidence Record,ar,390,verification:SOURCES_LISTED,D4,NOT_STARTED,,NO,,
/evidence/VIS-FL-EVIDENCE-LADDER/,Evidence Record,ar,640,verification:SOURCES_LISTED,D4,NOT_STARTED,,NO,,
/evidence/VIS-FL-EVIDENCE-LADDER/,Evidence Record,ar,1440,verification:SOURCES_LISTED,D4,NOT_STARTED,,NO,,
/evidence/VIS-INCLUSION-TRANSMISSION/,Evidence Record,en,320,verification:COMPOSITE_MEMBERS_NOT_LISTED,D4,NOT_STARTED,,NO,,
/evidence/VIS-INCLUSION-TRANSMISSION/,Evidence Record,en,390,verification:COMPOSITE_MEMBERS_NOT_LISTED,D4,NOT_STARTED,,NO,,
/evidence/VIS-INCLUSION-TRANSMISSION/,Evidence Record,en,640,verification:COMPOSITE_MEMBERS_NOT_LISTED,D4,NOT_STARTED,,NO,,
/evidence/VIS-INCLUSION-TRANSMISSION/,Evidence Record,en,1440,verification:COMPOSITE_MEMBERS_NOT_LISTED,D4,NOT_STARTED,,NO,,
/evidence/VIS-INCLUSION-TRANSMISSION/,Evidence Record,ar,320,verification:COMPOSITE_MEMBERS_NOT_LISTED,D4,NOT_STARTED,,NO,,
/evidence/VIS-INCLUSION-TRANSMISSION/,Evidence Record,ar,390,verification:COMPOSITE_MEMBERS_NOT_LISTED,D4,NOT_STARTED,,NO,,
/evidence/VIS-INCLUSION-TRANSMISSION/,Evidence Record,ar,640,verification:COMPOSITE_MEMBERS_NOT_LISTED,D4,NOT_STARTED,,NO,,
/evidence/VIS-INCLUSION-TRANSMISSION/,Evidence Record,ar,1440,verification:COMPOSITE_MEMBERS_NOT_LISTED,D4,NOT_STARTED,,NO,,
/evidence/VIS-MECHANISM-METRIC-BRIDGE/,Evidence Record,en,320,verification:COMPOSITE_MEMBERS_NOT_LISTED,D4,NOT_STARTED,,NO,,
/evidence/VIS-MECHANISM-METRIC-BRIDGE/,Evidence Record,en,390,verification:COMPOSITE_MEMBERS_NOT_LISTED,D4,NOT_STARTED,,NO,,
/evidence/VIS-MECHANISM-METRIC-BRIDGE/,Evidence Record,en,640,verification:COMPOSITE_MEMBERS_NOT_LISTED,D4,NOT_STARTED,,NO,,
/evidence/VIS-MECHANISM-METRIC-BRIDGE/,Evidence Record,en,1440,verification:COMPOSITE_MEMBERS_NOT_LISTED,D4,NOT_STARTED,,NO,,
/evidence/VIS-MECHANISM-METRIC-BRIDGE/,Evidence Record,ar,320,verification:COMPOSITE_MEMBERS_NOT_LISTED,D4,NOT_STARTED,,NO,,
/evidence/VIS-MECHANISM-METRIC-BRIDGE/,Evidence Record,ar,390,verification:COMPOSITE_MEMBERS_NOT_LISTED,D4,NOT_STARTED,,NO,,
/evidence/VIS-MECHANISM-METRIC-BRIDGE/,Evidence Record,ar,640,verification:COMPOSITE_MEMBERS_NOT_LISTED,D4,NOT_STARTED,,NO,,
/evidence/VIS-MECHANISM-METRIC-BRIDGE/,Evidence Record,ar,1440,verification:COMPOSITE_MEMBERS_NOT_LISTED,D4,NOT_STARTED,,NO,,
/evidence/VIS-MFI-2014-PANEL/,Evidence Record,en,320,verification:SOURCES_LISTED,D4,NOT_STARTED,,NO,,
/evidence/VIS-MFI-2014-PANEL/,Evidence Record,en,390,verification:SOURCES_LISTED,D4,NOT_STARTED,,NO,,
/evidence/VIS-MFI-2014-PANEL/,Evidence Record,en,640,verification:SOURCES_LISTED,D4,NOT_STARTED,,NO,,
/evidence/VIS-MFI-2014-PANEL/,Evidence Record,en,1440,verification:SOURCES_LISTED,D4,NOT_STARTED,,NO,,
/evidence/VIS-MFI-2014-PANEL/,Evidence Record,ar,320,verification:SOURCES_LISTED,D4,NOT_STARTED,,NO,,
/evidence/VIS-MFI-2014-PANEL/,Evidence Record,ar,390,verification:SOURCES_LISTED,D4,NOT_STARTED,,NO,,
/evidence/VIS-MFI-2014-PANEL/,Evidence Record,ar,640,verification:SOURCES_LISTED,D4,NOT_STARTED,,NO,,
/evidence/VIS-MFI-2014-PANEL/,Evidence Record,ar,1440,verification:SOURCES_LISTED,D4,NOT_STARTED,,NO,,
/evidence/VIS-MFI-RUPTURE-LENS/,Evidence Record,en,320,verification:SOURCES_LISTED,D4,NOT_STARTED,,NO,,
/evidence/VIS-MFI-RUPTURE-LENS/,Evidence Record,en,390,verification:SOURCES_LISTED,D4,NOT_STARTED,,NO,,
/evidence/VIS-MFI-RUPTURE-LENS/,Evidence Record,en,640,verification:SOURCES_LISTED,D4,NOT_STARTED,,NO,,
/evidence/VIS-MFI-RUPTURE-LENS/,Evidence Record,en,1440,verification:SOURCES_LISTED,D4,NOT_STARTED,,NO,,
/evidence/VIS-MFI-RUPTURE-LENS/,Evidence Record,ar,320,verification:SOURCES_LISTED,D4,NOT_STARTED,,NO,,
/evidence/VIS-MFI-RUPTURE-LENS/,Evidence Record,ar,390,verification:SOURCES_LISTED,D4,NOT_STARTED,,NO,,
/evidence/VIS-MFI-RUPTURE-LENS/,Evidence Record,ar,640,verification:SOURCES_LISTED,D4,NOT_STARTED,,NO,,
/evidence/VIS-MFI-RUPTURE-LENS/,Evidence Record,ar,1440,verification:SOURCES_LISTED,D4,NOT_STARTED,,NO,,
/evidence/VIS-MFI-SPINE/,Evidence Record,en,320,verification:SOURCES_LISTED,D4,NOT_STARTED,,NO,,
/evidence/VIS-MFI-SPINE/,Evidence Record,en,390,verification:SOURCES_LISTED,D4,NOT_STARTED,,NO,,
/evidence/VIS-MFI-SPINE/,Evidence Record,en,640,verification:SOURCES_LISTED,D4,NOT_STARTED,,NO,,
/evidence/VIS-MFI-SPINE/,Evidence Record,en,1440,verification:SOURCES_LISTED,D4,NOT_STARTED,,NO,,
/evidence/VIS-MFI-SPINE/,Evidence Record,ar,320,verification:SOURCES_LISTED,D4,NOT_STARTED,,NO,,
/evidence/VIS-MFI-SPINE/,Evidence Record,ar,390,verification:SOURCES_LISTED,D4,NOT_STARTED,,NO,,
/evidence/VIS-MFI-SPINE/,Evidence Record,ar,640,verification:SOURCES_LISTED,D4,NOT_STARTED,,NO,,
/evidence/VIS-MFI-SPINE/,Evidence Record,ar,1440,verification:SOURCES_LISTED,D4,NOT_STARTED,,NO,,
/evidence/VIS-OECD-FCP-TIMELINE/,Evidence Record,en,320,verification:SOURCES_LISTED,D4,NOT_STARTED,,NO,,
/evidence/VIS-OECD-FCP-TIMELINE/,Evidence Record,en,390,verification:SOURCES_LISTED,D4,NOT_STARTED,,NO,,
/evidence/VIS-OECD-FCP-TIMELINE/,Evidence Record,en,640,verification:SOURCES_LISTED,D4,NOT_STARTED,,NO,,
/evidence/VIS-OECD-FCP-TIMELINE/,Evidence Record,en,1440,verification:SOURCES_LISTED,D4,NOT_STARTED,,NO,,
/evidence/VIS-OECD-FCP-TIMELINE/,Evidence Record,ar,320,verification:SOURCES_LISTED,D4,NOT_STARTED,,NO,,
/evidence/VIS-OECD-FCP-TIMELINE/,Evidence Record,ar,390,verification:SOURCES_LISTED,D4,NOT_STARTED,,NO,,
/evidence/VIS-OECD-FCP-TIMELINE/,Evidence Record,ar,640,verification:SOURCES_LISTED,D4,NOT_STARTED,,NO,,
/evidence/VIS-OECD-FCP-TIMELINE/,Evidence Record,ar,1440,verification:SOURCES_LISTED,D4,NOT_STARTED,,NO,,
/evidence/VIS-PAYMENT-ANATOMY/,Evidence Record,en,320,verification:SOURCES_LISTED,D4,NOT_STARTED,,NO,,
/evidence/VIS-PAYMENT-ANATOMY/,Evidence Record,en,390,verification:SOURCES_LISTED,D4,NOT_STARTED,,NO,,
/evidence/VIS-PAYMENT-ANATOMY/,Evidence Record,en,640,verification:SOURCES_LISTED,D4,NOT_STARTED,,NO,,
/evidence/VIS-PAYMENT-ANATOMY/,Evidence Record,en,1440,verification:SOURCES_LISTED,D4,NOT_STARTED,,NO,,
/evidence/VIS-PAYMENT-ANATOMY/,Evidence Record,ar,320,verification:SOURCES_LISTED,D4,NOT_STARTED,,NO,,
/evidence/VIS-PAYMENT-ANATOMY/,Evidence Record,ar,390,verification:SOURCES_LISTED,D4,NOT_STARTED,,NO,,
/evidence/VIS-PAYMENT-ANATOMY/,Evidence Record,ar,640,verification:SOURCES_LISTED,D4,NOT_STARTED,,NO,,
/evidence/VIS-PAYMENT-ANATOMY/,Evidence Record,ar,1440,verification:SOURCES_LISTED,D4,NOT_STARTED,,NO,,
/evidence/VIS-PAYMENT-RAILS/,Evidence Record,en,320,verification:SOURCES_LISTED,D4,NOT_STARTED,,NO,,
/evidence/VIS-PAYMENT-RAILS/,Evidence Record,en,390,verification:SOURCES_LISTED,D4,NOT_STARTED,,NO,,
/evidence/VIS-PAYMENT-RAILS/,Evidence Record,en,640,verification:SOURCES_LISTED,D4,NOT_STARTED,,NO,,
/evidence/VIS-PAYMENT-RAILS/,Evidence Record,en,1440,verification:SOURCES_LISTED,D4,NOT_STARTED,,NO,,
/evidence/VIS-PAYMENT-RAILS/,Evidence Record,ar,320,verification:SOURCES_LISTED,D4,NOT_STARTED,,NO,,
/evidence/VIS-PAYMENT-RAILS/,Evidence Record,ar,390,verification:SOURCES_LISTED,D4,NOT_STARTED,,NO,,
/evidence/VIS-PAYMENT-RAILS/,Evidence Record,ar,640,verification:SOURCES_LISTED,D4,NOT_STARTED,,NO,,
/evidence/VIS-PAYMENT-RAILS/,Evidence Record,ar,1440,verification:SOURCES_LISTED,D4,NOT_STARTED,,NO,,
/evidence/VIS-POS-TERMINALS/,Evidence Record,en,320,verification:SOURCES_LISTED,D4,NOT_STARTED,,NO,,
/evidence/VIS-POS-TERMINALS/,Evidence Record,en,390,verification:SOURCES_LISTED,D4,NOT_STARTED,,NO,,
/evidence/VIS-POS-TERMINALS/,Evidence Record,en,640,verification:SOURCES_LISTED,D4,NOT_STARTED,,NO,,
/evidence/VIS-POS-TERMINALS/,Evidence Record,en,1440,verification:SOURCES_LISTED,D4,NOT_STARTED,,NO,,
/evidence/VIS-POS-TERMINALS/,Evidence Record,ar,320,verification:SOURCES_LISTED,D4,NOT_STARTED,,NO,,
/evidence/VIS-POS-TERMINALS/,Evidence Record,ar,390,verification:SOURCES_LISTED,D4,NOT_STARTED,,NO,,
/evidence/VIS-POS-TERMINALS/,Evidence Record,ar,640,verification:SOURCES_LISTED,D4,NOT_STARTED,,NO,,
/evidence/VIS-POS-TERMINALS/,Evidence Record,ar,1440,verification:SOURCES_LISTED,D4,NOT_STARTED,,NO,,
/evidence/VIS-POS-TRANSACTIONS/,Evidence Record,en,320,verification:SOURCES_LISTED,D4,NOT_STARTED,,NO,,
/evidence/VIS-POS-TRANSACTIONS/,Evidence Record,en,390,verification:SOURCES_LISTED,D4,NOT_STARTED,,NO,,
/evidence/VIS-POS-TRANSACTIONS/,Evidence Record,en,640,verification:SOURCES_LISTED,D4,NOT_STARTED,,NO,,
/evidence/VIS-POS-TRANSACTIONS/,Evidence Record,en,1440,verification:SOURCES_LISTED,D4,NOT_STARTED,,NO,,
/evidence/VIS-POS-TRANSACTIONS/,Evidence Record,ar,320,verification:SOURCES_LISTED,D4,NOT_STARTED,,NO,,
/evidence/VIS-POS-TRANSACTIONS/,Evidence Record,ar,390,verification:SOURCES_LISTED,D4,NOT_STARTED,,NO,,
/evidence/VIS-POS-TRANSACTIONS/,Evidence Record,ar,640,verification:SOURCES_LISTED,D4,NOT_STARTED,,NO,,
/evidence/VIS-POS-TRANSACTIONS/,Evidence Record,ar,1440,verification:SOURCES_LISTED,D4,NOT_STARTED,,NO,,
/evidence/VIS-POS-VALUE/,Evidence Record,en,320,verification:SOURCES_LISTED,D4,NOT_STARTED,,NO,,
/evidence/VIS-POS-VALUE/,Evidence Record,en,390,verification:SOURCES_LISTED,D4,NOT_STARTED,,NO,,
/evidence/VIS-POS-VALUE/,Evidence Record,en,640,verification:SOURCES_LISTED,D4,NOT_STARTED,,NO,,
/evidence/VIS-POS-VALUE/,Evidence Record,en,1440,verification:SOURCES_LISTED,D4,NOT_STARTED,,NO,,
/evidence/VIS-POS-VALUE/,Evidence Record,ar,320,verification:SOURCES_LISTED,D4,NOT_STARTED,,NO,,
/evidence/VIS-POS-VALUE/,Evidence Record,ar,390,verification:SOURCES_LISTED,D4,NOT_STARTED,,NO,,
/evidence/VIS-POS-VALUE/,Evidence Record,ar,640,verification:SOURCES_LISTED,D4,NOT_STARTED,,NO,,
/evidence/VIS-POS-VALUE/,Evidence Record,ar,1440,verification:SOURCES_LISTED,D4,NOT_STARTED,,NO,,
/evidence/VIS-PROVIDER-OBSERVABILITY/,Evidence Record,en,320,verification:COMPOSITE_MEMBERS_NOT_LISTED,D4,NOT_STARTED,,NO,,
/evidence/VIS-PROVIDER-OBSERVABILITY/,Evidence Record,en,390,verification:COMPOSITE_MEMBERS_NOT_LISTED,D4,NOT_STARTED,,NO,,
/evidence/VIS-PROVIDER-OBSERVABILITY/,Evidence Record,en,640,verification:COMPOSITE_MEMBERS_NOT_LISTED,D4,NOT_STARTED,,NO,,
/evidence/VIS-PROVIDER-OBSERVABILITY/,Evidence Record,en,1440,verification:COMPOSITE_MEMBERS_NOT_LISTED,D4,NOT_STARTED,,NO,,
/evidence/VIS-PROVIDER-OBSERVABILITY/,Evidence Record,ar,320,verification:COMPOSITE_MEMBERS_NOT_LISTED,D4,NOT_STARTED,,NO,,
/evidence/VIS-PROVIDER-OBSERVABILITY/,Evidence Record,ar,390,verification:COMPOSITE_MEMBERS_NOT_LISTED,D4,NOT_STARTED,,NO,,
/evidence/VIS-PROVIDER-OBSERVABILITY/,Evidence Record,ar,640,verification:COMPOSITE_MEMBERS_NOT_LISTED,D4,NOT_STARTED,,NO,,
/evidence/VIS-PROVIDER-OBSERVABILITY/,Evidence Record,ar,1440,verification:COMPOSITE_MEMBERS_NOT_LISTED,D4,NOT_STARTED,,NO,,
/evidence/VIS-PROVIDER-TIME/,Evidence Record,en,320,verification:COMPOSITE_OF_OBJECTS,D4,NOT_STARTED,,NO,,
/evidence/VIS-PROVIDER-TIME/,Evidence Record,en,390,verification:COMPOSITE_OF_OBJECTS,D4,NOT_STARTED,,NO,,
/evidence/VIS-PROVIDER-TIME/,Evidence Record,en,640,verification:COMPOSITE_OF_OBJECTS,D4,NOT_STARTED,,NO,,
/evidence/VIS-PROVIDER-TIME/,Evidence Record,en,1440,verification:COMPOSITE_OF_OBJECTS,D4,NOT_STARTED,,NO,,
/evidence/VIS-PROVIDER-TIME/,Evidence Record,ar,320,verification:COMPOSITE_OF_OBJECTS,D4,NOT_STARTED,,NO,,
/evidence/VIS-PROVIDER-TIME/,Evidence Record,ar,390,verification:COMPOSITE_OF_OBJECTS,D4,NOT_STARTED,,NO,,
/evidence/VIS-PROVIDER-TIME/,Evidence Record,ar,640,verification:COMPOSITE_OF_OBJECTS,D4,NOT_STARTED,,NO,,
/evidence/VIS-PROVIDER-TIME/,Evidence Record,ar,1440,verification:COMPOSITE_OF_OBJECTS,D4,NOT_STARTED,,NO,,
/evidence/VIS-REMITTANCE-COST/,Evidence Record,en,320,verification:SOURCES_LISTED,D4,NOT_STARTED,,NO,,
/evidence/VIS-REMITTANCE-COST/,Evidence Record,en,390,verification:SOURCES_LISTED,D4,NOT_STARTED,,NO,,
/evidence/VIS-REMITTANCE-COST/,Evidence Record,en,640,verification:SOURCES_LISTED,D4,NOT_STARTED,,NO,,
/evidence/VIS-REMITTANCE-COST/,Evidence Record,en,1440,verification:SOURCES_LISTED,D4,NOT_STARTED,,NO,,
/evidence/VIS-REMITTANCE-COST/,Evidence Record,ar,320,verification:SOURCES_LISTED,D4,NOT_STARTED,,NO,,
/evidence/VIS-REMITTANCE-COST/,Evidence Record,ar,390,verification:SOURCES_LISTED,D4,NOT_STARTED,,NO,,
/evidence/VIS-REMITTANCE-COST/,Evidence Record,ar,640,verification:SOURCES_LISTED,D4,NOT_STARTED,,NO,,
/evidence/VIS-REMITTANCE-COST/,Evidence Record,ar,1440,verification:SOURCES_LISTED,D4,NOT_STARTED,,NO,,
/evidence/VIS-REMITTANCE-MACRO/,Evidence Record,en,320,verification:SOURCES_LISTED,D4,NOT_STARTED,,NO,,
/evidence/VIS-REMITTANCE-MACRO/,Evidence Record,en,390,verification:SOURCES_LISTED,D4,NOT_STARTED,,NO,,
/evidence/VIS-REMITTANCE-MACRO/,Evidence Record,en,640,verification:SOURCES_LISTED,D4,NOT_STARTED,,NO,,
/evidence/VIS-REMITTANCE-MACRO/,Evidence Record,en,1440,verification:SOURCES_LISTED,D4,NOT_STARTED,,NO,,
/evidence/VIS-REMITTANCE-MACRO/,Evidence Record,ar,320,verification:SOURCES_LISTED,D4,NOT_STARTED,,NO,,
/evidence/VIS-REMITTANCE-MACRO/,Evidence Record,ar,390,verification:SOURCES_LISTED,D4,NOT_STARTED,,NO,,
/evidence/VIS-REMITTANCE-MACRO/,Evidence Record,ar,640,verification:SOURCES_LISTED,D4,NOT_STARTED,,NO,,
/evidence/VIS-REMITTANCE-MACRO/,Evidence Record,ar,1440,verification:SOURCES_LISTED,D4,NOT_STARTED,,NO,,
/evidence/VIS-SOURCE-COMPARISON/,Evidence Record,en,320,verification:COMPOSITE_MEMBERS_NOT_LISTED,D4,NOT_STARTED,,NO,,
/evidence/VIS-SOURCE-COMPARISON/,Evidence Record,en,390,verification:COMPOSITE_MEMBERS_NOT_LISTED,D4,NOT_STARTED,,NO,,
/evidence/VIS-SOURCE-COMPARISON/,Evidence Record,en,640,verification:COMPOSITE_MEMBERS_NOT_LISTED,D4,NOT_STARTED,,NO,,
/evidence/VIS-SOURCE-COMPARISON/,Evidence Record,en,1440,verification:COMPOSITE_MEMBERS_NOT_LISTED,D4,NOT_STARTED,,NO,,
/evidence/VIS-SOURCE-COMPARISON/,Evidence Record,ar,320,verification:COMPOSITE_MEMBERS_NOT_LISTED,D4,NOT_STARTED,,NO,,
/evidence/VIS-SOURCE-COMPARISON/,Evidence Record,ar,390,verification:COMPOSITE_MEMBERS_NOT_LISTED,D4,NOT_STARTED,,NO,,
/evidence/VIS-SOURCE-COMPARISON/,Evidence Record,ar,640,verification:COMPOSITE_MEMBERS_NOT_LISTED,D4,NOT_STARTED,,NO,,
/evidence/VIS-SOURCE-COMPARISON/,Evidence Record,ar,1440,verification:COMPOSITE_MEMBERS_NOT_LISTED,D4,NOT_STARTED,,NO,,
/evidence/VIS-TARGET-RESULT-STATE/,Evidence Record,en,320,verification:SOURCES_LISTED,D4,NOT_STARTED,,NO,,
/evidence/VIS-TARGET-RESULT-STATE/,Evidence Record,en,390,verification:SOURCES_LISTED,D4,NOT_STARTED,,NO,,
/evidence/VIS-TARGET-RESULT-STATE/,Evidence Record,en,640,verification:SOURCES_LISTED,D4,NOT_STARTED,,NO,,
/evidence/VIS-TARGET-RESULT-STATE/,Evidence Record,en,1440,verification:SOURCES_LISTED,D4,NOT_STARTED,,NO,,
/evidence/VIS-TARGET-RESULT-STATE/,Evidence Record,ar,320,verification:SOURCES_LISTED,D4,NOT_STARTED,,NO,,
/evidence/VIS-TARGET-RESULT-STATE/,Evidence Record,ar,390,verification:SOURCES_LISTED,D4,NOT_STARTED,,NO,,
/evidence/VIS-TARGET-RESULT-STATE/,Evidence Record,ar,640,verification:SOURCES_LISTED,D4,NOT_STARTED,,NO,,
/evidence/VIS-TARGET-RESULT-STATE/,Evidence Record,ar,1440,verification:SOURCES_LISTED,D4,NOT_STARTED,,NO,,
/evidence/XW-FMIIP-005/,Evidence Record,en,320,verification:SOURCES_LISTED,D4,NOT_STARTED,,NO,,
/evidence/XW-FMIIP-005/,Evidence Record,en,390,verification:SOURCES_LISTED,D4,NOT_STARTED,,NO,,
/evidence/XW-FMIIP-005/,Evidence Record,en,640,verification:SOURCES_LISTED,D4,NOT_STARTED,,NO,,
/evidence/XW-FMIIP-005/,Evidence Record,en,1440,verification:SOURCES_LISTED,D4,NOT_STARTED,,NO,,
/evidence/XW-FMIIP-005/,Evidence Record,ar,320,verification:SOURCES_LISTED,D4,NOT_STARTED,,NO,,
/evidence/XW-FMIIP-005/,Evidence Record,ar,390,verification:SOURCES_LISTED,D4,NOT_STARTED,,NO,,
/evidence/XW-FMIIP-005/,Evidence Record,ar,640,verification:SOURCES_LISTED,D4,NOT_STARTED,,NO,,
/evidence/XW-FMIIP-005/,Evidence Record,ar,1440,verification:SOURCES_LISTED,D4,NOT_STARTED,,NO,,
/evidence/compare/,Comparison,en,320,compare_unlike,D2,NOT_STARTED,,NO,,
/evidence/compare/,Comparison,en,390,compare_unlike,D2,NOT_STARTED,,NO,,
/evidence/compare/,Comparison,en,640,compare_unlike,D2,NOT_STARTED,,NO,,
/evidence/compare/,Comparison,en,1440,compare_unlike,D2,NOT_STARTED,,NO,,
/evidence/compare/,Comparison,ar,320,compare_unlike,D2,NOT_STARTED,,NO,,
/evidence/compare/,Comparison,ar,390,compare_unlike,D2,NOT_STARTED,,NO,,
/evidence/compare/,Comparison,ar,640,compare_unlike,D2,NOT_STARTED,,NO,,
/evidence/compare/,Comparison,ar,1440,compare_unlike,D2,NOT_STARTED,,NO,,
/explore/,Question Entry,en,320,default,D2,NOT_STARTED,,NO,,
/explore/,Question Entry,en,390,default,D2,NOT_STARTED,,NO,,
/explore/,Question Entry,en,640,default,D2,NOT_STARTED,,NO,,
/explore/,Question Entry,en,1440,default,D2,NOT_STARTED,,NO,,
/explore/,Question Entry,ar,320,default,D2,NOT_STARTED,,NO,,
/explore/,Question Entry,ar,390,default,D2,NOT_STARTED,,NO,,
/explore/,Question Entry,ar,640,default,D2,NOT_STARTED,,NO,,
/explore/,Question Entry,ar,1440,default,D2,NOT_STARTED,,NO,,
/finance/,Domain Answer,en,320,default,D4,NOT_STARTED,,NO,,
/finance/,Domain Answer,en,390,default,D4,NOT_STARTED,,NO,,
/finance/,Domain Answer,en,640,default,D4,NOT_STARTED,,NO,,
/finance/,Domain Answer,en,1440,default,D4,NOT_STARTED,,NO,,
/finance/,Domain Answer,ar,320,default,D4,NOT_STARTED,,NO,,
/finance/,Domain Answer,ar,390,default,D4,NOT_STARTED,,NO,,
/finance/,Domain Answer,ar,640,default,D4,NOT_STARTED,,NO,,
/finance/,Domain Answer,ar,1440,default,D4,NOT_STARTED,,NO,,
/firms/,Domain Answer,en,320,default,D4,NOT_STARTED,,NO,,
/firms/,Domain Answer,en,390,default,D4,NOT_STARTED,,NO,,
/firms/,Domain Answer,en,640,default,D4,NOT_STARTED,,NO,,
/firms/,Domain Answer,en,1440,default,D4,NOT_STARTED,,NO,,
/firms/,Domain Answer,ar,320,default,D4,NOT_STARTED,,NO,,
/firms/,Domain Answer,ar,390,default,D4,NOT_STARTED,,NO,,
/firms/,Domain Answer,ar,640,default,D4,NOT_STARTED,,NO,,
/firms/,Domain Answer,ar,1440,default,D4,NOT_STARTED,,NO,,
/measurement/,Measurement,en,320,measurement_nonranking,D3,NOT_STARTED,,NO,,
/measurement/,Measurement,en,390,measurement_nonranking,D3,NOT_STARTED,,NO,,
/measurement/,Measurement,en,640,measurement_nonranking,D3,NOT_STARTED,,NO,,
/measurement/,Measurement,en,1440,measurement_nonranking,D3,NOT_STARTED,,NO,,
/measurement/,Measurement,ar,320,measurement_nonranking,D3,NOT_STARTED,,NO,,
/measurement/,Measurement,ar,390,measurement_nonranking,D3,NOT_STARTED,,NO,,
/measurement/,Measurement,ar,640,measurement_nonranking,D3,NOT_STARTED,,NO,,
/measurement/,Measurement,ar,1440,measurement_nonranking,D3,NOT_STARTED,,NO,,
/methodology/,Reference / Trust,en,320,default,D3,NOT_STARTED,,NO,,
/methodology/,Reference / Trust,en,390,default,D3,NOT_STARTED,,NO,,
/methodology/,Reference / Trust,en,640,default,D3,NOT_STARTED,,NO,,
/methodology/,Reference / Trust,en,1440,default,D3,NOT_STARTED,,NO,,
/methodology/,Reference / Trust,ar,320,default,D3,NOT_STARTED,,NO,,
/methodology/,Reference / Trust,ar,390,default,D3,NOT_STARTED,,NO,,
/methodology/,Reference / Trust,ar,640,default,D3,NOT_STARTED,,NO,,
/methodology/,Reference / Trust,ar,1440,default,D3,NOT_STARTED,,NO,,
/payments/,Domain Answer,en,320,institutional_sequence|mobile_rtl,D2,NOT_STARTED,,NO,,
/payments/,Domain Answer,en,390,institutional_sequence|mobile_rtl,D2,NOT_STARTED,,NO,,
/payments/,Domain Answer,en,640,institutional_sequence|mobile_rtl,D2,NOT_STARTED,,NO,,
/payments/,Domain Answer,en,1440,institutional_sequence|mobile_rtl,D2,NOT_STARTED,,NO,,
/payments/,Domain Answer,ar,320,institutional_sequence|mobile_rtl,D2,NOT_STARTED,,NO,,mobile_rtl hard state
/payments/,Domain Answer,ar,390,institutional_sequence|mobile_rtl,D2,NOT_STARTED,,NO,,mobile_rtl hard state
/payments/,Domain Answer,ar,640,institutional_sequence|mobile_rtl,D2,NOT_STARTED,,NO,,
/payments/,Domain Answer,ar,1440,institutional_sequence|mobile_rtl,D2,NOT_STARTED,,NO,,
/people/,Domain Answer,en,320,dense_domain,D2,NOT_STARTED,,NO,,
/people/,Domain Answer,en,390,dense_domain,D2,NOT_STARTED,,NO,,
/people/,Domain Answer,en,640,dense_domain,D2,NOT_STARTED,,NO,,
/people/,Domain Answer,en,1440,dense_domain,D2,NOT_STARTED,,NO,,
/people/,Domain Answer,ar,320,dense_domain,D2,NOT_STARTED,,NO,,
/people/,Domain Answer,ar,390,dense_domain,D2,NOT_STARTED,,NO,,
/people/,Domain Answer,ar,640,dense_domain,D2,NOT_STARTED,,NO,,
/people/,Domain Answer,ar,1440,dense_domain,D2,NOT_STARTED,,NO,,
/privacy/,Reference / Trust,en,320,default,D3,NOT_STARTED,,NO,,
/privacy/,Reference / Trust,en,390,default,D3,NOT_STARTED,,NO,,
/privacy/,Reference / Trust,en,640,default,D3,NOT_STARTED,,NO,,
/privacy/,Reference / Trust,en,1440,default,D3,NOT_STARTED,,NO,,
/privacy/,Reference / Trust,ar,320,default,D3,NOT_STARTED,,NO,,
/privacy/,Reference / Trust,ar,390,default,D3,NOT_STARTED,,NO,,
/privacy/,Reference / Trust,ar,640,default,D3,NOT_STARTED,,NO,,
/privacy/,Reference / Trust,ar,1440,default,D3,NOT_STARTED,,NO,,
/providers/,Domain Answer,en,320,default,D4,NOT_STARTED,,NO,,
/providers/,Domain Answer,en,390,default,D4,NOT_STARTED,,NO,,
/providers/,Domain Answer,en,640,default,D4,NOT_STARTED,,NO,,
/providers/,Domain Answer,en,1440,default,D4,NOT_STARTED,,NO,,
/providers/,Domain Answer,ar,320,default,D4,NOT_STARTED,,NO,,
/providers/,Domain Answer,ar,390,default,D4,NOT_STARTED,,NO,,
/providers/,Domain Answer,ar,640,default,D4,NOT_STARTED,,NO,,
/providers/,Domain Answer,ar,1440,default,D4,NOT_STARTED,,NO,,
/readings/,Reading Index,en,320,default,D3,NOT_STARTED,,NO,,
/readings/,Reading Index,en,390,default,D3,NOT_STARTED,,NO,,
/readings/,Reading Index,en,640,default,D3,NOT_STARTED,,NO,,
/readings/,Reading Index,en,1440,default,D3,NOT_STARTED,,NO,,
/readings/,Reading Index,ar,320,default,D3,NOT_STARTED,,NO,,
/readings/,Reading Index,ar,390,default,D3,NOT_STARTED,,NO,,
/readings/,Reading Index,ar,640,default,D3,NOT_STARTED,,NO,,
/readings/,Reading Index,ar,1440,default,D3,NOT_STARTED,,NO,,
/readings/after-transfer-persistence/,Reading,en,320,default,D3,NOT_STARTED,,NO,,
/readings/after-transfer-persistence/,Reading,en,390,default,D3,NOT_STARTED,,NO,,
/readings/after-transfer-persistence/,Reading,en,640,default,D3,NOT_STARTED,,NO,,
/readings/after-transfer-persistence/,Reading,en,1440,default,D3,NOT_STARTED,,NO,,
/readings/after-transfer-persistence/,Reading,ar,320,default,D3,NOT_STARTED,,NO,,
/readings/after-transfer-persistence/,Reading,ar,390,default,D3,NOT_STARTED,,NO,,
/readings/after-transfer-persistence/,Reading,ar,640,default,D3,NOT_STARTED,,NO,,
/readings/after-transfer-persistence/,Reading,ar,1440,default,D3,NOT_STARTED,,NO,,
/readings/banking-jump-measurement-basis/,Reading,en,320,default,D3,NOT_STARTED,,NO,,
/readings/banking-jump-measurement-basis/,Reading,en,390,default,D3,NOT_STARTED,,NO,,
/readings/banking-jump-measurement-basis/,Reading,en,640,default,D3,NOT_STARTED,,NO,,
/readings/banking-jump-measurement-basis/,Reading,en,1440,default,D3,NOT_STARTED,,NO,,
/readings/banking-jump-measurement-basis/,Reading,ar,320,default,D3,NOT_STARTED,,NO,,
/readings/banking-jump-measurement-basis/,Reading,ar,390,default,D3,NOT_STARTED,,NO,,
/readings/banking-jump-measurement-basis/,Reading,ar,640,default,D3,NOT_STARTED,,NO,,
/readings/banking-jump-measurement-basis/,Reading,ar,1440,default,D3,NOT_STARTED,,NO,,
/readings/define-what-you-count/,Reading,en,320,default,D3,NOT_STARTED,,NO,,
/readings/define-what-you-count/,Reading,en,390,default,D3,NOT_STARTED,,NO,,
/readings/define-what-you-count/,Reading,en,640,default,D3,NOT_STARTED,,NO,,
/readings/define-what-you-count/,Reading,en,1440,default,D3,NOT_STARTED,,NO,,
/readings/define-what-you-count/,Reading,ar,320,default,D3,NOT_STARTED,,NO,,
/readings/define-what-you-count/,Reading,ar,390,default,D3,NOT_STARTED,,NO,,
/readings/define-what-you-count/,Reading,ar,640,default,D3,NOT_STARTED,,NO,,
/readings/define-what-you-count/,Reading,ar,1440,default,D3,NOT_STARTED,,NO,,
/readings/digital-workaround-not-yet-durable-inclusion/,Reading,en,320,default,D3,NOT_STARTED,,NO,,
/readings/digital-workaround-not-yet-durable-inclusion/,Reading,en,390,default,D3,NOT_STARTED,,NO,,
/readings/digital-workaround-not-yet-durable-inclusion/,Reading,en,640,default,D3,NOT_STARTED,,NO,,
/readings/digital-workaround-not-yet-durable-inclusion/,Reading,en,1440,default,D3,NOT_STARTED,,NO,,
/readings/digital-workaround-not-yet-durable-inclusion/,Reading,ar,320,default,D3,NOT_STARTED,,NO,,
/readings/digital-workaround-not-yet-durable-inclusion/,Reading,ar,390,default,D3,NOT_STARTED,,NO,,
/readings/digital-workaround-not-yet-durable-inclusion/,Reading,ar,640,default,D3,NOT_STARTED,,NO,,
/readings/digital-workaround-not-yet-durable-inclusion/,Reading,ar,1440,default,D3,NOT_STARTED,,NO,,
/readings/finance-constraint-different-questions/,Reading,en,320,default,D3,NOT_STARTED,,NO,,
/readings/finance-constraint-different-questions/,Reading,en,390,default,D3,NOT_STARTED,,NO,,
/readings/finance-constraint-different-questions/,Reading,en,640,default,D3,NOT_STARTED,,NO,,
/readings/finance-constraint-different-questions/,Reading,en,1440,default,D3,NOT_STARTED,,NO,,
/readings/finance-constraint-different-questions/,Reading,ar,320,default,D3,NOT_STARTED,,NO,,
/readings/finance-constraint-different-questions/,Reading,ar,390,default,D3,NOT_STARTED,,NO,,
/readings/finance-constraint-different-questions/,Reading,ar,640,default,D3,NOT_STARTED,,NO,,
/readings/finance-constraint-different-questions/,Reading,ar,1440,default,D3,NOT_STARTED,,NO,,
/readings/from-rail-to-result-missing-middle/,Reading,en,320,default,D3,NOT_STARTED,,NO,,
/readings/from-rail-to-result-missing-middle/,Reading,en,390,default,D3,NOT_STARTED,,NO,,
/readings/from-rail-to-result-missing-middle/,Reading,en,640,default,D3,NOT_STARTED,,NO,,
/readings/from-rail-to-result-missing-middle/,Reading,en,1440,default,D3,NOT_STARTED,,NO,,
/readings/from-rail-to-result-missing-middle/,Reading,ar,320,default,D3,NOT_STARTED,,NO,,
/readings/from-rail-to-result-missing-middle/,Reading,ar,390,default,D3,NOT_STARTED,,NO,,
/readings/from-rail-to-result-missing-middle/,Reading,ar,640,default,D3,NOT_STARTED,,NO,,
/readings/from-rail-to-result-missing-middle/,Reading,ar,1440,default,D3,NOT_STARTED,,NO,,
/readings/gender-gap-measured-causes-open/,Reading,en,320,default,D3,NOT_STARTED,,NO,,
/readings/gender-gap-measured-causes-open/,Reading,en,390,default,D3,NOT_STARTED,,NO,,
/readings/gender-gap-measured-causes-open/,Reading,en,640,default,D3,NOT_STARTED,,NO,,
/readings/gender-gap-measured-causes-open/,Reading,en,1440,default,D3,NOT_STARTED,,NO,,
/readings/gender-gap-measured-causes-open/,Reading,ar,320,default,D3,NOT_STARTED,,NO,,
/readings/gender-gap-measured-causes-open/,Reading,ar,390,default,D3,NOT_STARTED,,NO,,
/readings/gender-gap-measured-causes-open/,Reading,ar,640,default,D3,NOT_STARTED,,NO,,
/readings/gender-gap-measured-causes-open/,Reading,ar,1440,default,D3,NOT_STARTED,,NO,,
/readings/microfinance-structural-divergence/,Reading,en,320,default,D3,NOT_STARTED,,NO,,
/readings/microfinance-structural-divergence/,Reading,en,390,default,D3,NOT_STARTED,,NO,,
/readings/microfinance-structural-divergence/,Reading,en,640,default,D3,NOT_STARTED,,NO,,
/readings/microfinance-structural-divergence/,Reading,en,1440,default,D3,NOT_STARTED,,NO,,
/readings/microfinance-structural-divergence/,Reading,ar,320,default,D3,NOT_STARTED,,NO,,
/readings/microfinance-structural-divergence/,Reading,ar,390,default,D3,NOT_STARTED,,NO,,
/readings/microfinance-structural-divergence/,Reading,ar,640,default,D3,NOT_STARTED,,NO,,
/readings/microfinance-structural-divergence/,Reading,ar,1440,default,D3,NOT_STARTED,,NO,,
/readings/reforms-newer-than-people-evidence/,Reading,en,320,default,D3,NOT_STARTED,,NO,,
/readings/reforms-newer-than-people-evidence/,Reading,en,390,default,D3,NOT_STARTED,,NO,,
/readings/reforms-newer-than-people-evidence/,Reading,en,640,default,D3,NOT_STARTED,,NO,,
/readings/reforms-newer-than-people-evidence/,Reading,en,1440,default,D3,NOT_STARTED,,NO,,
/readings/reforms-newer-than-people-evidence/,Reading,ar,320,default,D3,NOT_STARTED,,NO,,
/readings/reforms-newer-than-people-evidence/,Reading,ar,390,default,D3,NOT_STARTED,,NO,,
/readings/reforms-newer-than-people-evidence/,Reading,ar,640,default,D3,NOT_STARTED,,NO,,
/readings/reforms-newer-than-people-evidence/,Reading,ar,1440,default,D3,NOT_STARTED,,NO,,
/readings/same-year-different-number/,Reading,en,320,reading_longform,D1,DESIGNED,,NO,"T4 Instrument converged (00_DESIGN_README DL-D1-006; 01_FOUNDATIONS §3); composed on the canvas (v5) with governed content in both languages and inspected at 320/360/390/430/640/768/1024/1280/1440 px with no page overflow; not yet BUILT in design/reference",D1 stress trio
/readings/same-year-different-number/,Reading,en,390,reading_longform,D1,DESIGNED,,NO,"T4 Instrument converged (00_DESIGN_README DL-D1-006; 01_FOUNDATIONS §3); composed on the canvas (v5) with governed content in both languages and inspected at 320/360/390/430/640/768/1024/1280/1440 px with no page overflow; not yet BUILT in design/reference",D1 stress trio
/readings/same-year-different-number/,Reading,en,640,reading_longform,D1,DESIGNED,,NO,"T4 Instrument converged (00_DESIGN_README DL-D1-006; 01_FOUNDATIONS §3); composed on the canvas (v5) with governed content in both languages and inspected at 320/360/390/430/640/768/1024/1280/1440 px with no page overflow; not yet BUILT in design/reference",D1 stress trio
/readings/same-year-different-number/,Reading,en,1440,reading_longform,D1,DESIGNED,,NO,"T4 Instrument converged (00_DESIGN_README DL-D1-006; 01_FOUNDATIONS §3); composed on the canvas (v5) with governed content in both languages and inspected at 320/360/390/430/640/768/1024/1280/1440 px with no page overflow; not yet BUILT in design/reference",D1 stress trio
/readings/same-year-different-number/,Reading,ar,320,reading_longform,D1,DESIGNED,,NO,"T4 Instrument converged (00_DESIGN_README DL-D1-006; 01_FOUNDATIONS §3); composed on the canvas (v5) with governed content in both languages and inspected at 320/360/390/430/640/768/1024/1280/1440 px with no page overflow; not yet BUILT in design/reference",D1 stress trio
/readings/same-year-different-number/,Reading,ar,390,reading_longform,D1,DESIGNED,,NO,"T4 Instrument converged (00_DESIGN_README DL-D1-006; 01_FOUNDATIONS §3); composed on the canvas (v5) with governed content in both languages and inspected at 320/360/390/430/640/768/1024/1280/1440 px with no page overflow; not yet BUILT in design/reference",D1 stress trio
/readings/same-year-different-number/,Reading,ar,640,reading_longform,D1,DESIGNED,,NO,"T4 Instrument converged (00_DESIGN_README DL-D1-006; 01_FOUNDATIONS §3); composed on the canvas (v5) with governed content in both languages and inspected at 320/360/390/430/640/768/1024/1280/1440 px with no page overflow; not yet BUILT in design/reference",D1 stress trio
/readings/same-year-different-number/,Reading,ar,1440,reading_longform,D1,DESIGNED,,NO,"T4 Instrument converged (00_DESIGN_README DL-D1-006; 01_FOUNDATIONS §3); composed on the canvas (v5) with governed content in both languages and inspected at 320/360/390/430/640/768/1024/1280/1440 px with no page overflow; not yet BUILT in design/reference",D1 stress trio
/reforms/,Domain Answer,en,320,default,D2,NOT_STARTED,,NO,,
/reforms/,Domain Answer,en,390,default,D2,NOT_STARTED,,NO,,
/reforms/,Domain Answer,en,640,default,D2,NOT_STARTED,,NO,,
/reforms/,Domain Answer,en,1440,default,D2,NOT_STARTED,,NO,,
/reforms/,Domain Answer,ar,320,default,D2,NOT_STARTED,,NO,,
/reforms/,Domain Answer,ar,390,default,D2,NOT_STARTED,,NO,,
/reforms/,Domain Answer,ar,640,default,D2,NOT_STARTED,,NO,,
/reforms/,Domain Answer,ar,1440,default,D2,NOT_STARTED,,NO,,
/remittances/,Domain Answer,en,320,vintage_conflict,D2,NOT_STARTED,,NO,,
/remittances/,Domain Answer,en,390,vintage_conflict,D2,NOT_STARTED,,NO,,
/remittances/,Domain Answer,en,640,vintage_conflict,D2,NOT_STARTED,,NO,,
/remittances/,Domain Answer,en,1440,vintage_conflict,D2,NOT_STARTED,,NO,,
/remittances/,Domain Answer,ar,320,vintage_conflict,D2,NOT_STARTED,,NO,,
/remittances/,Domain Answer,ar,390,vintage_conflict,D2,NOT_STARTED,,NO,,
/remittances/,Domain Answer,ar,640,vintage_conflict,D2,NOT_STARTED,,NO,,
/remittances/,Domain Answer,ar,1440,vintage_conflict,D2,NOT_STARTED,,NO,,
/rights/,Reference / Trust,en,320,default,D3,NOT_STARTED,,NO,,
/rights/,Reference / Trust,en,390,default,D3,NOT_STARTED,,NO,,
/rights/,Reference / Trust,en,640,default,D3,NOT_STARTED,,NO,,
/rights/,Reference / Trust,en,1440,default,D3,NOT_STARTED,,NO,,
/rights/,Reference / Trust,ar,320,default,D3,NOT_STARTED,,NO,,
/rights/,Reference / Trust,ar,390,default,D3,NOT_STARTED,,NO,,
/rights/,Reference / Trust,ar,640,default,D3,NOT_STARTED,,NO,,
/rights/,Reference / Trust,ar,1440,default,D3,NOT_STARTED,,NO,,
/terms/,Reference / Trust,en,320,default,D3,NOT_STARTED,,NO,,
/terms/,Reference / Trust,en,390,default,D3,NOT_STARTED,,NO,,
/terms/,Reference / Trust,en,640,default,D3,NOT_STARTED,,NO,,
/terms/,Reference / Trust,en,1440,default,D3,NOT_STARTED,,NO,,
/terms/,Reference / Trust,ar,320,default,D3,NOT_STARTED,,NO,,
/terms/,Reference / Trust,ar,390,default,D3,NOT_STARTED,,NO,,
/terms/,Reference / Trust,ar,640,default,D3,NOT_STARTED,,NO,,
/terms/,Reference / Trust,ar,1440,default,D3,NOT_STARTED,,NO,,
/404.html,Technical,en,320,not_found,D3,NOT_STARTED,,NO,,Bilingual 404
/404.html,Technical,en,390,not_found,D3,NOT_STARTED,,NO,,Bilingual 404
/404.html,Technical,en,640,not_found,D3,NOT_STARTED,,NO,,Bilingual 404
/404.html,Technical,en,1440,not_found,D3,NOT_STARTED,,NO,,Bilingual 404
/404.html,Technical,ar,320,not_found,D3,NOT_STARTED,,NO,,Bilingual 404
/404.html,Technical,ar,390,not_found,D3,NOT_STARTED,,NO,,Bilingual 404
/404.html,Technical,ar,640,not_found,D3,NOT_STARTED,,NO,,Bilingual 404
/404.html,Technical,ar,1440,not_found,D3,NOT_STARTED,,NO,,Bilingual 404
/people/,Domain Answer,en,all,hard:dense_domain,D2,NOT_STARTED,,NO,,High evidence density remains scannable; survey wave/fieldwork/universe/limitation are not detached from the headline figure.
/people/,Domain Answer,ar,all,hard:dense_domain,D2,NOT_STARTED,,NO,,High evidence density remains scannable; survey wave/fieldwork/universe/limitation are not detached from the headline figure.
/access/,Domain Answer,en,all,hard:sparse_unknown,D2,NOT_STARTED,,NO,,"Unknown geography is visibly unknown, not rendered as zero or an empty-map implication."
/access/,Domain Answer,ar,all,hard:sparse_unknown,D2,NOT_STARTED,,NO,,"Unknown geography is visibly unknown, not rendered as zero or an empty-map implication."
/payments/,Domain Answer,en,all,hard:institutional_sequence,D2,NOT_STARTED,,NO,,"FPS, RTGS, institution-building, implementation, operation, use and outcome are visually distinct states; /payments/ carries FPS, RTGS and institution-building, and /reforms/ carries the rule-to-outcome chain (VIS-PAYMENT-RAILS)."
/payments/,Domain Answer,ar,all,hard:institutional_sequence,D2,NOT_STARTED,,NO,,"FPS, RTGS, institution-building, implementation, operation, use and outcome are visually distinct states; /payments/ carries FPS, RTGS and institution-building, and /reforms/ carries the rule-to-outcome chain (VIS-PAYMENT-RAILS)."
/remittances/,Domain Answer,en,all,hard:vintage_conflict,D2,NOT_STARTED,,NO,,"Observed, estimated and projected states and the break between vintages are visually legible without selecting a winner; the same-year revision itself is drawn in the Reading /remittances/ links to (RV-CWR-001)."
/remittances/,Domain Answer,ar,all,hard:vintage_conflict,D2,NOT_STARTED,,NO,,"Observed, estimated and projected states and the break between vintages are visually legible without selecting a winner; the same-year revision itself is drawn in the Reading /remittances/ links to (RV-CWR-001)."
/evidence/CLM-003/,Evidence Record,en,all,hard:verification_dense,D1,DESIGNED,,NO,"T4 Instrument converged (00_DESIGN_README DL-D1-006; 01_FOUNDATIONS §3); composed on the canvas (v5) with governed content in both languages and inspected at 320/360/390/430/640/768/1024/1280/1440 px with no page overflow; not yet BUILT in design/reference",Raw totals and source-displayed percentages can coexist with the discrepancy visible and the limitation prominent.
/evidence/CLM-003/,Evidence Record,ar,all,hard:verification_dense,D1,DESIGNED,,NO,"T4 Instrument converged (00_DESIGN_README DL-D1-006; 01_FOUNDATIONS §3); composed on the canvas (v5) with governed content in both languages and inspected at 320/360/390/430/640/768/1024/1280/1440 px with no page overflow; not yet BUILT in design/reference",Raw totals and source-displayed percentages can coexist with the discrepancy visible and the limitation prominent.
/evidence/CLM-004/,Evidence Record,en,all,hard:verification_sparse,D2,NOT_STARTED,,NO,,"A framing record that sets a measurement rule, with no fact to source and so no source expected, is not styled as missing evidence or an error."
/evidence/CLM-004/,Evidence Record,ar,all,hard:verification_sparse,D2,NOT_STARTED,,NO,,"A framing record that sets a measurement rule, with no fact to source and so no source expected, is not styled as missing evidence or an error."
/evidence/compare/,Comparison,en,all,hard:compare_unlike,D2,NOT_STARTED,,NO,,The UI prevents visual pressure to compare unlike units/universes and makes the boundary the first conclusion.
/evidence/compare/,Comparison,ar,all,hard:compare_unlike,D2,NOT_STARTED,,NO,,The UI prevents visual pressure to compare unlike units/universes and makes the boundary the first conclusion.
/data/,Data & Source,en,all,hard:source_scale,D2,NOT_STARTED,,NO,,"All source records remain discoverable without a wall-of-links interface; the curated resource cards are visibly curated, not a separate authority."
/data/,Data & Source,ar,all,hard:source_scale,D2,NOT_STARTED,,NO,,"All source records remain discoverable without a wall-of-links interface; the curated resource cards are visibly curated, not a separate authority."
/readings/same-year-different-number/,Reading,en,all,hard:reading_longform,D1,DESIGNED,,NO,"T4 Instrument converged (00_DESIGN_README DL-D1-006; 01_FOUNDATIONS §3); composed on the canvas (v5) with governed content in both languages and inspected at 320/360/390/430/640/768/1024/1280/1440 px with no page overflow; not yet BUILT in design/reference", readable and directly traceable to verification records."
/readings/same-year-different-number/,Reading,ar,all,hard:reading_longform,D1,DESIGNED,,NO,"T4 Instrument converged (00_DESIGN_README DL-D1-006; 01_FOUNDATIONS §3); composed on the canvas (v5) with governed content in both languages and inspected at 320/360/390/430/640/768/1024/1280/1440 px with no page overflow; not yet BUILT in design/reference", readable and directly traceable to verification records."
/measurement/,Measurement,en,all,hard:measurement_nonranking,D3,NOT_STARTED,,NO,,"P0/P1 reads as evidence-sequencing within this agenda, never as national policy or spending priority."
/measurement/,Measurement,ar,all,hard:measurement_nonranking,D3,NOT_STARTED,,NO,,"P0/P1 reads as evidence-sequencing within this agenda, never as national policy or spending priority."
/about/,Reference / Trust,en,all,hard:trust_plain_language,D3,NOT_STARTED,,NO,,"Purpose, CauseWay role, limits, source authority and correction are understandable without backend terminology."
/about/,Reference / Trust,ar,all,hard:trust_plain_language,D3,NOT_STARTED,,NO,,"Purpose, CauseWay role, limits, source authority and correction are understandable without backend terminology."
/ar/payments/,Domain Answer,en,all,hard:mobile_rtl,D2,NOT_STARTED,,NO,,"At 320–400px Arabic order, numeric/Latin isolation, tables, controls and verification path remain coherent."
/ar/payments/,Domain Answer,ar,all,hard:mobile_rtl,D2,NOT_STARTED,,NO,,"At 320–400px Arabic order, numeric/Latin isolation, tables, controls and verification path remain coherent."
/evidence/CLM-001/,Evidence Record,en,all,verification:SOURCES_LISTED,D2,NOT_STARTED,,NO,,"Original sources listed, each with its source record and original link · records: 90 records"
/evidence/CLM-001/,Evidence Record,ar,all,verification:SOURCES_LISTED,D2,NOT_STARTED,,NO,,"Original sources listed, each with its source record and original link · records: 90 records"
/evidence/CLM-045/,Evidence Record,en,all,verification:SOURCES_LISTED_SOME_WITHOUT_PUBLIC_LOCATOR,D2,NOT_STARTED,,NO,,Sources listed; a note says some bound sources have no public locator (never named) · records: CLM-045 DS-QUAL-EVIDENCE
/evidence/CLM-045/,Evidence Record,ar,all,verification:SOURCES_LISTED_SOME_WITHOUT_PUBLIC_LOCATOR,D2,NOT_STARTED,,NO,,Sources listed; a note says some bound sources have no public locator (never named) · records: CLM-045 DS-QUAL-EVIDENCE
/evidence/CLM-039/,Evidence Record,en,all,verification:PARTIALLY_RESOLVED,D2,NOT_STARTED,,NO,,"Sources listed, with the governed statement that some inputs are not yet linked to a source · records: CLM-039 CLM-046 CLM-056"
/evidence/CLM-039/,Evidence Record,ar,all,verification:PARTIALLY_RESOLVED,D2,NOT_STARTED,,NO,,"Sources listed, with the governed statement that some inputs are not yet linked to a source · records: CLM-039 CLM-046 CLM-056"
/evidence/CLM-031/,Evidence Record,en,all,verification:COMPOSITE_OF_OBJECTS,D2,NOT_STARTED,,NO,,"Member Evidence Records listed instead of sources, with the composite statement · records: CLM-031 DS-FINDEX-HISTORY-CROSSWALK VIS-DEMAND-VINTAGE-LADDER VIS-PROVIDER-TIME"
/evidence/CLM-031/,Evidence Record,ar,all,verification:COMPOSITE_OF_OBJECTS,D2,NOT_STARTED,,NO,,"Member Evidence Records listed instead of sources, with the composite statement · records: CLM-031 DS-FINDEX-HISTORY-CROSSWALK VIS-DEMAND-VINTAGE-LADDER VIS-PROVIDER-TIME"
/evidence/CLM-014/,Evidence Record,en,all,verification:COMPOSITE_MEMBERS_NOT_LISTED,D2,NOT_STARTED,,NO,,A view that summarises other evidence whose members are not listed: statement only · records: CLM-014 DS-DEMAND-VINTAGE-LENS VIS-EVIDENCE-CLASS-LADDER VIS-EVIDENCE-FRESHNESS VIS-EVIDENCE-GAPS VIS-INCLUSION-TRANSMISSION VIS-MECHANISM-METRIC-BRIDGE VIS-PROVIDER-OBSERVABILITY VIS-SOURCE-COMPARISON
/evidence/CLM-014/,Evidence Record,ar,all,verification:COMPOSITE_MEMBERS_NOT_LISTED,D2,NOT_STARTED,,NO,,A view that summarises other evidence whose members are not listed: statement only · records: CLM-014 DS-DEMAND-VINTAGE-LENS VIS-EVIDENCE-CLASS-LADDER VIS-EVIDENCE-FRESHNESS VIS-EVIDENCE-GAPS VIS-INCLUSION-TRANSMISSION VIS-MECHANISM-METRIC-BRIDGE VIS-PROVIDER-OBSERVABILITY VIS-SOURCE-COMPARISON
/evidence/CLM-004/,Evidence Record,en,all,verification:FRAMING_NO_FACT,D2,NOT_STARTED,,NO,,A framing rule with no fact: no source is expected; must not look like missing evidence · records: CLM-004
/evidence/CLM-004/,Evidence Record,ar,all,verification:FRAMING_NO_FACT,D2,NOT_STARTED,,NO,,A framing rule with no fact: no source is expected; must not look like missing evidence · records: CLM-004
(component catalogue),Evidence Record,en,all,verification:SOURCE_NOT_YET_BOUND,D5,NOT_STARTED,,NO,,No source bound yet: the governed unbound statement · records: none
(component catalogue),Evidence Record,ar,all,verification:SOURCE_NOT_YET_BOUND,D5,NOT_STARTED,,NO,,No source bound yet: the governed unbound statement · records: none
/evidence/CLM-044/,Evidence Record,en,all,verification:ORIGINAL_NOT_PUBLIC,D2,NOT_STARTED,,NO,,Bound to a source with no public locator: no link and no name; the value may be withheld · records: CLM-044
/evidence/CLM-044/,Evidence Record,ar,all,verification:ORIGINAL_NOT_PUBLIC,D2,NOT_STARTED,,NO,,Bound to a source with no public locator: no link and no name; the value may be withheld · records: CLM-044
(component catalogue),Evidence Record,en,all,verification:NO_SOURCE_RECORD,D5,NOT_STARTED,,NO,,No source record at all · records: none
(component catalogue),Evidence Record,ar,all,verification:NO_SOURCE_RECORD,D5,NOT_STARTED,,NO,,No source record at all · records: none
(visual grammar),Visuals,en,all,grammar:MEASURED,D1,NOT_STARTED,,NO,,"UI-VIS-STATE-MEASURED · grammar defined D1, drawn per contract D6"
(visual grammar),Visuals,ar,all,grammar:MEASURED,D1,NOT_STARTED,,NO,,"UI-VIS-STATE-MEASURED · grammar defined D1, drawn per contract D6"
(visual grammar),Visuals,en,all,grammar:REPORTED,D1,NOT_STARTED,,NO,,"UI-VIS-STATE-REPORTED · grammar defined D1, drawn per contract D6"
(visual grammar),Visuals,ar,all,grammar:REPORTED,D1,NOT_STARTED,,NO,,"UI-VIS-STATE-REPORTED · grammar defined D1, drawn per contract D6"
(visual grammar),Visuals,en,all,grammar:ADMINISTRATIVE,D1,NOT_STARTED,,NO,,"UI-VIS-STATE-ADMINISTRATIVE · grammar defined D1, drawn per contract D6"
(visual grammar),Visuals,ar,all,grammar:ADMINISTRATIVE,D1,NOT_STARTED,,NO,,"UI-VIS-STATE-ADMINISTRATIVE · grammar defined D1, drawn per contract D6"
(visual grammar),Visuals,en,all,grammar:DERIVED,D1,NOT_STARTED,,NO,,"UI-VIS-STATE-DERIVED · grammar defined D1, drawn per contract D6"
(visual grammar),Visuals,ar,all,grammar:DERIVED,D1,NOT_STARTED,,NO,,"UI-VIS-STATE-DERIVED · grammar defined D1, drawn per contract D6"
(visual grammar),Visuals,en,all,grammar:HISTORICAL,D1,NOT_STARTED,,NO,,"UI-VIS-STATE-HISTORICAL · grammar defined D1, drawn per contract D6"
(visual grammar),Visuals,ar,all,grammar:HISTORICAL,D1,NOT_STARTED,,NO,,"UI-VIS-STATE-HISTORICAL · grammar defined D1, drawn per contract D6"
(visual grammar),Visuals,en,all,grammar:PROGRAMME,D1,NOT_STARTED,,NO,,"UI-VIS-STATE-PROGRAMME · grammar defined D1, drawn per contract D6"
(visual grammar),Visuals,ar,all,grammar:PROGRAMME,D1,NOT_STARTED,,NO,,"UI-VIS-STATE-PROGRAMME · grammar defined D1, drawn per contract D6"
(visual grammar),Visuals,en,all,grammar:ESTIMATED,D1,NOT_STARTED,,NO,,"UI-VIS-STATE-ESTIMATED · grammar defined D1, drawn per contract D6"
(visual grammar),Visuals,ar,all,grammar:ESTIMATED,D1,NOT_STARTED,,NO,,"UI-VIS-STATE-ESTIMATED · grammar defined D1, drawn per contract D6"
(visual grammar),Visuals,en,all,grammar:PROJECTED,D1,NOT_STARTED,,NO,,"UI-VIS-STATE-PROJECTED · grammar defined D1, drawn per contract D6"
(visual grammar),Visuals,ar,all,grammar:PROJECTED,D1,NOT_STARTED,,NO,,"UI-VIS-STATE-PROJECTED · grammar defined D1, drawn per contract D6"
(visual grammar),Visuals,en,all,grammar:PARTIAL,D1,NOT_STARTED,,NO,,"UI-VIS-STATE-PARTIAL · grammar defined D1, drawn per contract D6"
(visual grammar),Visuals,ar,all,grammar:PARTIAL,D1,NOT_STARTED,,NO,,"UI-VIS-STATE-PARTIAL · grammar defined D1, drawn per contract D6"
(visual grammar),Visuals,en,all,grammar:UNKNOWN,D1,NOT_STARTED,,NO,,"UI-VIS-STATE-UNKNOWN · grammar defined D1, drawn per contract D6"
(visual grammar),Visuals,ar,all,grammar:UNKNOWN,D1,NOT_STARTED,,NO,,"UI-VIS-STATE-UNKNOWN · grammar defined D1, drawn per contract D6"
(visual grammar),Visuals,en,all,grammar:BREAK_VINTAGE,D1,NOT_STARTED,,NO,,"UI-VIS-BREAK-VINTAGE · grammar defined D1, drawn per contract D6"
(visual grammar),Visuals,ar,all,grammar:BREAK_VINTAGE,D1,NOT_STARTED,,NO,,"UI-VIS-BREAK-VINTAGE · grammar defined D1, drawn per contract D6"
(visual grammar),Visuals,en,all,grammar:BREAK_UNIVERSE,D1,NOT_STARTED,,NO,,"UI-VIS-BREAK-UNIVERSE · grammar defined D1, drawn per contract D6"
(visual grammar),Visuals,ar,all,grammar:BREAK_UNIVERSE,D1,NOT_STARTED,,NO,,"UI-VIS-BREAK-UNIVERSE · grammar defined D1, drawn per contract D6"
(visual grammar),Visuals,en,all,grammar:SAME_YEAR_REVISION,D1,NOT_STARTED,,NO,,"UI-VIS-SAME-YEAR-REVISION · grammar defined D1, drawn per contract D6"
(visual grammar),Visuals,ar,all,grammar:SAME_YEAR_REVISION,D1,NOT_STARTED,,NO,,"UI-VIS-SAME-YEAR-REVISION · grammar defined D1, drawn per contract D6"
(visual grammar),Visuals,en,all,grammar:MISSING,D1,NOT_STARTED,,NO,,"UI-VIS-MISSING · grammar defined D1, drawn per contract D6"
(visual grammar),Visuals,ar,all,grammar:MISSING,D1,NOT_STARTED,,NO,,"UI-VIS-MISSING · grammar defined D1, drawn per contract D6"
(visual grammar),Visuals,en,all,grammar:DISAGREEMENT,D1,NOT_STARTED,,NO,,"UI-VIS-DISAGREEMENT · grammar defined D1, drawn per contract D6"
(visual grammar),Visuals,ar,all,grammar:DISAGREEMENT,D1,NOT_STARTED,,NO,,"UI-VIS-DISAGREEMENT · grammar defined D1, drawn per contract D6"
(visual grammar),Visuals,en,all,grammar:TARGET,D1,NOT_STARTED,,NO,,"UI-VIS-TARGET · grammar defined D1, drawn per contract D6"
(visual grammar),Visuals,ar,all,grammar:TARGET,D1,NOT_STARTED,,NO,,"UI-VIS-TARGET · grammar defined D1, drawn per contract D6"
(visual grammar),Visuals,en,all,grammar:RESULT,D1,NOT_STARTED,,NO,,"UI-VIS-RESULT · grammar defined D1, drawn per contract D6"
(visual grammar),Visuals,ar,all,grammar:RESULT,D1,NOT_STARTED,,NO,,"UI-VIS-RESULT · grammar defined D1, drawn per contract D6"
(visual grammar),Visuals,en,all,grammar:NOT_COMPARABLE,D1,NOT_STARTED,,NO,,"UI-VIS-NOT-COMPARABLE · grammar defined D1, drawn per contract D6"
(visual grammar),Visuals,ar,all,grammar:NOT_COMPARABLE,D1,NOT_STARTED,,NO,,"UI-VIS-NOT-COMPARABLE · grammar defined D1, drawn per contract D6"
(visual grammar),Visuals,en,all,grammar:NOMINAL,D1,NOT_STARTED,,NO,,"UI-VIS-NOMINAL · grammar defined D1, drawn per contract D6"
(visual grammar),Visuals,ar,all,grammar:NOMINAL,D1,NOT_STARTED,,NO,,"UI-VIS-NOMINAL · grammar defined D1, drawn per contract D6"
(visual grammar),Visuals,en,all,grammar:WITHHELD,D1,NOT_STARTED,,NO,,"UI-VIS-WITHHELD · grammar defined D1, drawn per contract D6"
(visual grammar),Visuals,ar,all,grammar:WITHHELD,D1,NOT_STARTED,,NO,,"UI-VIS-WITHHELD · grammar defined D1, drawn per contract D6"
(visual contract),Visuals,en,all,visual:CORE_ANALYTICAL:RV-CWR-004,D6,NOT_STARTED,,NO,,
(visual contract),Visuals,ar,all,visual:CORE_ANALYTICAL:RV-CWR-004,D6,NOT_STARTED,,NO,,
(visual contract),Visuals,en,all,visual:CORE_ANALYTICAL:VIS-FINDEX-GAPS,D6,NOT_STARTED,,NO,,
(visual contract),Visuals,ar,all,visual:CORE_ANALYTICAL:VIS-FINDEX-GAPS,D6,NOT_STARTED,,NO,,
(visual contract),Visuals,en,all,visual:CORE_ANALYTICAL:VIS-FIRM-CONSTRAINTS,D6,NOT_STARTED,,NO,,
(visual contract),Visuals,ar,all,visual:CORE_ANALYTICAL:VIS-FIRM-CONSTRAINTS,D6,NOT_STARTED,,NO,,
(visual contract),Visuals,en,all,visual:CORE_ANALYTICAL:VIS-PAYMENT-ANATOMY,D6,NOT_STARTED,,NO,,
(visual contract),Visuals,ar,all,visual:CORE_ANALYTICAL:VIS-PAYMENT-ANATOMY,D6,NOT_STARTED,,NO,,
(visual contract),Visuals,en,all,visual:CORE_ANALYTICAL:VIS-POS-TERMINALS,D6,NOT_STARTED,,NO,,
(visual contract),Visuals,ar,all,visual:CORE_ANALYTICAL:VIS-POS-TERMINALS,D6,NOT_STARTED,,NO,,
(visual contract),Visuals,en,all,visual:CORE_ANALYTICAL:VIS-POS-TRANSACTIONS,D6,NOT_STARTED,,NO,,
(visual contract),Visuals,ar,all,visual:CORE_ANALYTICAL:VIS-POS-TRANSACTIONS,D6,NOT_STARTED,,NO,,
(visual contract),Visuals,en,all,visual:CORE_ANALYTICAL:VIS-POS-VALUE,D6,NOT_STARTED,,NO,,
(visual contract),Visuals,ar,all,visual:CORE_ANALYTICAL:VIS-POS-VALUE,D6,NOT_STARTED,,NO,,
(visual contract),Visuals,en,all,visual:CORE_ANALYTICAL:VIS-REMITTANCE-COST,D6,NOT_STARTED,,NO,,
(visual contract),Visuals,ar,all,visual:CORE_ANALYTICAL:VIS-REMITTANCE-COST,D6,NOT_STARTED,,NO,,
(visual contract),Visuals,en,all,visual:CORE_ANALYTICAL:VIS-REMITTANCE-MACRO,D6,NOT_STARTED,,NO,,
(visual contract),Visuals,ar,all,visual:CORE_ANALYTICAL:VIS-REMITTANCE-MACRO,D6,NOT_STARTED,,NO,,
(visual contract),Visuals,en,all,visual:RETIRE_FROM_DESIGN:VIS-CAPITAL-CONTEXT,D6,NOT_STARTED,,NO,,
(visual contract),Visuals,ar,all,visual:RETIRE_FROM_DESIGN:VIS-CAPITAL-CONTEXT,D6,NOT_STARTED,,NO,,
(visual contract),Visuals,en,all,visual:SIGNATURE:RV-CWR-001,D6,NOT_STARTED,,NO,,
(visual contract),Visuals,ar,all,visual:SIGNATURE:RV-CWR-001,D6,NOT_STARTED,,NO,,
(visual contract),Visuals,en,all,visual:SIGNATURE:RV-CWR-009,D6,NOT_STARTED,,NO,,
(visual contract),Visuals,ar,all,visual:SIGNATURE:RV-CWR-009,D6,NOT_STARTED,,NO,,
(visual contract),Visuals,en,all,visual:SIGNATURE:VIS-PROVIDER-OBSERVABILITY,D6,NOT_STARTED,,NO,,
(visual contract),Visuals,ar,all,visual:SIGNATURE:VIS-PROVIDER-OBSERVABILITY,D6,NOT_STARTED,,NO,,
(visual contract),Visuals,en,all,visual:SUPPORTING:RV-CWR-002,D6,NOT_STARTED,,NO,,
(visual contract),Visuals,ar,all,visual:SUPPORTING:RV-CWR-002,D6,NOT_STARTED,,NO,,
(visual contract),Visuals,en,all,visual:SUPPORTING:RV-CWR-003,D6,NOT_STARTED,,NO,,
(visual contract),Visuals,ar,all,visual:SUPPORTING:RV-CWR-003,D6,NOT_STARTED,,NO,,
(visual contract),Visuals,en,all,visual:SUPPORTING:RV-CWR-005,D6,NOT_STARTED,,NO,,
(visual contract),Visuals,ar,all,visual:SUPPORTING:RV-CWR-005,D6,NOT_STARTED,,NO,,
(visual contract),Visuals,en,all,visual:SUPPORTING:RV-CWR-006,D6,NOT_STARTED,,NO,,
(visual contract),Visuals,ar,all,visual:SUPPORTING:RV-CWR-006,D6,NOT_STARTED,,NO,,
(visual contract),Visuals,en,all,visual:SUPPORTING:RV-CWR-007,D6,NOT_STARTED,,NO,,
(visual contract),Visuals,ar,all,visual:SUPPORTING:RV-CWR-007,D6,NOT_STARTED,,NO,,
(visual contract),Visuals,en,all,visual:SUPPORTING:RV-CWR-008,D6,NOT_STARTED,,NO,,
(visual contract),Visuals,ar,all,visual:SUPPORTING:RV-CWR-008,D6,NOT_STARTED,,NO,,
(visual contract),Visuals,en,all,visual:SUPPORTING:RV-CWR-010,D6,NOT_STARTED,,NO,,
(visual contract),Visuals,ar,all,visual:SUPPORTING:RV-CWR-010,D6,NOT_STARTED,,NO,,
(visual contract),Visuals,en,all,visual:SUPPORTING:VIS-E-MONEY-RULE-STACK,D6,NOT_STARTED,,NO,,
(visual contract),Visuals,ar,all,visual:SUPPORTING:VIS-E-MONEY-RULE-STACK,D6,NOT_STARTED,,NO,,
(visual contract),Visuals,en,all,visual:SUPPORTING:VIS-EVIDENCE-CLASS-LADDER,D6,NOT_STARTED,,NO,,
(visual contract),Visuals,ar,all,visual:SUPPORTING:VIS-EVIDENCE-CLASS-LADDER,D6,NOT_STARTED,,NO,,
(visual contract),Visuals,en,all,visual:SUPPORTING:VIS-FCP-REDRESS-PATH,D6,NOT_STARTED,,NO,,
(visual contract),Visuals,ar,all,visual:SUPPORTING:VIS-FCP-REDRESS-PATH,D6,NOT_STARTED,,NO,,
(visual contract),Visuals,en,all,visual:SUPPORTING:VIS-FL-EVIDENCE-LADDER,D6,NOT_STARTED,,NO,,
(visual contract),Visuals,ar,all,visual:SUPPORTING:VIS-FL-EVIDENCE-LADDER,D6,NOT_STARTED,,NO,,
(visual contract),Visuals,en,all,visual:SUPPORTING:VIS-PAYMENT-RAILS,D6,NOT_STARTED,,NO,,
(visual contract),Visuals,ar,all,visual:SUPPORTING:VIS-PAYMENT-RAILS,D6,NOT_STARTED,,NO,,
(visual contract),Visuals,en,all,visual:TABLE_TEXT_FIRST:VIS-ACCESS-EVIDENCE-LAYER,D6,NOT_STARTED,,NO,,
(visual contract),Visuals,ar,all,visual:TABLE_TEXT_FIRST:VIS-ACCESS-EVIDENCE-LAYER,D6,NOT_STARTED,,NO,,
(visual contract),Visuals,en,all,visual:TABLE_TEXT_FIRST:VIS-EVIDENCE-FRESHNESS,D6,NOT_STARTED,,NO,,
(visual contract),Visuals,ar,all,visual:TABLE_TEXT_FIRST:VIS-EVIDENCE-FRESHNESS,D6,NOT_STARTED,,NO,,
(visual contract),Visuals,en,all,visual:TABLE_TEXT_FIRST:VIS-EVIDENCE-GAPS,D6,NOT_STARTED,,NO,,
(visual contract),Visuals,ar,all,visual:TABLE_TEXT_FIRST:VIS-EVIDENCE-GAPS,D6,NOT_STARTED,,NO,,
(visual contract),Visuals,en,all,visual:TABLE_TEXT_FIRST:VIS-FIRM-FINANCE-PATH,D6,NOT_STARTED,,NO,,
(visual contract),Visuals,ar,all,visual:TABLE_TEXT_FIRST:VIS-FIRM-FINANCE-PATH,D6,NOT_STARTED,,NO,,
(visual contract),Visuals,en,all,visual:TABLE_TEXT_FIRST:VIS-FIRM-FINANCE-SEVERITY,D6,NOT_STARTED,,NO,,
(visual contract),Visuals,ar,all,visual:TABLE_TEXT_FIRST:VIS-FIRM-FINANCE-SEVERITY,D6,NOT_STARTED,,NO,,
(visual contract),Visuals,en,all,visual:TABLE_TEXT_FIRST:VIS-INCLUSION-TRANSMISSION,D6,NOT_STARTED,,NO,,
(visual contract),Visuals,ar,all,visual:TABLE_TEXT_FIRST:VIS-INCLUSION-TRANSMISSION,D6,NOT_STARTED,,NO,,
(visual contract),Visuals,en,all,visual:TABLE_TEXT_FIRST:VIS-MECHANISM-METRIC-BRIDGE,D6,NOT_STARTED,,NO,,
(visual contract),Visuals,ar,all,visual:TABLE_TEXT_FIRST:VIS-MECHANISM-METRIC-BRIDGE,D6,NOT_STARTED,,NO,,
(visual contract),Visuals,en,all,visual:TABLE_TEXT_FIRST:VIS-MFI-DIVERGENCE,D6,NOT_STARTED,,NO,,
(visual contract),Visuals,ar,all,visual:TABLE_TEXT_FIRST:VIS-MFI-DIVERGENCE,D6,NOT_STARTED,,NO,,
(visual contract),Visuals,en,all,visual:TABLE_TEXT_FIRST:VIS-OECD-FCP-TIMELINE,D6,NOT_STARTED,,NO,,
(visual contract),Visuals,ar,all,visual:TABLE_TEXT_FIRST:VIS-OECD-FCP-TIMELINE,D6,NOT_STARTED,,NO,,
(visual contract),Visuals,en,all,visual:TABLE_TEXT_FIRST:VIS-SOURCE-COMPARISON,D6,NOT_STARTED,,NO,,
(visual contract),Visuals,ar,all,visual:TABLE_TEXT_FIRST:VIS-SOURCE-COMPARISON,D6,NOT_STARTED,,NO,,
(visual contract),Visuals,en,all,visual:TABLE_TEXT_FIRST:VIS-TARGET-RESULT-STATE,D6,NOT_STARTED,,NO,,
(visual contract),Visuals,ar,all,visual:TABLE_TEXT_FIRST:VIS-TARGET-RESULT-STATE,D6,NOT_STARTED,,NO,,
/en/evidence/compare/?records=CLM-001,Technical,en,all,technical:compare_wrong_count,D5,NOT_STARTED,,NO,,Announced technical input error; no verdict is drawn
/ar/evidence/compare/?records=CLM-001,Technical,ar,all,technical:compare_wrong_count,D5,NOT_STARTED,,NO,,Announced technical input error; no verdict is drawn
"/en/evidence/compare/?records=CLM-001,NOT-A-RECORD",Technical,en,all,technical:compare_unknown_id,D5,NOT_STARTED,,NO,,Technical input error naming the unknown reference
"/ar/evidence/compare/?records=CLM-001,NOT-A-RECORD",Technical,ar,all,technical:compare_unknown_id,D5,NOT_STARTED,,NO,,Technical input error naming the unknown reference
"/en/evidence/compare/?records=CLM-001,CLM-003",Technical,en,all,technical:compare_not_comparable_record,D5,NOT_STARTED,,NO,,"A real record outside the comparable set: announced as not available for comparison here (a link error, not a finding)"
"/ar/evidence/compare/?records=CLM-001,CLM-003",Technical,ar,all,technical:compare_not_comparable_record,D5,NOT_STARTED,,NO,,"A real record outside the comparable set: announced as not available for comparison here (a link error, not a finding)"
"/en/evidence/compare/?records=,,",Technical,en,all,technical:compare_malformed,D5,NOT_STARTED,,NO,,Technical input error
"/ar/evidence/compare/?records=,,",Technical,ar,all,technical:compare_malformed,D5,NOT_STARTED,,NO,,Technical input error
"/en/evidence/compare/?records=CLM-001,CLM-001",Technical,en,all,technical:compare_duplicate,D5,NOT_STARTED,,NO,,"A visible 'same record' state, never a comparison"
"/ar/evidence/compare/?records=CLM-001,CLM-001",Technical,ar,all,technical:compare_duplicate,D5,NOT_STARTED,,NO,,"A visible 'same record' state, never a comparison"
/en/ then Search for a string with no match,Technical,en,all,technical:search_no_match,D5,NOT_STARTED,,NO,,Says that no match is not absence of evidence
/ar/ then Search for a string with no match,Technical,ar,all,technical:search_no_match,D5,NOT_STARTED,,NO,,Says that no match is not absence of evidence
/en/ with /static-data/search_index.json unreachable,Technical,en,all,technical:search_index_unavailable,D5,NOT_STARTED,,NO,,"Technical-unavailable state, announced; navigation still works"
/ar/ with /static-data/search_index.json unreachable,Technical,ar,all,technical:search_index_unavailable,D5,NOT_STARTED,,NO,,"Technical-unavailable state, announced; navigation still works"
/en/data/?source=SRC-NOT-A-SOURCE#source-SRC-NOT-A-SOURCE,Technical,en,all,technical:source_link_unknown,D5,NOT_STARTED,,NO,,Announced link error; every source stays visible
/ar/data/?source=SRC-NOT-A-SOURCE#source-SRC-NOT-A-SOURCE,Technical,ar,all,technical:source_link_unknown,D5,NOT_STARTED,,NO,,Announced link error; every source stays visible
/en/data/ then filter with a string with no match,Technical,en,all,technical:source_filter_no_match,D5,NOT_STARTED,,NO,,Says that no match is not absence of evidence
/ar/data/ then filter with a string with no match,Technical,ar,all,technical:source_filter_no_match,D5,NOT_STARTED,,NO,,Says that no match is not absence of evidence
/en/contact/?record=CLM-999,Technical,en,all,technical:record_context_unknown,D5,NOT_STARTED,,NO,,Technical link error; the report path still works
/ar/contact/?record=CLM-999,Technical,ar,all,technical:record_context_unknown,D5,NOT_STARTED,,NO,,Technical link error; the report path still works
/en/corrections/?record=%3Cx%3E,Technical,en,all,technical:record_context_malformed,D5,NOT_STARTED,,NO,,Technical link error
/ar/corrections/?record=%3Cx%3E,Technical,ar,all,technical:record_context_malformed,D5,NOT_STARTED,,NO,,Technical link error
/en/contact/?record=CLM-001,Technical,en,all,technical:record_context_valid,D5,NOT_STARTED,,NO,,The originating record is carried into the report action
/ar/contact/?record=CLM-001,Technical,ar,all,technical:record_context_valid,D5,NOT_STARTED,,NO,,The originating record is carried into the report action
"/404.html (a static host serves it for any unknown path; python3 -m http.server does not, so open it directly)",Technical,en,all,technical:not_found,D5,NOT_STARTED,,NO,,"Bilingual 404 (Arabic first), noindex, with routes back into the evidence"
"/404.html (a static host serves it for any unknown path; python3 -m http.server does not, so open it directly)",Technical,ar,all,technical:not_found,D5,NOT_STARTED,,NO,,"Bilingual 404 (Arabic first), noindex, with routes back into the evidence"
any page with JavaScript disabled,Technical,en,all,technical:no_javascript,D5,NOT_STARTED,,NO,,Governed noscript note; every page's evidence stays readable
any page with JavaScript disabled,Technical,ar,all,technical:no_javascript,D5,NOT_STARTED,,NO,,Governed noscript note; every page's evidence stays readable
"/en/evidence/compare/?records=CLM-001,CLM-010 → switch language",Technical,en,all,technical:language_switch_state,D5,NOT_STARTED,,NO,,"Same route, query and hash in the other edition; the comparison is kept"
"/ar/evidence/compare/?records=CLM-001,CLM-010 → switch language",Technical,ar,all,technical:language_switch_state,D5,NOT_STARTED,,NO,,"Same route, query and hash in the other edition; the comparison is kept"
(journey),Journey,en,mobile,journey:J01_FIRST_TIME_PUBLIC,D5,NOT_STARTED,,NO,,"keyboard, both languages"
(journey),Journey,en,desktop,journey:J01_FIRST_TIME_PUBLIC,D5,NOT_STARTED,,NO,,"keyboard, both languages"
(journey),Journey,ar,mobile,journey:J01_FIRST_TIME_PUBLIC,D5,NOT_STARTED,,NO,,"keyboard, both languages"
(journey),Journey,ar,desktop,journey:J01_FIRST_TIME_PUBLIC,D5,NOT_STARTED,,NO,,"keyboard, both languages"
(journey),Journey,en,mobile,journey:J02_JOURNALIST_NUMBER_VERIFY,D5,NOT_STARTED,,NO,,"keyboard, both languages"
(journey),Journey,en,desktop,journey:J02_JOURNALIST_NUMBER_VERIFY,D5,NOT_STARTED,,NO,,"keyboard, both languages"
(journey),Journey,ar,mobile,journey:J02_JOURNALIST_NUMBER_VERIFY,D5,NOT_STARTED,,NO,,"keyboard, both languages"
(journey),Journey,ar,desktop,journey:J02_JOURNALIST_NUMBER_VERIFY,D5,NOT_STARTED,,NO,,"keyboard, both languages"
(journey),Journey,en,mobile,journey:J03_JOURNALIST_READING_TO_EVIDENCE,D5,NOT_STARTED,,NO,,"keyboard, both languages"
(journey),Journey,en,desktop,journey:J03_JOURNALIST_READING_TO_EVIDENCE,D5,NOT_STARTED,,NO,,"keyboard, both languages"
(journey),Journey,ar,mobile,journey:J03_JOURNALIST_READING_TO_EVIDENCE,D5,NOT_STARTED,,NO,,"keyboard, both languages"
(journey),Journey,ar,desktop,journey:J03_JOURNALIST_READING_TO_EVIDENCE,D5,NOT_STARTED,,NO,,"keyboard, both languages"
(journey),Journey,en,mobile,journey:J04_RESEARCHER_COMPARABILITY,D5,NOT_STARTED,,NO,,"keyboard, both languages"
(journey),Journey,en,desktop,journey:J04_RESEARCHER_COMPARABILITY,D5,NOT_STARTED,,NO,,"keyboard, both languages"
(journey),Journey,ar,mobile,journey:J04_RESEARCHER_COMPARABILITY,D5,NOT_STARTED,,NO,,"keyboard, both languages"
(journey),Journey,ar,desktop,journey:J04_RESEARCHER_COMPARABILITY,D5,NOT_STARTED,,NO,,"keyboard, both languages"
(journey),Journey,en,mobile,journey:J05_REGULATOR_REFORM_CHAIN,D5,NOT_STARTED,,NO,,"keyboard, both languages"
(journey),Journey,en,desktop,journey:J05_REGULATOR_REFORM_CHAIN,D5,NOT_STARTED,,NO,,"keyboard, both languages"
(journey),Journey,ar,mobile,journey:J05_REGULATOR_REFORM_CHAIN,D5,NOT_STARTED,,NO,,"keyboard, both languages"
(journey),Journey,ar,desktop,journey:J05_REGULATOR_REFORM_CHAIN,D5,NOT_STARTED,,NO,,"keyboard, both languages"
(journey),Journey,en,mobile,journey:J06_TECHNICAL_PAYMENTS,D5,NOT_STARTED,,NO,,"keyboard, both languages"
(journey),Journey,en,desktop,journey:J06_TECHNICAL_PAYMENTS,D5,NOT_STARTED,,NO,,"keyboard, both languages"
(journey),Journey,ar,mobile,journey:J06_TECHNICAL_PAYMENTS,D5,NOT_STARTED,,NO,,"keyboard, both languages"
(journey),Journey,ar,desktop,journey:J06_TECHNICAL_PAYMENTS,D5,NOT_STARTED,,NO,,"keyboard, both languages"
(journey),Journey,en,mobile,journey:J07_PROVIDER_MARKET_SIGNAL,D5,NOT_STARTED,,NO,,"keyboard, both languages"
(journey),Journey,en,desktop,journey:J07_PROVIDER_MARKET_SIGNAL,D5,NOT_STARTED,,NO,,"keyboard, both languages"
(journey),Journey,ar,mobile,journey:J07_PROVIDER_MARKET_SIGNAL,D5,NOT_STARTED,,NO,,"keyboard, both languages"
(journey),Journey,ar,desktop,journey:J07_PROVIDER_MARKET_SIGNAL,D5,NOT_STARTED,,NO,,"keyboard, both languages"
(journey),Journey,en,mobile,journey:J08_DEVELOPMENT_PARTNER,D5,NOT_STARTED,,NO,,"keyboard, both languages"
(journey),Journey,en,desktop,journey:J08_DEVELOPMENT_PARTNER,D5,NOT_STARTED,,NO,,"keyboard, both languages"
(journey),Journey,ar,mobile,journey:J08_DEVELOPMENT_PARTNER,D5,NOT_STARTED,,NO,,"keyboard, both languages"
(journey),Journey,ar,desktop,journey:J08_DEVELOPMENT_PARTNER,D5,NOT_STARTED,,NO,,"keyboard, both languages"
(journey),Journey,en,mobile,journey:J09_HUMANITARIAN_FLOWS,D5,NOT_STARTED,,NO,,"keyboard, both languages"
(journey),Journey,en,desktop,journey:J09_HUMANITARIAN_FLOWS,D5,NOT_STARTED,,NO,,"keyboard, both languages"
(journey),Journey,ar,mobile,journey:J09_HUMANITARIAN_FLOWS,D5,NOT_STARTED,,NO,,"keyboard, both languages"
(journey),Journey,ar,desktop,journey:J09_HUMANITARIAN_FLOWS,D5,NOT_STARTED,,NO,,"keyboard, both languages"
(journey),Journey,en,mobile,journey:J10_CHALLENGE_CORRECTION,D5,NOT_STARTED,,NO,,"keyboard, both languages"
(journey),Journey,en,desktop,journey:J10_CHALLENGE_CORRECTION,D5,NOT_STARTED,,NO,,"keyboard, both languages"
(journey),Journey,ar,mobile,journey:J10_CHALLENGE_CORRECTION,D5,NOT_STARTED,,NO,,"keyboard, both languages"
(journey),Journey,ar,desktop,journey:J10_CHALLENGE_CORRECTION,D5,NOT_STARTED,,NO,,"keyboard, both languages"
(journey),Journey,en,mobile,journey:J11_REUSE_RIGHTS,D5,NOT_STARTED,,NO,,"keyboard, both languages"
(journey),Journey,en,desktop,journey:J11_REUSE_RIGHTS,D5,NOT_STARTED,,NO,,"keyboard, both languages"
(journey),Journey,ar,mobile,journey:J11_REUSE_RIGHTS,D5,NOT_STARTED,,NO,,"keyboard, both languages"
(journey),Journey,ar,desktop,journey:J11_REUSE_RIGHTS,D5,NOT_STARTED,,NO,,"keyboard, both languages"
(journey),Journey,en,mobile,journey:J12_ACCESSIBILITY_REPORT,D5,NOT_STARTED,,NO,,"keyboard, both languages"
(journey),Journey,en,desktop,journey:J12_ACCESSIBILITY_REPORT,D5,NOT_STARTED,,NO,,"keyboard, both languages"
(journey),Journey,ar,mobile,journey:J12_ACCESSIBILITY_REPORT,D5,NOT_STARTED,,NO,,"keyboard, both languages"
(journey),Journey,ar,desktop,journey:J12_ACCESSIBILITY_REPORT,D5,NOT_STARTED,,NO,,"keyboard, both languages"
(journey),Journey,en,mobile,journey:J13_PAYMENT_RAIL_EXPLAINER,D5,NOT_STARTED,,NO,,"keyboard, both languages"
(journey),Journey,en,desktop,journey:J13_PAYMENT_RAIL_EXPLAINER,D5,NOT_STARTED,,NO,,"keyboard, both languages"
(journey),Journey,ar,mobile,journey:J13_PAYMENT_RAIL_EXPLAINER,D5,NOT_STARTED,,NO,,"keyboard, both languages"
(journey),Journey,ar,desktop,journey:J13_PAYMENT_RAIL_EXPLAINER,D5,NOT_STARTED,,NO,,"keyboard, both languages"
